"ticket_id","text","category"
1,"I cannot log in after resetting my password.","ACCOUNT_ACCESS"
2,"My account is locked and I need access urgently.","ACCOUNT_ACCESS"
3,"The password reset email never arrives in my inbox.","ACCOUNT_ACCESS"
4,"I changed my email address and now I cannot access my account.","ACCOUNT_ACCESS"
5,"My card was charged twice for this month.","BILLING_PAYMENT"
6,"Please send an invoice for my latest subscription payment.","BILLING_PAYMENT"
7,"My payment was successful but my subscription is still inactive.","BILLING_PAYMENT"
8,"I want a refund because I was billed after cancelling.","BILLING_PAYMENT"
9,"The dashboard becomes blank when I upload a PDF.","TECHNICAL_ISSUE"
10,"The application crashes when I click export.","TECHNICAL_ISSUE"
11,"File uploads stay stuck at zero percent.","TECHNICAL_ISSUE"
12,"The page shows an unexpected server error when I save my profile.","TECHNICAL_ISSUE"
13,"Please add dark mode to the dashboard.","FEATURE_REQUEST"
14,"Could you add an option to export reports as Excel?","FEATURE_REQUEST"
15,"It would be useful to receive weekly activity reports by email.","FEATURE_REQUEST"
16,"Please add two-factor authentication for account security.","FEATURE_REQUEST"
17,"How do I invite another member to my workspace?","HOW_TO_SUPPORT"
18,"Where can I change my notification settings?","HOW_TO_SUPPORT"
19,"How can I update the profile picture for my account?","HOW_TO_SUPPORT"
20,"Can you explain how to download a report?","HOW_TO_SUPPORT"
21,"I have a question about your service.","OTHER"
22,"Can someone contact me about an issue?","OTHER"
23,"I would like more information before I create an account.","OTHER"
24,"I need help but I am not sure which option applies.","OTHER"
25,"Hey, Just started using the product, need to know how to transfer ownership of a workspace","HOW_TO_SUPPORT"
26,"Good afternoon, Can you recommend which team I should contact for my request? Please respond soon.","OTHER"
27,"Tehre is a mistake in my latest invoice, the total does not match the plan price. Thanks a lot.","BILLING_PAYMENT"
28,"Hi team, Is it possible to set up my workspace for the first time? I cannot find where.","HOW_TO_SUPPORT"
29,"Hey, Please forward this message to sales.","OTHER"
30,"Is there a guide that shows how to make a teammate an admin?","HOW_TO_SUPPORT"
31,"My username is not recognized on the login page. Thanks a lot.","ACCOUNT_ACCESS"
32,"Hi team, I changed my phone number and now I cannot get the login code. Let me know what to do.","ACCOUNT_ACCESS"
33,"Hi team, My card was charged twice last month.","BILLING_PAYMENT"
34,"It would be nice to have IP allow listing.","FEATURE_REQUEST"
35,"It would be great to have a calendar view in the search page. Any help would be appreciated.","FEATURE_REQUEST"
36,"How do I delete a workspace? Please help.","HOW_TO_SUPPORT"
37,"Hi there, Charts on the team page do not load.","TECHNICAL_ISSUE"
38,"Hi there, Where can I find the display name?","HOW_TO_SUPPORT"
39,"Could someone give me an overivew of what your company does?","OTHER"
40,"Greetings, Uploading a JPEG photo gets stuck at 50 percent and never finishes","TECHNICAL_ISSUE"
41,"My credit card was declined but my bank says there is no problem. Please advise.","BILLING_PAYMENT"
42,"Do you have a tutorial on how to create a template?","HOW_TO_SUPPORT"
43,"Uploading a spreadsheet gets stuck at 100 percent and never finishes.","TECHNICAL_ISSUE"
44,"Good morning, I got charged in the wrong currency for my Pro plan.","BILLING_PAYMENT"
45,"Dear support team, How did your company start? I am curious.","OTHER"
46,"There is a bug where the settings page shows duplicate entries after I delete.","TECHNICAL_ISSUE"
47,"I cannot access my inbox because it says I do not have permission.","ACCOUNT_ACCESS"
48,"There is a bug where the project board shows duplicate enrties after I upload","TECHNICAL_ISSUE"
49,"What are your business hours? Any help would be appreciated.","OTHER"
50,"It would be great to have bulk actions in the notifications panel.","FEATURE_REQUEST"
51,"I paid for the Starter plan but my account still shows the free tier. Regards.","BILLING_PAYMENT"
52,"The sync between my devices has stopped working. Please respond soon","TECHNICAL_ISSUE"
53,"Dear support team, I get a timeout error when I try to upload on the reports page. Any help would be appreciated.","TECHNICAL_ISSUE"
54,"My account is deactivated and I canont reach my data.","ACCOUNT_ACCESS"
55,"Greetings, The login page keeps redirecting me back to the sign in screen. Please advise.","ACCOUNT_ACCESS"
56,"My team would love to have a calendar view. Is it on the roadmap?","FEATURE_REQUEST"
57,"I never received the security code, I already checked my spam folder. Let me know what to do.","ACCOUNT_ACCESS"
58,"I cannot access my admin console because it says I do not have permission.","ACCOUNT_ACCESS"
59,"Good morning, I cannot acecss my task list because it says I do not have permission.","ACCOUNT_ACCESS"
60,"hi there, i was charged $49 for my annual plan but i expected a different amount.","BILLING_PAYMENT"
61,"The billing page becomes blank when I upload a PNG image.","TECHNICAL_ISSUE"
62,"My payment was successful but my subscription is still inactive. Thank you.","BILLING_PAYMENT"
63,"Good afternoon, Please add a Slack integration, our whole team uses it.","FEATURE_REQUEST"
64,"Hi there, Please forward this message to customer success.","OTHER"
65,"Please reset my account access, I cannot get past the login screen. Regards","ACCOUNT_ACCESS"
66,"Which menu do I use to use filters on the dashboard?","HOW_TO_SUPPORT"
67,"Hello, is anyone there? Please help.","OTHER"
68,"How can I change my notification settings?","HOW_TO_SUPPORT"
69,"Could you add an option to export invoices as Excel","FEATURE_REQUEST"
70,"Hello support, I was charged $24.99 for my annual plan but I expected a different amount.","BILLING_PAYMENT"
71,"Can you walk me through how to find my activity history?","HOW_TO_SUPPORT"
72,"I downgraded to the Team plan but I was still billed the higher price. Any help would be appreciated.","BILLING_PAYMENT"
73,"Hello support, There is a mistake in my latest invoice, the total does not match the plan price.","BILLING_PAYMENT"
74,"Hi team, I cannot log in on my work computer. Thanks in advance.","ACCOUNT_ACCESS"
75,"Hello, I cannot log in since last night. Regards.","ACCOUNT_ACCESS"
76,"Good morning, I lost my phone and cannot receive the verification code to sign in.","ACCOUNT_ACCESS"
77,"How do I print a report?","HOW_TO_SUPPORT"
78,"I need to talk to someone but I do not know what to select. Thanks in advance.","OTHER"
79,"I am unable to sign in to my account since Monday.","ACCOUNT_ACCESS"
80,"I get a something went wrnog message when I try to share on the search page.","TECHNICAL_ISSUE"
81,"Dear support team, Login fails on Opera with an authentication failed message. Thanks a lot.","ACCOUNT_ACCESS"
82,"What is the easiest way to find my activity history? Thanks.","HOW_TO_SUPPORT"
83,"It would be great to have a kanban view in the search page.","FEATURE_REQUEST"
84,"Please add a Zapier integration, our whloe team uses it. Thanks.","FEATURE_REQUEST"
85,"We really need a mobile widget on the workspace, please consider it. Thanks a lot.","FEATURE_REQUEST"
86,"The admin console shows a timeout error since the latest update.","TECHNICAL_ISSUE"
87,"The loign page keeps redirecting me back to the sign in screen.","ACCOUNT_ACCESS"
88,"Greetings, Is your service available in Brazil? Any help would be appreciated.","OTHER"
89,"I am locked out after too many failed login attempts. Any help would be appreciated.","ACCOUNT_ACCESS"
90,"Good afternoon, Product idea: let us pin important items to the top. Thanks in advance.","FEATURE_REQUEST"
91,"hello support, i have some questions about your company before i proceed.","OTHER"
92,"I would like the optoin to add custom fields to every project in a future release.","FEATURE_REQUEST"
93,"Good afternoon, Are you planning to release offline mode in the future?","FEATURE_REQUEST"
94,"Hi team, The verification step keeps failing when I try to sign in, since last night.","ACCOUNT_ACCESS"
95,"Hi, I thnik I sent this to the wrong place, who is the right contact? Please help.","OTHER"
96,"I cannot log in for two days. Thanks a lot.","ACCOUNT_ACCESS"
97,"the upload button does nothing on the workspace. please respond soon.","TECHNICAL_ISSUE"
98,"Hello, I represent a media outlet and want to reach out to the press team. Please respond soon.","OTHER"
99,"Hello, An option for a favorites list would make the product much better.","FEATURE_REQUEST"
100,"There is a bug where the profile page shows duplicate entries after I print.","TECHNICAL_ISSUE"
101,"good morning, is it possible to restore a deleted file? i cannot find where. regards.","HOW_TO_SUPPORT"
102,"Everything works on my computer but the task list crashes on my iPad.","TECHNICAL_ISSUE"
103,"Could you add an option to export charts as PDF?","FEATURE_REQUEST"
104,"Greetings, Please reset my account access, I cannot get past the login screen.","ACCOUNT_ACCESS"
105,"Do you support customers baesd in Japan?","OTHER"
106,"I would love to see an integration with Asana. Please advise.","FEATURE_REQUEST"
107,"Hello support, Can you walk me thruogh how to archive old projects?","HOW_TO_SUPPORT"
108,"Can someone contact me about an issue? Thanks.","OTHER"
109,"Hi there, Please send an invoice for my latest Business subscription payment.","BILLING_PAYMENT"
110,"Good morning, Please add German language support.","FEATURE_REQUEST"
111,"Can someone explain how to use the billing page? Please help.","HOW_TO_SUPPORT"
112,"My card was charged twice this month","BILLING_PAYMENT"
113,"please show me how to set up my workspace for the first time.","HOW_TO_SUPPORT"
114,"I would like a refund for the $24.99 charge this week.","BILLING_PAYMENT"
115,"Can you explain how to share a dashboard with a client?","HOW_TO_SUPPORT"
116,"Hi team, It would be helpful if the notifications panel supported keyboard shortcuts.","FEATURE_REQUEST"
117,"The sync between my devices has stopped working. Regards.","TECHNICAL_ISSUE"
118,"Everything on the team page is loading extremely slowly for a week.","TECHNICAL_ISSUE"
119,"I got charged in the wrong currency for my Enterprise plan. Please advise.","BILLING_PAYMENT"
120,"Good morning, Please let us export tables to Word.","FEATURE_REQUEST"
121,"Hi, It would improve my workflow if I could schedule reports in advance.","FEATURE_REQUEST"
122,"Dear support team, It would be great to have drag and drop in the dashboard.","FEATURE_REQUEST"
123,"I would like instructions on how to assign a task to a colleague.","HOW_TO_SUPPORT"
124,"I was charged $29 for a plan I never upgraded to.","BILLING_PAYMENT"
125,"Feature request: custom themes.","FEATURE_REQUEST"
126,"Hello support, I am trying to make a teammate an admin but I cannot find the option. Where is it?","HOW_TO_SUPPORT"
127,"just started using the product, need to know how to change my time zone. thanks a lot.","HOW_TO_SUPPORT"
128,"Hello team, The reports page shows a something went wrong message for the past few days.","TECHNICAL_ISSUE"
129,"Greetings, My team would love to have templates. Is it on the roadmap? Please advise.","FEATURE_REQUEST"
130,"I am getting a 502 bad gateway whenever I open the inbox","TECHNICAL_ISSUE"
131,"Greetings, I saw your ad and want to learn more.","OTHER"
132,"i forgot the email i used to register and cannot get into my account. thanks in advance.","ACCOUNT_ACCESS"
133,"Please send daily usage summaries to my inbox automatically, it would help a lot. Please help.","FEATURE_REQUEST"
134,"Hello, I am getting a server error whenever I open the admin console.","TECHNICAL_ISSUE"
135,"Hi team, It would be nice to have login alerts by email. Let me know what to do.","FEATURE_REQUEST"
136,"Hi there, Can I know more about your service before deciding?","OTHER"
137,"Where can I change my time zone settings? Any help would be appreciated.","HOW_TO_SUPPORT"
138,"Greetings, My payment keeps failing at checkout even though my card is valid.","BILLING_PAYMENT"
139,"suggestion: allow users to attach several files at once.","FEATURE_REQUEST"
140,"I would like to get in touch with a product specialist.","OTHER"
141,"Can you send me an invoice for the GBP 45 payment?","BILLING_PAYMENT"
142,"Any documentation on how to download a report? Thanks a lot.","HOW_TO_SUPPORT"
143,"Hello team, My invitation link to join the team does not let me sign in.","ACCOUNT_ACCESS"
144,"Can you explain how to duplicate a project? Please respond soon.","HOW_TO_SUPPORT"
145,"Dear support team, Any documentation on how to link my account to Slack?","HOW_TO_SUPPORT"
146,"Hi, The app crashes every time I try to download. Please advise.","TECHNICAL_ISSUE"
147,"Good afternoon, I cannot access my reports page because it says I do not have permission.","ACCOUNT_ACCESS"
148,"Hey, Thanks for the great support last week! Regards.","OTHER"
149,"My colleague left the company and I need access to the admin account. Thanks a lot.","ACCOUNT_ACCESS"
150,"Good morning, I see a spinning loader that never finishes on the inbox. Thanks a lot.","TECHNICAL_ISSUE"
151,"Hello team, I want to report something that does not fit any category. Let me know what to do.","OTHER"
152,"Which page lets me manage my email preferences?","HOW_TO_SUPPORT"
153,"Hey, There is a bug where the task list shows duplicate entries after I delete.","TECHNICAL_ISSUE"
154,"It would be nice to have authenticator app support.","FEATURE_REQUEST"
155,"Hi team, I have a general inquiry that does not fit any of the topics.","OTHER"
156,"Please add dark mode to the analytics page.","FEATURE_REQUEST"
157,"Good morning, How did your company start? I am curious.","OTHER"
158,"My acconut is disabled and I need to get in right now","ACCOUNT_ACCESS"
159,"It would improve my workflow if I could set reminders on tasks. Please help.","FEATURE_REQUEST"
160,"Text is cut off and overlapping on the reports page on my Android phone. Thanks in advance.","TECHNICAL_ISSUE"
161,"Dear support team, I have a general inquiry that does not fit any of the topics.","OTHER"
162,"I am not able to log in from my Windows latpop but it works on my computer.","ACCOUNT_ACCESS"
163,"good afternoon, the reset link does nothing when i click it.","ACCOUNT_ACCESS"
164,"It would be great to have custom themes in the calendar. Thank you.","FEATURE_REQUEST"
165,"Text is cut off and overlapping on the team page on my work computer.","TECHNICAL_ISSUE"
166,"Hello, My account is blocked and I cannot reach my data.","ACCOUNT_ACCESS"
167,"Search returns no results even for items that I know exist. Please advise.","TECHNICAL_ISSUE"
168,"Hey, I see a spinning loader that never finishes on the reports page.","TECHNICAL_ISSUE"
169,"I see a spininng loader that never finishes on the settings page.","TECHNICAL_ISSUE"
170,"Feature request: the ability to sort the list by multiple columns.","FEATURE_REQUEST"
171,"Not sure how to change the language of the interface, can you point me to the right help article? Thanks.","HOW_TO_SUPPORT"
172,"Hello, Which page lets me manage my default dashboard? Thanks.","HOW_TO_SUPPORT"
173,"hi, there is a mistake in my latest invoice, the total does not match the plan price. thank you.","BILLING_PAYMENT"
174,"Hello, There is an unknown charge of $59.99 from your company on my bank statement.","BILLING_PAYMENT"
175,"hi, i cannot access my mobile app because it says i do not have permission.","ACCOUNT_ACCESS"
176,"a pop up with a error 404 appears every time i try to save.","TECHNICAL_ISSUE"
177,"How do I use the admin console to create a new project?","HOW_TO_SUPPORT"
178,"Hello, Is your service available in Nigeria? Thanks a lot.","OTHER"
179,"Hello support, I need to talk to someone but I do not know what to select. Please respond soon.","OTHER"
180,"Greetings, The confirmation email takes forever to arrive and then it has expired.","ACCOUNT_ACCESS"
181,"Hey, Can someone contact me about an issue?","OTHER"
182,"I am getting a generic error message whenever I open the profile page.","TECHNICAL_ISSUE"
183,"Greetings, I paid for the annual plan but my account still shows the free tier.","BILLING_PAYMENT"
184,"My account is disabled and I need to get in right now. Regards.","ACCOUNT_ACCESS"
185,"Where can I change my email preferences?","HOW_TO_SUPPORT"
186,"Please add Hindi language support. Regards.","FEATURE_REQUEST"
187,"Hello support, The page shows an unexpected timeout error when I save my profile.","TECHNICAL_ISSUE"
188,"Please add IP allow listing for account security. Thanks in advance","FEATURE_REQUEST"
189,"dear support team, the autosave is broken and my work was lost for two days. please advise.","TECHNICAL_ISSUE"
190,"Hi there, Could you tell me how to update my profile picture? Please advise","HOW_TO_SUPPORT"
191,"Greetings, I would like to speak with a sales representative about enterprise options.","OTHER"
192,"Charts on the admin console do not load.","TECHNICAL_ISSUE"
193,"Greetings, The task list shows a something went wrong message for two days.","TECHNICAL_ISSUE"
194,"Good morning, I am trying to set up a recurring report but I cannot find the option. Where is it?","HOW_TO_SUPPORT"
195,"Good morning, I think I sent this to the wrong place, who is the rgiht contact?","OTHER"
196,"Good afternoon, Is your service available in South Africa?","OTHER"
197,"Greetings, My credit card was declined but my bank says there is no problem. Thanks in advance.","BILLING_PAYMENT"
198,"I downgraded to the Starter plan but I was still billed the higher price.","BILLING_PAYMENT"
199,"Please forward this message to the careers team. Thanks a lot.","OTHER"
200,"Hello, Please forward this message to your security team. Any help would be appreciated.","OTHER"
201,"Hey, My renewal payment failed and now my subscription shows as past due.","BILLING_PAYMENT"
202,"I was charged GBP 45 for a plan I never upgraded to.","BILLING_PAYMENT"
203,"Text is cut off and overalpping on the analytics page on my Linux machine.","TECHNICAL_ISSUE"
204,"Hello team, Is your service available in Brazil?","OTHER"
205,"Good morning, I want a refund because I was billed after cancelling.","BILLING_PAYMENT"
206,"Good morning, I would like to know who I should contact regarding a collaboration. Please help.","OTHER"
207,"I got a new phone and my authenticator app no longer works, so I cannot log in. Thank you.","ACCOUNT_ACCESS"
208,"Hey, I want to leave geenral feedback about my experience","OTHER"
209,"Hey, I was charged GBP 45 this week but I expected a different amount.","BILLING_PAYMENT"
210,"I would like a rfeund for the $49 charge this month.","BILLING_PAYMENT"
211,"The calendar becomes blank when I upload a CSV file.","TECHNICAL_ISSUE"
212,"Hello team, It would be great to have custom themes in the reports page","FEATURE_REQUEST"
213,"Please forward this message to the right department. Thanks a lot","OTHER"
214,"Not sure how to set my working hours, can you point me to the right help article? Thanks.","HOW_TO_SUPPORT"
215,"Do you support customers based in Japan? Thanks","OTHER"
216,"Hello support, Please credit my account for the payment error yesterday. Any help would be appreciated.","BILLING_PAYMENT"
217,"Which menu do I use to archive old projects?","HOW_TO_SUPPORT"
218,"Good afternoon, Could you add an option to export analytics data as CSV?","FEATURE_REQUEST"
219,"Is it possible to change the language of the interface? I cannot find where. Please advise.","HOW_TO_SUPPORT"
220,"Hello, is anyone there? Thanks.","OTHER"
221,"Add a search bar please, it is missing from the notifications panel.","FEATURE_REQUEST"
222,"Hey, The profile page does not display anything after the latest update.","TECHNICAL_ISSUE"
223,"I cannot access my workspace because it says I do not have permission.","ACCOUNT_ACCESS"
224,"my rneewal payment failed and now my subscription shows as past due.","BILLING_PAYMENT"
225,"Hi there, Please add a Dropbox integration, our whole team uses it.","FEATURE_REQUEST"
226,"Good afternoon, Please forward this message to a manager.","OTHER"
227,"Could you add an option to export invoices as XML? Any help would be appreciated.","FEATURE_REQUEST"
228,"Everything on the dashboard is loading extremely slowly since last night. Please help.","TECHNICAL_ISSUE"
229,"Hi there, I was charged EUR 15 this week but I expected a different amount.","BILLING_PAYMENT"
230,"There is a bug where the admin console shows duplicate entries after I publish.","TECHNICAL_ISSUE"
231,"Good morning, Can you build custom themes into the workspace? Many users would benefit.","FEATURE_REQUEST"
232,"Hi, I keep getting an invalid password message even though I am typing it correctly.","ACCOUNT_ACCESS"
233,"Is your service available in Kenya? Please respond soon.","OTHER"
234,"I got charged in the wrong currency for my Pro plan. Let me know what to do.","BILLING_PAYMENT"
235,"Do you have a partnership program? Any help would be appreciated.","OTHER"
236,"I would like more information before I create an account. Thank you.","OTHER"
237,"there is an unknown charge of gbp 12 from your company on my bank statement. any help would be appreciated.","BILLING_PAYMENT"
238,"I want to report sometihng that does not fit any category.","OTHER"
239,"Hi team, The receipt email for my payment never arrived. Any help would be appreciated.","BILLING_PAYMENT"
240,"Suggestion: allow users to restore deleted items from a trash folder.","FEATURE_REQUEST"
241,"Hi team, Add offline mode please, it is missing from the workspace. Thank you","FEATURE_REQUEST"
242,"Good afternoon, I would like to get in touch with the careers team. Please help.","OTHER"
243,"My username is not recognized on the login page. Let me know what to do.","ACCOUNT_ACCESS"
244,"Hello team, Please add support for exporting to JSON and also custom filters.","FEATURE_REQUEST"
245,"Greetings, Would it be possible to tag items with labels? That would save us a lot of time","FEATURE_REQUEST"
246,"Greetings, I cannot log into my account, it says the email address is not registered but I have used it before. Please respond soon.","ACCOUNT_ACCESS"
247,"Good morning, The password I created during sign up is not accepted at login.","ACCOUNT_ACCESS"
248,"My account has been locked and I do not know why. Thanks a lot.","ACCOUNT_ACCESS"
249,"I am not able to log in from my Windows laptop but it works on my computer. Please help.","ACCOUNT_ACCESS"
250,"The payment page rejects my card and I cannot renew my Starter plan. Please help.","BILLING_PAYMENT"
251,"It wolud be great to have keyboard shortcuts in the settings page.","FEATURE_REQUEST"
252,"Good afternoon, Are you planning to release a favorites list in the future?","FEATURE_REQUEST"
253,"My changes are not saved, the task list reverts to the old values.","TECHNICAL_ISSUE"
254,"I need to talk to someone but I do not know what to select. Let me know what to do.","OTHER"
255,"Greetings, I do not have access to my old email address and need to recover my account. Thank you.","ACCOUNT_ACCESS"
256,"how do i share a dashboard with a client?","HOW_TO_SUPPORT"
257,"Hi, Can you send me some information about what you offer?","OTHER"
258,"Hi, The payment went through but I did not get a confirmation and my account is not upgraded.","BILLING_PAYMENT"
259,"Hello team, Do you support customers based in South Africa?","OTHER"
260,"Hi team, The reports page does not display anything after the latest update.","TECHNICAL_ISSUE"
261,"Hi there, The VAT number is missing from my invoice. Please respond soon.","BILLING_PAYMENT"
262,"I was charged $29 this quarter but I expected a different amount.","BILLING_PAYMENT"
263,"Are you planning to release a calendar view in the future?","FEATURE_REQUEST"
264,"Which menu do I use to upload a company logo?","HOW_TO_SUPPORT"
265,"I was bileld GBP 45 twice for the same subscription. Regards.","BILLING_PAYMENT"
266,"Hello support, I am locked out after too many failed login attempts.","ACCOUNT_ACCESS"
267,"Good morning, The activation email never arrives in my inbox.","ACCOUNT_ACCESS"
268,"Please show me how to merge duplicate entries. Thank you","HOW_TO_SUPPORT"
269,"Hello team, I never received the magic link, I already checked my spam folder.","ACCOUNT_ACCESS"
270,"Hi team, Do you have a tutorial on how to remove a user from my team? Thank you.","HOW_TO_SUPPORT"
271,"Hi, I changed my phone number and now I cannot get the login code.","ACCOUNT_ACCESS"
272,"Do you offer any events or webinars? Regards.","OTHER"
273,"The coupon code did not apply at checkout and I was charged the full price. Regards.","BILLING_PAYMENT"
274,"Suggestion: allow users to sort the list by multiple columns. Thanks a lot.","FEATURE_REQUEST"
275,"Could someone give me an overview of what your company does? Thank you.","OTHER"
276,"It would be useful to receive quarterly activity reports by email.","FEATURE_REQUEST"
277,"Hi, The page never finishes loading and only shows a error code 403.","TECHNICAL_ISSUE"
278,"Tahnk you for your help, everything is fine now. Please advise","OTHER"
279,"hi there, it would be great if we could assign tasks to multiple people.","FEATURE_REQUEST"
280,"How do I megre duplicate entries?","HOW_TO_SUPPORT"
281,"I wish the admin console had custom themes","FEATURE_REQUEST"
282,"my session logs me out immediately after i sign in. let me know what to do.","ACCOUNT_ACCESS"
283,"I lost my phnoe and cannot receive the verification code to sign in.","ACCOUNT_ACCESS"
284,"Please add a compact layout to the inbox.","FEATURE_REQUEST"
285,"Would it be possible to mark items as favorites? That would save us a lot of time. Please respond soon.","FEATURE_REQUEST"
286,"It would be useful to receive biweekly activity reports by email.","FEATURE_REQUEST"
287,"Hello support, I am new here, how do I transfer ownership of a workspace?","HOW_TO_SUPPORT"
288,"I am new here, how do I change the lnaguage of the interface?","HOW_TO_SUPPORT"
289,"Hello support, I would like a refund for the $249 charge on the first of the month.","BILLING_PAYMENT"
290,"Can you explain how to rename a project? Thanks in advance.","HOW_TO_SUPPORT"
291,"Hi team, Please refund my last payment, I did not use the service at all.","BILLING_PAYMENT"
292,"The security code takes forever to arrive and then it has expired.","ACCOUNT_ACCESS"
293,"I lost my phone and cannot receive the verification code to sign in. Please respond soon.","ACCOUNT_ACCESS"
294,"The verification email never arrives in my inbox. Any help would be appreciated.","ACCOUNT_ACCESS"
295,"Unable to sign in on Edge, it just keeps reloading the login page. Thanks a lot.","ACCOUNT_ACCESS"
296,"I think I sent this to the wrong place, who is the rihgt contact?","OTHER"
297,"Hello team, Why did the price of my Enterprise plan go up?","BILLING_PAYMENT"
298,"Greetings, The invoice shows the wrong company name, please correct it. Thanks.","BILLING_PAYMENT"
299,"Hi, I am new here, how do I upload a company logo? Let me know what to do","HOW_TO_SUPPORT"
300,"Good afternoon, Can you send me an invoice for the $249 payment? Any help would be appreciated.","BILLING_PAYMENT"
301,"Hey, Just started using the product, need to know how to turn on emial alerts.","HOW_TO_SUPPORT"
302,"I would love to see an integration with Dropbox.","FEATURE_REQUEST"
303,"What is the easiest way to change my time zone? Thanks a lot.","HOW_TO_SUPPORT"
304,"Where do I go in the notifications panel to change my workspace name?","HOW_TO_SUPPORT"
305,"Hello support, I forgot my password and the reset link says it has expired.","ACCOUNT_ACCESS"
306,"An option for drag and drop would make the product much better.","FEATURE_REQUEST"
307,"Good morning, The profile page becomes blank when I upload a ZIP file. Please respond soon.","TECHNICAL_ISSUE"
308,"Dear support team, Can you recommend which team I should cnotact for my request?","OTHER"
309,"Dear support team, Scheduled reports are not running at the set time.","TECHNICAL_ISSUE"
310,"Hi there, Login fails on Chrome with an authentication failed message. Thank you.","ACCOUNT_ACCESS"
311,"Hi team, The payment page rejects my card and I cannot renew my Premium plan.","BILLING_PAYMENT"
312,"It would improve my workflow if I could set reminders on tasks.","FEATURE_REQUEST"
313,"I would like instructions on how to add a comment to a task","HOW_TO_SUPPORT"
314,"Hello, Can I know more about your service befroe deciding?","OTHER"
315,"Hello team, Is it possible to add a comment to a task? I cannot find where.","HOW_TO_SUPPORT"
316,"Hello support, Please unlock my account, I entered the wrong password several times.","ACCOUNT_ACCESS"
317,"Good afternoon, Which page lets me manage my profile information? Thanks in advance.","HOW_TO_SUPPORT"
318,"The payment went through but I did not get a confirmation and my account is not upgraded. Regards.","BILLING_PAYMENT"
319,"How can I duplicate a project?","HOW_TO_SUPPORT"
320,"Hello team, Add auto save please, it is missing from the profile page.","FEATURE_REQUEST"
321,"I would like to speak with a sales rperesentative about enterprise options","OTHER"
322,"hey, could you tell me how to print a report?","HOW_TO_SUPPORT"
323,"Hello support, I represent a media outlet and want to reach out to the press team. Let me know what to do","OTHER"
324,"Good afternoon, The receipt email for my payment never arrived.","BILLING_PAYMENT"
325,"I get a error 500 when I try to download on the settings page.","TECHNICAL_ISSUE"
326,"dear support team, the one-time passcode never arrives in my inbox.","ACCOUNT_ACCESS"
327,"Good morning, The SMS code takes forever to arrive and then it has expired.","ACCOUNT_ACCESS"
328,"Hello team, Would it be possible to sort the list by multiple columns? That would save us a lot of time.","FEATURE_REQUEST"
329,"Hello, The notifications panel becomes blank when I upload a Excel file.","TECHNICAL_ISSUE"
330,"i cannot log in since monday. thanks a lot.","ACCOUNT_ACCESS"
331,"Hey, Can you send me some information about what you offer?","OTHER"
332,"Can you explain how to find my activity history? Thanks in advance.","HOW_TO_SUPPORT"
333,"The page shows an unexpected error 404 when I save my profile. Let me know what to do.","TECHNICAL_ISSUE"
334,"Hello support, Why was I billed $249 when my plan should be cheaper?","BILLING_PAYMENT"
335,"Greetings, I cannot log in on my Linux machine.","ACCOUNT_ACCESS"
336,"How do I download a report?","HOW_TO_SUPPORT"
337,"Why is my account locked? I need it restored as soon as possible.","ACCOUNT_ACCESS"
338,"Please add support for exporting to CSV and also a search bar. Thanks.","FEATURE_REQUEST"
339,"Can I know more about your service before deciding? Thanks.","OTHER"
340,"I am trying to merge duplicate entries but I cannot find the option. Where is it? Please advise.","HOW_TO_SUPPORT"
341,"Good morning, Do you offer any events or webinars? Regards.","OTHER"
342,"Greetings, Is your service aavilable in Sri Lanka? Please respond soon.","OTHER"
343,"Where do I go in the project board to change my email preferences? Thanks in advance","HOW_TO_SUPPORT"
344,"Please stop future charegs to my card and cancel my subscription.","BILLING_PAYMENT"
345,"Please add Tamil language support. Let me know what to do.","FEATURE_REQUEST"
346,"Just started using the product, need to know how to change my display name.","HOW_TO_SUPPORT"
347,"There is an unknown charge of $14 from your company on my bank statement.","BILLING_PAYMENT"
348,"Hey, Feature request: saved views.","FEATURE_REQUEST"
349,"The autosave is broken and my work was lost for the past few days. Please help.","TECHNICAL_ISSUE"
350,"Hello, Why is my account disabled? I have a deadline today.","ACCOUNT_ACCESS"
351,"Test message, pelase ignore. Thanks.","OTHER"
352,"I would love to see an integration with Asana. Thank you.","FEATURE_REQUEST"
353,"Data I entered yesterday disappeared from the profile page.","TECHNICAL_ISSUE"
354,"Hi team, Sign in with single sign-on fails and shows an unauthorized message. Regards.","ACCOUNT_ACCESS"
355,"What is the easiest way to change the language of the interface? Regards.","HOW_TO_SUPPORT"
356,"I get a error 404 when I try to print on the admin console.","TECHNICAL_ISSUE"
357,"My team would love to have a mobile widget. Is it on the roadmap","FEATURE_REQUEST"
358,"Could you add an option to export tables as Word?","FEATURE_REQUEST"
359,"Good morning, Where is your company located? Please advise","OTHER"
360,"Hey, I got charged in the wrong currency for my Premium plan.","BILLING_PAYMENT"
361,"Hello, Which page lets me manage my team permissions?","HOW_TO_SUPPORT"
362,"Could someone give me an oevrview of what your company does?","OTHER"
363,"Good afternoon, Do you have a tutorial on how to change the language of the interface? Any help would be appreciated.","HOW_TO_SUPPORT"
364,"Good afternoon, I need help but I am not sure which option applies.","OTHER"
365,"The two-factor code is rejected every time I try to sign in. Thank you","ACCOUNT_ACCESS"
366,"Any plans to support Hindi in the interface?","FEATURE_REQUEST"
367,"Suggestion: allow users to set custom roles for team members.","FEATURE_REQUEST"
368,"It would be useful to receive biweekly progress reports by email. Please respond soon.","FEATURE_REQUEST"
369,"Good morning, Can I pay by bank transfer instead of card? My card keeps getting declined. Let me know what to do.","BILLING_PAYMENT"
370,"Hi, My changes are not saved, the billing page reverts to the old values.","TECHNICAL_ISSUE"
371,"dear support team, can i pay by bank transfer instead of card? my card keeps getting declined.","BILLING_PAYMENT"
372,"There is an unknown charge of $14 from your company on my bank statement. Thank you.","BILLING_PAYMENT"
373,"I would like a refund for the $29 charge for my annual plan.","BILLING_PAYMENT"
374,"Everything on the task list is loading extremely slowly for two days. Thank you.","TECHNICAL_ISSUE"
375,"Can you help me regain access to my account? I need access urgently","ACCOUNT_ACCESS"
376,"My team wuold love to have keyboard shortcuts. Is it on the roadmap","FEATURE_REQUEST"
377,"Good afternoon, Please send an invoice for my latest Pro subscription payment.","BILLING_PAYMENT"
378,"Good morning, I want to report something that does not fit any category. Thanks a lot.","OTHER"
379,"Hello support, Please add support for exporting to PDF and also custom themes.","FEATURE_REQUEST"
380,"I got charged in the wrong currency for my monthly plan.","BILLING_PAYMENT"
381,"Where do I go in the analytics page to change my default dashboard?","HOW_TO_SUPPORT"
382,"Hello team, Do you support customers based in Nigeria?","OTHER"
383,"Do you support customers based in Mexico","OTHER"
384,"Greetings, Account recovery is not working, the magic link is not being sent.","ACCOUNT_ACCESS"
385,"It would improve my workflow if I could tag items with labels. Thank you.","FEATURE_REQUEST"
386,"My colleague left the company and I need access to the admin account. Let me know what to do.","ACCOUNT_ACCESS"
387,"product idea: let us duplicate an entire project. please respond soon.","FEATURE_REQUEST"
388,"Greetings, I was charged $99 for June but I expected a different amount.","BILLING_PAYMENT"
389,"Greetings, I would like instructions on how to change the date format. Thanks.","HOW_TO_SUPPORT"
390,"The activation email never arirves in my inbox","ACCOUNT_ACCESS"
391,"I get a error 500 when I try to save on the search page.","TECHNICAL_ISSUE"
392,"Good afternoon, Do you spuport customers based in Canada?","OTHER"
393,"The admin console does not display anything after the latest update.","TECHNICAL_ISSUE"
394,"Good morning, I was billed $249 twice for the same subscription.","BILLING_PAYMENT"
395,"The settings page shows a something went wrong message since this morning.","TECHNICAL_ISSUE"
396,"Can you help me regain access to my account? I need it restored as soon as possible.","ACCOUNT_ACCESS"
397,"Good afternoon, The payment went through but I did not get a confirmation and my account is not upgraded.","BILLING_PAYMENT"
398,"My bank shows a pending charge of $49 that I do not recognize. Thanks in advance.","BILLING_PAYMENT"
399,"Good afternoon, I forgot my password and the reset link says it has expired.","ACCOUNT_ACCESS"
400,"Hello team, The payment page rejects my card and I cannot renew my monthly plan.","BILLING_PAYMENT"
401,"Hi there, How did your company start? I am curious. Please help.","OTHER"
402,"Hello, Please forward this message to a product specialist.","OTHER"
403,"Good morning, Please send an invoice for my latest Premium subscription payment. Please help.","BILLING_PAYMENT"
404,"Greetings, Someone changed my password and I no longer have access to my account.","ACCOUNT_ACCESS"
405,"I have a question aobut your service.","OTHER"
406,"It would be great to have a kanban view in the admin console.","FEATURE_REQUEST"
407,"The page never finishes loading and only shows a blank white screen.","TECHNICAL_ISSUE"
408,"Good afternoon, Account recovery is not working, the verification email is not being sent. Regards.","ACCOUNT_ACCESS"
409,"the one-time passcode never arrives in my inbox. let me know what to do.","ACCOUNT_ACCESS"
410,"I would like to speak with a sales representative about entreprise options.","OTHER"
411,"please credit my account for the payment error this month. let me know what to do.","BILLING_PAYMENT"
412,"Plaese add Hindi language support.","FEATURE_REQUEST"
413,"Please credit my account for the payment error last month. Let me know what to do.","BILLING_PAYMENT"
414,"Can someone explain how to use the team page","HOW_TO_SUPPORT"
415,"add a kanban view please, it is missing from the task list.","FEATURE_REQUEST"
416,"The exported PNG image is corrupted and cannot be opened.","TECHNICAL_ISSUE"
417,"Hello support, Could you add custom themes to the admin console? Please respond soon.","FEATURE_REQUEST"
418,"I got charged in the wrong currency for my Starter plan.","BILLING_PAYMENT"
419,"It would be nice to have passkey support.","FEATURE_REQUEST"
420,"Account recovery is not working, the login code is not being sent. Thanks in advance.","ACCOUNT_ACCESS"
421,"Good afternoon, Can you walk me through how to make a teammate an admin?","HOW_TO_SUPPORT"
422,"Hey, A pop up with a blank white screen appears every time I try to publish. Thanks","TECHNICAL_ISSUE"
423,"The app freezes when I try to export a large PNG image.","TECHNICAL_ISSUE"
424,"How do I use the admin console to change my notification settings?","HOW_TO_SUPPORT"
425,"Why was I billed $249 when my plan should be cheaper? Regards.","BILLING_PAYMENT"
426,"Would you consider adding a Trello connection to your product?","FEATURE_REQUEST"
427,"Hi team, I forgot my password and the reset link says it has expired.","ACCOUNT_ACCESS"
428,"I would like a refund for the $49 charge for June","BILLING_PAYMENT"
429,"I would like the option to mark items as favorites in a future release. Please respond soon","FEATURE_REQUEST"
430,"Hi team, I need to talk to someone but I do not know what to select.","OTHER"
431,"Can someone contact me about an issue? Any help would be appreciated.","OTHER"
432,"images are not displaying correctly on the dashboard in safari. thank you.","TECHNICAL_ISSUE"
433,"The app freezes when I try to import a large ZIP file. Please advise.","TECHNICAL_ISSUE"
434,"Can you send me an invoice for the $14 payment?","BILLING_PAYMENT"
435,"The workspace is very slow and keeps freezing on my Windows laptop. Regards.","TECHNICAL_ISSUE"
436,"What is the easiest way to delete a workspace","HOW_TO_SUPPORT"
437,"Good afternoon, The invoice shows the wrong company name, please correct it.","BILLING_PAYMENT"
438,"Greetings, Would you consider adding a Jira connection to your product?","FEATURE_REQUEST"
439,"Do you have a tutorial on how to change the language of the interface?","HOW_TO_SUPPORT"
440,"Hi team, I have some questions about your company before I proceed.","OTHER"
441,"Hey, Thank you for your help, everything is fine now","OTHER"
442,"How do I transfer ownership of a workspace? Thanks a lot.","HOW_TO_SUPPORT"
443,"Would it be possible to duplicate an entire project? That would save us a lot of time. Thanks a lot.","FEATURE_REQUEST"
444,"Hi, I am not sure who to ask about this.","OTHER"
445,"Hi team, Please show me how to use filters on the dashboard. Regards.","HOW_TO_SUPPORT"
446,"Please send monthly performance summaries to my inbox automatically, it would help a lot.","FEATURE_REQUEST"
447,"My bank shows a pending charge of $99 that I do not recognize. Please advise.","BILLING_PAYMENT"
448,"The refrseh button does nothing on the search page.","TECHNICAL_ISSUE"
449,"It would be great if we could duplicate an entire project. Thanks in advance.","FEATURE_REQUEST"
450,"The billing page shows a error code 403 since the latest update.","TECHNICAL_ISSUE"
451,"Why is my account blocked? I need it rsetored as soon as possible.","ACCOUNT_ACCESS"
452,"The reset link does nothing when I click it. Please respond soon.","ACCOUNT_ACCESS"
453,"I was billed $9.99 twice for the same subscription. Thanks.","BILLING_PAYMENT"
454,"Dear support team, I cancelled my subscription weeks ago and you sitll took money from my account.","BILLING_PAYMENT"
455,"How can I remove a user from my team? Thank you","HOW_TO_SUPPORT"
456,"Hello, I am getting a message that my account is temporarily locked, please help me get in. Thanks","ACCOUNT_ACCESS"
457,"Hi there, Sign in with single sign-on fails and shows an unauthorized message. Any help would be appreciated","ACCOUNT_ACCESS"
458,"Good morning, Please send daily progress reports to my inbox automatically, it would help a lot.","FEATURE_REQUEST"
459,"The share button does nothing on the task list.","TECHNICAL_ISSUE"
460,"Hello support, Product idea: let us add custom fields to every project.","FEATURE_REQUEST"
461,"I need to change the credit card used for my subscription payments.","BILLING_PAYMENT"
462,"What is the easiset way to duplicate a project? Thanks in advance.","HOW_TO_SUPPORT"
463,"Hi there, Can you build saved views into the workspace? Many users would benefit. Please help.","FEATURE_REQUEST"
464,"I need to upadte the billing address on my invoice. Thanks.","BILLING_PAYMENT"
465,"The payment page rejcets my card and I cannot renew my Premium plan.","BILLING_PAYMENT"
466,"Hello support, I cannot log in for two days.","ACCOUNT_ACCESS"
467,"The two-factor code is rejected eevry time I try to sign in. Let me know what to do.","ACCOUNT_ACCESS"
468,"Hello support, How can I set my working hours? Please help.","HOW_TO_SUPPORT"
469,"Hey, Can you send me some information about what you offer? Please respond soon","OTHER"
470,"Please add templates to the team page","FEATURE_REQUEST"
471,"Please refund my last payment, I did not use the service at all. Let me know what to do.","BILLING_PAYMENT"
472,"Where is your company located? Thank you","OTHER"
473,"How do I use the settings page to update my profile picture?","HOW_TO_SUPPORT"
474,"Dear support team, I cannot log in afetr the latest update.","ACCOUNT_ACCESS"
475,"I would like a refund for the $59.99 charge for my annual plan","BILLING_PAYMENT"
476,"Dear support team, A pop up with a 502 bad gateway appears every time I try to upload.","TECHNICAL_ISSUE"
477,"data i entered yesterday disappeared from the admin console.","TECHNICAL_ISSUE"
478,"I am locked out after too many failed login attempts.","ACCOUNT_ACCESS"
479,"Do you support customers based in South Africa? Let me know what to do.","OTHER"
480,"Good morning, Whree can I find the default dashboard? Let me know what to do.","HOW_TO_SUPPORT"
481,"Good afternoon, The site is down for me, I only see a something went wrong message.","TECHNICAL_ISSUE"
482,"Please send daily activity reports to my inbox automatically, it would help a lot.","FEATURE_REQUEST"
483,"Please show me how to delete a workspace. Please advise.","HOW_TO_SUPPORT"
484,"Please forward this message to your security team","OTHER"
485,"I would like a refund for the $24.99 charge for my annual plan.","BILLING_PAYMENT"
486,"Greetings, I paid for the Basic plan but my account still shows the free tier. Let me know what to do.","BILLING_PAYMENT"
487,"Hello support, Is there a guide that shows how to use filters on the dashboard","HOW_TO_SUPPORT"
488,"Can you build a mobile widget into the dashboard? Many users would benefit","FEATURE_REQUEST"
489,"Hello support, Any plans to support French in the interface?","FEATURE_REQUEST"
490,"Uploading a spreadsheet gets stuck at zero percent and never finishes. Thanks.","TECHNICAL_ISSUE"
491,"The payment page rejects my card and I cannot renew my Team plan. Let me know what to do.","BILLING_PAYMENT"
492,"I wish the settings page had bulk actions.","FEATURE_REQUEST"
493,"Greetings, The application crashes when I click upload.","TECHNICAL_ISSUE"
494,"Hey, I am not able to log in from my MacBook but it works on my computer.","ACCOUNT_ACCESS"
495,"Hello support, Where can I find the saved filters? Regards.","HOW_TO_SUPPORT"
496,"I would like the option to see who viewed a shared report in a future release. Thanks a lot.","FEATURE_REQUEST"
497,"It would be great to have version history in the settings page. Thanks a lot.","FEATURE_REQUEST"
498,"How did your company start? I am curious. Any help would be appreciated","OTHER"
499,"I paid for the Starter plan but my account still shows the free tier. Thanks in advance.","BILLING_PAYMENT"
500,"hello, i need a corrected invoice with our new company address. thank you.","BILLING_PAYMENT"
501,"I cannot log in after resetting my password. Regards.","ACCOUNT_ACCESS"
502,"My account has been frozen and I do not know why.","ACCOUNT_ACCESS"
503,"Dear support team, My bank shows a pending charge of $59.99 that I do not recognize.","BILLING_PAYMENT"
504,"The project board becomes blank when I upload a video file.","TECHNICAL_ISSUE"
505,"Add dark mode please, it is missing from the task list.","FEATURE_REQUEST"
506,"I am not able to log in from my iPhone but it works on my computer. Thanks in advance.","ACCOUNT_ACCESS"
507,"Good morning, I wish the billing page had auto save.","FEATURE_REQUEST"
508,"Hello, Is it possible to add a comment to a task? I cannot find where","HOW_TO_SUPPORT"
509,"Hi there, A pop up with a timeout error appears every time I try to share.","TECHNICAL_ISSUE"
510,"What are the steps to link my account to Slack?","HOW_TO_SUPPORT"
511,"Hello, I am getting a message that my account is temporarily locked, please help me get in.","ACCOUNT_ACCESS"
512,"Hello, Can I get a call back from someone on your team? Thank you.","OTHER"
513,"I cannot sign in with my Google account anymore. Thanks in advance.","ACCOUNT_ACCESS"
514,"The discount promised to me is not reflected on my bill. Thanks in advance.","BILLING_PAYMENT"
515,"dear support team, the application crashes when i click save.","TECHNICAL_ISSUE"
516,"Can you build a favorites list into the reports page? Many users would benefit.","FEATURE_REQUEST"
517,"How do I use the dashboard to make a teammate an admin?","HOW_TO_SUPPORT"
518,"Please show me how to make a teammate an admin. Thank you.","HOW_TO_SUPPORT"
519,"Is it possible to make a teammate an admin? I cannot find where.","HOW_TO_SUPPORT"
520,"Hi, Can you tell me more about your privacy policy?","OTHER"
521,"Please stop future charges to my card and cancel my subscription. Thanks in advance.","BILLING_PAYMENT"
522,"The page kepes refreshing by itself and I lose what I typed. Let me know what to do.","TECHNICAL_ISSUE"
523,"Buttons on the notificaitons panel do not respond when I click them.","TECHNICAL_ISSUE"
524,"Do you support customers based in Kenya?","OTHER"
525,"Any documentation on how to import contacts from a CSV file? Thanks a lot.","HOW_TO_SUPPORT"
526,"Why did the price of my Pro plan go up? Regards.","BILLING_PAYMENT"
527,"Please forward this message to your security team. Any help would be appreciated.","OTHER"
528,"Hello, Could you tell me how to archive old projects?","HOW_TO_SUPPORT"
529,"Hi team, Please add custom filters to the inbox.","FEATURE_REQUEST"
530,"Login fails on Edge with an authentication failed message.","ACCOUNT_ACCESS"
531,"I would like instructions on how to set up a recurring report.","HOW_TO_SUPPORT"
532,"Hi, Could you tell me how to use filters on the dashboard?","HOW_TO_SUPPORT"
533,"Please send an invoice for my latest Starter subscription payment. Please respond soon.","BILLING_PAYMENT"
534,"Can you walk me through how to export my data?","HOW_TO_SUPPORT"
535,"Which page lets me manage my privacy settings?","HOW_TO_SUPPORT"
536,"Good afternoon, My invitation link to join the team does not let me sign in. Please advise.","ACCOUNT_ACCESS"
537,"I get a error code 403 when I try to upload on the mobile app","TECHNICAL_ISSUE"
538,"I have some questions about your company before I proceed. Regards.","OTHER"
539,"It would be helpful if the workspace supported custom filters.","FEATURE_REQUEST"
540,"Could someone give me an overview of what your company does? Thanks a lot.","OTHER"
541,"Hi, I see a spinning loader that never finishes on the workspace.","TECHNICAL_ISSUE"
542,"Hello team, The VAT number is missing from my invoice. Thanks in advance","BILLING_PAYMENT"
543,"My card was charged three times on the first of the month. Regards.","BILLING_PAYMENT"
544,"Can someone epxlain how to use the task list? Thanks.","HOW_TO_SUPPORT"
545,"Hi team, Where do I go in the team page to change my email preferences?","HOW_TO_SUPPORT"
546,"It would be great if we could see who viewed a shared report. Please respond soon.","FEATURE_REQUEST"
547,"My bank shows a pending charge of $29 that I do not recognize. Please respond soon","BILLING_PAYMENT"
548,"I would like to know who I should contcat regarding a collaboration.","OTHER"
549,"Hi, Please consider adding a way to duplicate an entire project.","FEATURE_REQUEST"
550,"Good morning, I am trying to duplicate a project but I cannot find the option. Where is it?","HOW_TO_SUPPORT"
551,"Greetings, I would like the option to set custom roles for team members in a future release.","FEATURE_REQUEST"
552,"How did your company start? I am curious. Please help.","OTHER"
553,"My renewal payment failed and now my subscription shows as past due. Thanks in advance","BILLING_PAYMENT"
554,"The verification step keeps failing when I try to sign in, for the past few days.","ACCOUNT_ACCESS"
555,"Plesae unlock my account, I entered the wrong password several times.","ACCOUNT_ACCESS"
556,"Could you add an option to export activity logs as CSV?","FEATURE_REQUEST"
557,"Hi team, Please unlock my account, I entered the wrong password several times. Let me know what to do.","ACCOUNT_ACCESS"
558,"Hello support, The website does not work properly in Brave, but it is fine in another browser. Please help.","TECHNICAL_ISSUE"
559,"Good afternoon, I cannot log in after turning on two-factor authentication.","ACCOUNT_ACCESS"
560,"i would like the option to customize the dashboard layout in a future release.","FEATURE_REQUEST"
561,"Good afternoon, I am stuck in a loop where the site asks me to verfiy my email again and again.","ACCOUNT_ACCESS"
562,"The reports page is very slow and keeps freezing on my Android phone. Thanks.","TECHNICAL_ISSUE"
563,"I am trying to remove a user from my team but I cannot find the option. Where is it?","HOW_TO_SUPPORT"
564,"I got a new phone and my authenticator app no longer works, so I cannot log in. Please advise.","ACCOUNT_ACCESS"
565,"Can someone explain how to use the dashboard?","HOW_TO_SUPPORT"
566,"Good morning, Not sure how to import contacts from a CSV file, can you point me to the right help article?","HOW_TO_SUPPORT"
567,"Feature request: the ability to add custom fields to every project. Regards.","FEATURE_REQUEST"
568,"Hello, The download link gives a generic error message instead of the file.","TECHNICAL_ISSUE"
569,"Hello support, Could someone give me an overview of what your company does? Please advise.","OTHER"
570,"Hi team, I would like to sepak with a sales representative about enterprise options.","OTHER"
571,"I need to talk to someone but I do not know what to select. Please respond soon.","OTHER"
572,"Hi, I would like instructions on how to export my data.","HOW_TO_SUPPORT"
573,"Greetings, The download link gvies a blank white screen instead of the file.","TECHNICAL_ISSUE"
574,"Do you have any security certifications? Please help","OTHER"
575,"Hey, Please forward this message to a product specialist.","OTHER"
576,"Hi, I have a general inquiry that does not fit any of the topics.","OTHER"
577,"I forgot the email I used to register and canont get into my account.","ACCOUNT_ACCESS"
578,"hello, feature request: version history.","FEATURE_REQUEST"
579,"Greetings, The security code takes forever to arrive and then it has expired.","ACCOUNT_ACCESS"
580,"Do you have a tutorial on how to use filters on the dashboard? Let me know what to do.","HOW_TO_SUPPORT"
581,"Can you recommend which team I should contact for my request? Thank you.","OTHER"
582,"hello, it would be nice to have two-factor authentication.","FEATURE_REQUEST"
583,"It would be great if we could attach several files at once.","FEATURE_REQUEST"
584,"I cancelled my subscription weeks ago and you still took money from my account","BILLING_PAYMENT"
585,"Hello team, Is there someone I can meet in person to talk about your product? Please respond soon.","OTHER"
586,"Hi there, I would love to see an integration with Google Drive. Please help.","FEATURE_REQUEST"
587,"I got a new phone and my authenticator app no longer works, so I cnanot log in.","ACCOUNT_ACCESS"
588,"Hello support, Is there smoeone I can meet in person to talk about your product? Thanks in advance.","OTHER"
589,"Hey, My username is not recognized on the login page.","ACCOUNT_ACCESS"
590,"Login fails on Brave with an authentication failed message.","ACCOUNT_ACCESS"
591,"I need a corrected invoice with our new company address. Please advise.","BILLING_PAYMENT"
592,"Can I get a call back from someone on your team? Thank you.","OTHER"
593,"The team page does not display anything after the latest update.","TECHNICAL_ISSUE"
594,"Hello, The admin console does not display anything after the latest update.","TECHNICAL_ISSUE"
595,"where is your company located? please advise.","OTHER"
596,"Unable to sign in on Brave, it just keeps reloading the login page. Please advise.","ACCOUNT_ACCESS"
597,"my account is deactivated and i have a deadline today.","ACCOUNT_ACCESS"
598,"The app crashes every time I try to delete. Thanks a lot.","TECHNICAL_ISSUE"
599,"Hi team, I cnanot sign in with my Google account anymore. Any help would be appreciated.","ACCOUNT_ACCESS"
600,"Payment status says pending for days, and my subscription is still not active. Thanks","BILLING_PAYMENT"
601,"Hello, The VAT number is missing from my invoice.","BILLING_PAYMENT"
602,"I am getting a message that my account is temporarily locked, please help me get in. Please advise.","ACCOUNT_ACCESS"
603,"Hi there, Hello, is anyone there?","OTHER"
604,"Hey, I need a receipt for my payment for March for tax purposes.","BILLING_PAYMENT"
605,"How do I upload a company logo? Thanks in advance.","HOW_TO_SUPPORT"
606,"I see a spinning loader that never finishes on the notifications panel. Regards.","TECHNICAL_ISSUE"
607,"Dear support team, My account is disabled and I have a deadline today.","ACCOUNT_ACCESS"
608,"I upgraded my plan but the chagre shows the wrong amount.","BILLING_PAYMENT"
609,"Hello team, The login code takes forever to arrive and then it has expired.","ACCOUNT_ACCESS"
610,"Good afternoon, I would like to know who I should contact regarding a collaboration. Please respond soon.","OTHER"
611,"I forgot the email I used to register and cannot get into my account. Any help would be appreciated.","ACCOUNT_ACCESS"
612,"Hello team, Login fails on Opera with an authentication failed message.","ACCOUNT_ACCESS"
613,"I was charged GBP 12 this week but I expected a different amount. Any help would be appreciated.","BILLING_PAYMENT"
614,"I need to talk to someone but I do not know what to select. Thank you.","OTHER"
615,"Hi there, I have a question aobut your service.","OTHER"
616,"Good morning, Everything works on my computer but the reports page crashes on my work computer. Please respond soon.","TECHNICAL_ISSUE"
617,"My bank shows a pending charge of $59.99 that I do not recognize.","BILLING_PAYMENT"
618,"Just started using the product, need to know how to connect my calendar.","HOW_TO_SUPPORT"
619,"Hi there, Can you explain how to turn on email alerts? Thanks a lot.","HOW_TO_SUPPORT"
620,"Good afternoon, Test message, please ignore. Let me know what to do","OTHER"
621,"Which menu do I use to find my activity history?","HOW_TO_SUPPORT"
622,"Hey, It would be great if we could set custom roles for team members.","FEATURE_REQUEST"
623,"Would it be possible to add comments to reports? That would save us a lot of time. Let me know what to do.","FEATURE_REQUEST"
624,"Good morning, I represent a media outlet and want to reach out to the press team","OTHER"
625,"Hi team, My card was charged three times this month","BILLING_PAYMENT"
626,"please add an option to log out all devices for account security. thanks.","FEATURE_REQUEST"
627,"hey, do you have a tutorial on how to rename a project? please respond soon.","HOW_TO_SUPPORT"
628,"Can you explain how to change the lnaguage of the interface?","HOW_TO_SUPPORT"
629,"I was billed GBP 45 twice for the same subscription. Please advise.","BILLING_PAYMENT"
630,"Good morning, Unable to sign in on Safari, it just keeps reloading the login page.","ACCOUNT_ACCESS"
631,"Hello support, I want to report something that does not fit any category","OTHER"
632,"Hi, I am trying to add a comment to a task but I cannot find the option. Where is it? Thanks in advance.","HOW_TO_SUPPORT"
633,"Hi there, The verification step keeps failing when I try to sign in, since Monday.","ACCOUNT_ACCESS"
634,"Greetings, I was charged for extra seats that I did not add. Please help.","BILLING_PAYMENT"
635,"The application crashes when I click import.","TECHNICAL_ISSUE"
636,"Hey, I got charged in the wrong currency for my Enterprise plan. Thank you.","BILLING_PAYMENT"
637,"Hi team, There is an unknown charge of $249 from your company on my bank statement.","BILLING_PAYMENT"
638,"Hello team, Could you add an option to export project lists as PowerPoint? Any help would be appreciated.","FEATURE_REQUEST"
639,"The notifications panel shows a timeout error for a week.","TECHNICAL_ISSUE"
640,"Is there someone I can meet in person to talk abuot your product?","OTHER"
641,"Good morning, I am a student working on a school project about your product, who can I talk to?","OTHER"
642,"The system says the PDF format is not supported even though it is valid. Please help.","TECHNICAL_ISSUE"
643,"Which page lets me manage my profile information? Regards.","HOW_TO_SUPPORT"
644,"I was charged GBP 45 on the first of the month but I expected a different amount.","BILLING_PAYMENT"
645,"Hello team, Could you add custom filters to the search page?","FEATURE_REQUEST"
646,"Hi there, Test message, please ignore. Please respond soon.","OTHER"
647,"Hi team, We really need a mobile widget on the workspace, please consider it.","FEATURE_REQUEST"
648,"Feature request: saved views.","FEATURE_REQUEST"
649,"Hey, I cannot recover my account because the security questions are not working.","ACCOUNT_ACCESS"
650,"Hi, I need to change the credit card used for my subscription payments","BILLING_PAYMENT"
651,"Hey, I represent a media outlet and want to reach out to the press team. Please respond soon.","OTHER"
652,"Hello, I got charged in the wrong currency for my Enterprise plan. Please respond soon.","BILLING_PAYMENT"
653,"The mobile app does not display anything after the latest update. Let me know what to do.","TECHNICAL_ISSUE"
654,"Hey, Is it possible to archive old projects? I cannot find where. Thank you.","HOW_TO_SUPPORT"
655,"Account recovery is not working, the security code is not being sent.","ACCOUNT_ACCESS"
656,"Hi team, Is your service available in Mexico","OTHER"
657,"the profile page is very slow and keeps freezing on my work computer.","TECHNICAL_ISSUE"
658,"Hi there, Please credit my account for the payment error for March. Thanks.","BILLING_PAYMENT"
659,"Greetings, Please add Tamil language support.","FEATURE_REQUEST"
660,"Data I entered yesterday disappeared from the mobile app. Please respond soon.","TECHNICAL_ISSUE"
661,"Hey, My card was charged twice for my annual plan. Any help would be appreciated.","BILLING_PAYMENT"
662,"It would be useful to receive daily usage summaries by email.","FEATURE_REQUEST"
663,"Hi there, I need a receipt for my payment for March for tax purposes. Please advise.","BILLING_PAYMENT"
664,"Everything works on my computer but the reports page crashes on my work computer.","TECHNICAL_ISSUE"
665,"Add an undo button please, it is missing from the mobile app.","FEATURE_REQUEST"
666,"Everything works on my computer but the calendar crashes on my iPad","TECHNICAL_ISSUE"
667,"Can you walk me through how to merge duplicate entries?","HOW_TO_SUPPORT"
668,"Good morning, I got charged in the wrong currency for my Enterprise plan. Please advise.","BILLING_PAYMENT"
669,"Hi, Where do I go in the task list to change my language settings?","HOW_TO_SUPPORT"
670,"The one-time passcode never arrives in my inbox. Thanks.","ACCOUNT_ACCESS"
671,"Uploading a ZIP file gets stuck at 10 percent and never finishes.","TECHNICAL_ISSUE"
672,"after i reset my password the new one is not accepted. please advise.","ACCOUNT_ACCESS"
673,"I wish the task list had custom filters.","FEATURE_REQUEST"
674,"Please send biweekly email digests to my inbox automatically, it would help a lot.","FEATURE_REQUEST"
675,"Hello support, I was removed from the workspace by mistake and cannot get back in.","ACCOUNT_ACCESS"
676,"Hi team, Do you support customers based in India?","OTHER"
677,"Hey, I need help but I am not sure which option applies.","OTHER"
678,"How do I import contacts from a CSV file?","HOW_TO_SUPPORT"
679,"Greetings, I got a new phone and my authenticator app no longer works, so I cannot log in.","ACCOUNT_ACCESS"
680,"Hey, The receipt email for my payment never arrived.","BILLING_PAYMENT"
681,"Hi team, The reset link does nothing when I click it.","ACCOUNT_ACCESS"
682,"Hey, My account is blocked and I have a deadline today.","ACCOUNT_ACCESS"
683,"Just started using the product, need to know how to change my password from the settings page. Please advise.","HOW_TO_SUPPORT"
684,"Greetings, The discount promised to me is not reflected on my bill.","BILLING_PAYMENT"
685,"Hi there, Can you send me some information about what you offer?","OTHER"
686,"The mobile app closes immediately after opening on my iPad. Please respond soon.","TECHNICAL_ISSUE"
687,"Please add support for exporting to PDF and also a mobile widget.","FEATURE_REQUEST"
688,"The site is down for me, I only see a error code 403","TECHNICAL_ISSUE"
689,"I am writing to ask about internship opportunities. Thanks a lot.","OTHER"
690,"I would like to speak with a sales represnetative about enterprise options","OTHER"
691,"i have a question abuot your service. please respond soon.","OTHER"
692,"The download link gives a error 500 instead of the file. Regards.","TECHNICAL_ISSUE"
693,"What are the steps to link my account to Slack? Regards","HOW_TO_SUPPORT"
694,"It would be helpful if the team page supported keyboard shortcuts.","FEATURE_REQUEST"
695,"It would be great if we could use the product without an internet connection. Thanks.","FEATURE_REQUEST"
696,"Hello team, Test message, please ignore. Thanks a lot.","OTHER"
697,"buttons on the inbox do not respond when i click them.","TECHNICAL_ISSUE"
698,"Hey, I was billed $19 twice for the same subscription.","BILLING_PAYMENT"
699,"The VAT number is missing from my invoice. Thanks in advance.","BILLING_PAYMENT"
700,"Dear support team, My renewal payment failed and now my subscription shows as past due.","BILLING_PAYMENT"
701,"Hello, I would like to know who I should contact regarding a collaboration. Let me know what to do","OTHER"
702,"Can I get a call back from smoeone on your team? Regards.","OTHER"
703,"Hey, I need to talk to someone but I do not know what to select. Please help","OTHER"
704,"Hey, I cannot log in after changing my email address.","ACCOUNT_ACCESS"
705,"Good morning, Which page lets me manage my saved filters?","HOW_TO_SUPPORT"
706,"I am getting a 502 bad gateway whenever I open the billing page.","TECHNICAL_ISSUE"
707,"Buttons on the inbox do not respond when I clcik them. Thanks.","TECHNICAL_ISSUE"
708,"Would it be possible to use the product without an internet connection? That would save us a lot of time.","FEATURE_REQUEST"
709,"I would like the option to set custom roles for team members in a future release. Any help would be appreciated.","FEATURE_REQUEST"
710,"I would like a refund for the $149 cahrge for March.","BILLING_PAYMENT"
711,"The invoice shows the wrong company name, please correct it. Thanks in advance.","BILLING_PAYMENT"
712,"I downgraded to the annual plan but I was still billed the higher price. Any help would be appreciated.","BILLING_PAYMENT"
713,"Greetings, Where do I go in the analytics page to change my saved filters?","HOW_TO_SUPPORT"
714,"what are the steps to make a teammate an admin?","HOW_TO_SUPPORT"
715,"Hey, I was charged GBP 12 last month but I expected a different amount.","BILLING_PAYMENT"
716,"Feature request: offline mode.","FEATURE_REQUEST"
717,"Images are not displaying correctly on the task list in Opera. Thanks.","TECHNICAL_ISSUE"
718,"Hi there, My account was hacked and I cannot log in anymore.","ACCOUNT_ACCESS"
719,"Hello, Is there someone I can meet in person to talk about your product?","OTHER"
720,"Hey, The project board becomes blank when I upload a PNG image.","TECHNICAL_ISSUE"
721,"I changed my phone number and now I cannot get the login code. Please advise.","ACCOUNT_ACCESS"
722,"hello support, the refresh button does nothing on the calendar.","TECHNICAL_ISSUE"
723,"Hi team, I would like to know who I should contact regarding a collaboration. Regards.","OTHER"
724,"Scheduled reports are not running at the set time. Please advise.","TECHNICAL_ISSUE"
725,"Hello, I cannot log in an hour ago.","ACCOUNT_ACCESS"
726,"Hello team, The password I created during sign up is not accepted at login.","ACCOUNT_ACCESS"
727,"How do I use the notifications panel to find my activity history?","HOW_TO_SUPPORT"
728,"Dear support team, Unable to sign in on Firefox, it just keeps reloading the login page.","ACCOUNT_ACCESS"
729,"Dear support team, Would it be possible to use the product without an internet connection? That would save us a lot of time.","FEATURE_REQUEST"
730,"Hi team, Do you have a tutorial on how to invite a member to my workspace? Please respond soon.","HOW_TO_SUPPORT"
731,"Hi team, I cannot sign in with my Google account anymore.","ACCOUNT_ACCESS"
732,"Hi team, The receipt email for my payment never arrived.","BILLING_PAYMENT"
733,"Hello, Is there someone I can meet in person to talk about your product? Thanks in advance.","OTHER"
734,"Greetings, Please send monthly usage summaries to my inbox automatically, it would help a lot.","FEATURE_REQUEST"
735,"dear support team, please add hnidi language support.","FEATURE_REQUEST"
736,"How can I remove a user from my team","HOW_TO_SUPPORT"
737,"Dear support team, My card was chagred three times for March. Let me know what to do.","BILLING_PAYMENT"
738,"the two-factor code is rejected every time i try to sign in. any help would be appreciated.","ACCOUNT_ACCESS"
739,"How can I find my activity history?","HOW_TO_SUPPORT"
740,"Good morning, I am a sutdent working on a school project about your product, who can I talk to?","OTHER"
741,"Hi, Is there a guide that shows how to archive old projects?","HOW_TO_SUPPORT"
742,"Dear support team, Feature request: a calendar view.","FEATURE_REQUEST"
743,"Hello support, The page never finishes loading and only shows a blank white screen. Thank you.","TECHNICAL_ISSUE"
744,"Please add a search bar to the billing page.","FEATURE_REQUEST"
745,"Good afternoon, The API returns a error code 403 when I call the endpoint.","TECHNICAL_ISSUE"
746,"The page never finishes loading and only shows a server error. Regards.","TECHNICAL_ISSUE"
747,"I cannot log in on my iPad.","ACCOUNT_ACCESS"
748,"Do you have a tutorial on how to rename a project","HOW_TO_SUPPORT"
749,"My renewal payment failed and now my subscription shows as past due. Please help.","BILLING_PAYMENT"
750,"Good morning, The receipt email for my payment never arrived.","BILLING_PAYMENT"
751,"Hi, The system says the Word document format is not supported even though it is valid.","TECHNICAL_ISSUE"
752,"My username is not recognized on the login page. Thanks in advance.","ACCOUNT_ACCESS"
753,"Please unlock my account, I entered the wrong password several times. Regards.","ACCOUNT_ACCESS"
754,"I am trying to archive old projects but I cannot find the option. Where is it","HOW_TO_SUPPORT"
755,"Hi there, The system says the spreadsheet format is not supported even though it is valid.","TECHNICAL_ISSUE"
756,"Please credit my account for the payment error this month. Thanks a lot.","BILLING_PAYMENT"
757,"Hello team, My bank shows a pneding charge of $59.99 that I do not recognize. Any help would be appreciated.","BILLING_PAYMENT"
758,"Hi there, Where do I go in the admin console to change my integration settings? Regards.","HOW_TO_SUPPORT"
759,"Any documentation on how to create a new project?","HOW_TO_SUPPORT"
760,"Where is your comapny located?","OTHER"
761,"it would be great to have auto save in the profile page.","FEATURE_REQUEST"
762,"why was i billed eur 15 when my plan should be cheaper? thank you.","BILLING_PAYMENT"
763,"I cannot access my dashboard because it says I do not have permission","ACCOUNT_ACCESS"
764,"Can I get a call back from smoeone on your team? Please advise","OTHER"
765,"Would you consider adding a Google Drive connection to your product?","FEATURE_REQUEST"
766,"The verification email never arrives in my inbox. Thanks a lot.","ACCOUNT_ACCESS"
767,"Good afternoon, Is there someone I can meet in person to talk about your product? Please advise.","OTHER"
768,"I would like to know who I should contact regarding a collaboration.","OTHER"
769,"Good afternoon, The app crashes every time I try to refresh. Thanks a lot.","TECHNICAL_ISSUE"
770,"Images are not displaying correctly on the workspace in Chrome. Let me know what to do.","TECHNICAL_ISSUE"
771,"Hello, I would like to speak with a sales representative about enterprise options. Please respond soon.","OTHER"
772,"I cannot log in since last night.","ACCOUNT_ACCESS"
773,"Is there a guide that shows how to import contacts from a CSV file?","HOW_TO_SUPPORT"
774,"Good afternoon, Please add support for exporting to PowerPoint and also a mobile widget.","FEATURE_REQUEST"
775,"Hey, Pelase add bulk actions to the project board.","FEATURE_REQUEST"
776,"Hi there, Hello, is anyone there? Thank you.","OTHER"
777,"Hi there, I wuold like to know who I should contact regarding a collaboration.","OTHER"
778,"Good morning, Thank you for your help, everything is fine now. Thank you.","OTHER"
779,"Please consider adidng a way to sort the list by multiple columns. Any help would be appreciated.","FEATURE_REQUEST"
780,"The download link gives a timeout error instead of the file. Any help would be appreciated.","TECHNICAL_ISSUE"
781,"I paid for the Enterprise plan but my account still shows the free tier.","BILLING_PAYMENT"
782,"I represent a media outlet and want to reach out to the press team. Please help.","OTHER"
783,"Can you walk me through how to print a report?","HOW_TO_SUPPORT"
784,"Images are not displaying corretcly on the inbox in Firefox. Thanks a lot.","TECHNICAL_ISSUE"
785,"Hello team, The receipt email for my payment never arrived.","BILLING_PAYMENT"
786,"Hi, I forgot my password and the reset link says it has expired.","ACCOUNT_ACCESS"
787,"I cannot log in on my iPhone. Let me know what to do.","ACCOUNT_ACCESS"
788,"Data I entered yesterday disappeared from the notifications panel.","TECHNICAL_ISSUE"
789,"Dear support team, Can you send me an ivnoice for the $99 payment?","BILLING_PAYMENT"
790,"Could you add an option to export tables as CSV?","FEATURE_REQUEST"
791,"Can you build a compact layout into the team page? Many users would benefit.","FEATURE_REQUEST"
792,"Data I entered yesterday disappeared from the task list.","TECHNICAL_ISSUE"
793,"Greetings, I would like instructions on how to change my password from the settings page. Thanks.","HOW_TO_SUPPORT"
794,"I am unable to sign in to my account since last night.","ACCOUNT_ACCESS"
795,"It would be nice to have login alerts by email.","FEATURE_REQUEST"
796,"My account is disabled and I need to get in rihgt now.","ACCOUNT_ACCESS"
797,"Hello team, Account recovery is not working, the verification email is not being sent. Thank you.","ACCOUNT_ACCESS"
798,"I would like to speak with a sales representative about enterprise options. Please advise.","OTHER"
799,"Greetings, I got charged in the wrong currency for my monthly plan.","BILLING_PAYMENT"
800,"Hello, What are your business hours? Thanks.","OTHER"
801,"Hi, Can I know more about your service before deciding?","OTHER"
802,"Hello, Hello, is anyone there? Please advise.","OTHER"
803,"Dear support team, The page shows an unexpected timeout error when I save my profile.","TECHNICAL_ISSUE"
804,"My subscription renewed automatically and I did not want that, please refund me. Thanks in advance","BILLING_PAYMENT"
805,"We really need saved views on the search page, please consider it.","FEATURE_REQUEST"
806,"Buttons on the notifications panel do not respond when I clcik them. Thank you.","TECHNICAL_ISSUE"
807,"Good afternoon, My card was charged three times for June. Please help.","BILLING_PAYMENT"
808,"My team would love to have custom themes. Is it on the roadmap?","FEATURE_REQUEST"
809,"dear support team, my card was charged twice this month.","BILLING_PAYMENT"
810,"My pyament was successful but my subscription is still inactive. Any help would be appreciated.","BILLING_PAYMENT"
811,"Dear support team, I need to update the billing adderss on my invoice.","BILLING_PAYMENT"
812,"Good afternoon, My card was charged twice for March.","BILLING_PAYMENT"
813,"I changed my phone number and now I canont get the login code.","ACCOUNT_ACCESS"
814,"I cannot access my notifications panel because it says I do not have permission.","ACCOUNT_ACCESS"
815,"Good morning, I cannot log in atfer turning on two-factor authentication.","ACCOUNT_ACCESS"
816,"Can you walk me through how to rename a project","HOW_TO_SUPPORT"
817,"Please let us export contact lists to PowerPoint.","FEATURE_REQUEST"
818,"Images are not displaying correctly on the task list in Chrome.","TECHNICAL_ISSUE"
819,"Greetings, How do I invite a member to my workspace? Thanks in advance.","HOW_TO_SUPPORT"
820,"I cannot log in after turning on two-factor authentication. Thanks.","ACCOUNT_ACCESS"
821,"Hi there, The confirmation email never arrives in my inbox.","ACCOUNT_ACCESS"
822,"hi team, everything works on my computer but the mobile app crashes on my ipad.","TECHNICAL_ISSUE"
823,"There is a bug where the task list shows duplicate entries after I refresh.","TECHNICAL_ISSUE"
824,"Good afternoon, File uploads stay stuck at zero percent. Regards","TECHNICAL_ISSUE"
825,"Could you tell me how to change my notification settings?","HOW_TO_SUPPORT"
826,"Hi, My invitation link to join the team does not let me sign in.","ACCOUNT_ACCESS"
827,"Hey, Video previews will not play in the admin console.","TECHNICAL_ISSUE"
828,"I was charged for extra seats that I did not add. Thanks.","BILLING_PAYMENT"
829,"Please forward this message to customer success. Thanks in advance.","OTHER"
830,"Greetings, We really need a favorites list on the reports page, please cosnider it.","FEATURE_REQUEST"
831,"Dear support team, Is your service available in Kenya?","OTHER"
832,"Good morning, Product idea: let us set reminders on tasks. Regards.","FEATURE_REQUEST"
833,"Good afternoon, Test message, please ignore.","OTHER"
834,"Greetings, Search returns no results even for items that I know exist.","TECHNICAL_ISSUE"
835,"I am new here, how do I change the language of the interface? Thank you","HOW_TO_SUPPORT"
836,"Feature request: the ability to restore deleted items from a trash folder.","FEATURE_REQUEST"
837,"I wish the analytics page had custom filters.","FEATURE_REQUEST"
838,"The app crashes every time I try to download.","TECHNICAL_ISSUE"
839,"Good afternoon, Please forward this message to the legal department","OTHER"
840,"Dear support team, I cannot log in after changing my email address. Regards.","ACCOUNT_ACCESS"
841,"Hello, The verification step keeps failing when I try to sign in, for two days.","ACCOUNT_ACCESS"
842,"Please send an invoice for my latest Business subscription payment.","BILLING_PAYMENT"
843,"dear support team, i have some questions about your company before i proceed. any help would be appreciated.","OTHER"
844,"Would you consider adding a Slcak connection to your product?","FEATURE_REQUEST"
845,"I am trying to invite a member to my workspace but I cannot find the option. Where is it?","HOW_TO_SUPPORT"
846,"I would like to know who I should contact regarding a collaboration. Thanks a lot.","OTHER"
847,"Hello team, I need to change the credit card used for my subscription payments.","BILLING_PAYMENT"
848,"Hi there, Please add IP allow listing for account security.","FEATURE_REQUEST"
849,"Everything works on my computer but the task list crashes on my Linux machine.","TECHNICAL_ISSUE"
850,"Greetings, Login fails on Chrome with an authentication failed message.","ACCOUNT_ACCESS"
851,"What are the steps to create a custom report? Please respond soon.","HOW_TO_SUPPORT"
852,"hello, i cannot log in since the laetst update.","ACCOUNT_ACCESS"
853,"The submit button does nothing on the team page.","TECHNICAL_ISSUE"
854,"I cannot access my bililng page because it says I do not have permission.","ACCOUNT_ACCESS"
855,"It would be helpful if the settings page supported templates.","FEATURE_REQUEST"
856,"Please add drag and drop to the team page. Please advise.","FEATURE_REQUEST"
857,"The settings page is very slow and keeps freezing on my Android phone.","TECHNICAL_ISSUE"
858,"Why did the price of my Team plan go up? Please respond soon.","BILLING_PAYMENT"
859,"Dear support team, Can you help me regain access to my account? I cannot reach my data.","ACCOUNT_ACCESS"
860,"Account recovery is not working, the verification email is not being sent.","ACCOUNT_ACCESS"
861,"Greetings, I am locked out after too many failed login attempts","ACCOUNT_ACCESS"
862,"Can you walk me through how to change my time zone?","HOW_TO_SUPPORT"
863,"Good afternoon, I wuold like to speak with a sales representative about enterprise options.","OTHER"
864,"I forogt my password and the reset link says it has expired. Thank you.","ACCOUNT_ACCESS"
865,"The reset link does nothing when I click it. Please advise.","ACCOUNT_ACCESS"
866,"Everything works on my computer but the team page crashes on my MacBook.","TECHNICAL_ISSUE"
867,"Do you supprot customers based in Mexico?","OTHER"
868,"The page shows an unexpected blank white screen when I save my profile. Thanks.","TECHNICAL_ISSUE"
869,"Hey, An option for custom themes would make the product much better.","FEATURE_REQUEST"
870,"How do I print a report? Regards.","HOW_TO_SUPPORT"
871,"Please send biweekly team updtaes to my inbox automatically, it would help a lot. Thanks in advance.","FEATURE_REQUEST"
872,"I cannot log in since the latest update.","ACCOUNT_ACCESS"
873,"Can I get a call back from someone on your team? Please advise.","OTHER"
874,"Which page lets me manage my export options? Regards.","HOW_TO_SUPPORT"
875,"Good afternoon, Why is my account frozen? I need it restored as soon as possible.","ACCOUNT_ACCESS"
876,"I want to leave general feedback abuot my experience.","OTHER"
877,"Images are not displaying correctly on the mobile app in Safari.","TECHNICAL_ISSUE"
878,"My team would love to have a favorites list. Is it on the roadmap?","FEATURE_REQUEST"
879,"Good afternoon, Please show me how to pin a dashboard as my home page.","HOW_TO_SUPPORT"
880,"Why did the price of my Business plan go up?","BILLING_PAYMENT"
881,"Hi there, My subscription renewed automatically and I did not want that, plesae refund me.","BILLING_PAYMENT"
882,"Hey, My colleague left the company and I need access to the admin account.","ACCOUNT_ACCESS"
883,"Greetings, I need to talk to someone but I do not know what to select.","OTHER"
884,"The autosave is broken and my work was lost an hour ago. Thanks.","TECHNICAL_ISSUE"
885,"It would be nice to have login alerts by email. Thanks in advance.","FEATURE_REQUEST"
886,"Hi team, My credit card was declined but my bank says there is no problem.","BILLING_PAYMENT"
887,"Hello, I was billed $59.99 twice for the same subscription.","BILLING_PAYMENT"
888,"There is an unknown charge of GBP 12 from your company on my bank statement.","BILLING_PAYMENT"
889,"Dear support team, I would like more information before I create an account. Thanks a lot.","OTHER"
890,"I cannot log in after resetting my password. Please advise.","ACCOUNT_ACCESS"
891,"Hi there, I represent a media outlet and want to reach out to the press team.","OTHER"
892,"Is there a guide that shows how to export my data?","HOW_TO_SUPPORT"
893,"Hi there, The mobile app closes immediately after opneing on my tablet.","TECHNICAL_ISSUE"
894,"Dear support team, My team would love to have templates. Is it on the roadmap?","FEATURE_REQUEST"
895,"Hello support, Please forward this message to the right department.","OTHER"
896,"just started using the product, need to know how to change the date format.","HOW_TO_SUPPORT"
897,"Can you build an undo button into the notifications panel? Many users would benefit.","FEATURE_REQUEST"
898,"I want to leave general feedback about my experience. Please respond soon.","OTHER"
899,"Please let us export analytics data to Google Sheets.","FEATURE_REQUEST"
900,"The app freezes when I try to sync a large PNG image.","TECHNICAL_ISSUE"
901,"The discount pormised to me is not reflected on my bill. Any help would be appreciated.","BILLING_PAYMENT"
902,"It would be helpful if the task list supported a kanban view.","FEATURE_REQUEST"
903,"There is a mistake in my latest invoice, the total does not match the plan price. Please help.","BILLING_PAYMENT"
904,"Hi team, The exported Word document is corrupted and cannot be opened.","TECHNICAL_ISSUE"
905,"Hi there, I am stuck in a loop where the site asks me to verify my email again and again. Please respond soon.","ACCOUNT_ACCESS"
906,"Hi team, The app crashes every time I try to download.","TECHNICAL_ISSUE"
907,"Greetings, How can I remove a user from my team? Please respond soon.","HOW_TO_SUPPORT"
908,"Add version history please, it is missing from the admin console","FEATURE_REQUEST"
909,"Dear support team, Suggestion: allow users to restore deleted items from a trash folder. Please advise.","FEATURE_REQUEST"
910,"Hey, I want to leave general feedback about my experience. Let me know what to do.","OTHER"
911,"I keep getting an invalid password msesage even though I am typing it correctly. Any help would be appreciated.","ACCOUNT_ACCESS"
912,"Hi there, I have a general inquiry that does not fit any of the topics. Thanks a lot.","OTHER"
913,"Greetings, Data I entered yesterday disappeared from the task list.","TECHNICAL_ISSUE"
914,"My account is disabled and I need access urgently","ACCOUNT_ACCESS"
915,"Please add an undo button to the team page. Please respond soon.","FEATURE_REQUEST"
916,"Charts on the project board do not load.","TECHNICAL_ISSUE"
917,"I was charged $14 this quarter but I expected a different amount.","BILLING_PAYMENT"
918,"Please add auto save to the team page.","FEATURE_REQUEST"
919,"Hello support, How did your company start? I am curious","OTHER"
920,"Can you walk me through how to make a teammate an admin?","HOW_TO_SUPPORT"
921,"Hello, Everything on the search page is loading extremely slowly since Monday.","TECHNICAL_ISSUE"
922,"Greetings, I was billed EUR 39 twice for the same subscription","BILLING_PAYMENT"
923,"Why was I billed EUR 39 when my plan should be cheaper?","BILLING_PAYMENT"
924,"A pop up with a generic error message appears every time I try to delete.","TECHNICAL_ISSUE"
925,"Hi, I would like the option to mark items as favorites in a future release. Any help would be appreciated","FEATURE_REQUEST"
926,"Can I pay by bank transfer instead of card? My card keeps getting declined. Please help.","BILLING_PAYMENT"
927,"my account is disabled and i need it restored as soon as possible.","ACCOUNT_ACCESS"
928,"i would like the option to add custom fields to every project in a future release. let me know what to do.","FEATURE_REQUEST"
929,"Good afternoon, My credit card was declined but my bank says there is no problem.","BILLING_PAYMENT"
930,"Hi, Could someone give me an overview of what your cmopany does?","OTHER"
931,"Data I entered yesterday disappeared from the admin console. Please help.","TECHNICAL_ISSUE"
932,"good afternoon, can i get a call back from someone on your team?","OTHER"
933,"Hey, Why is my account frozen? I cannot reach my data. Any help would be appreciated.","ACCOUNT_ACCESS"
934,"Hello team, My card was charged three times this month. Any help would be appreciated.","BILLING_PAYMENT"
935,"How do I use the search page to use filters on the dashboard?","HOW_TO_SUPPORT"
936,"Hello team, After I reset my password the new one is not accepted","ACCOUNT_ACCESS"
937,"good afternoon, please add support for exporting to google sheets and also a calendar view.","FEATURE_REQUEST"
938,"Hi there, I have a general inquiry that does not fit any of the topics.","OTHER"
939,"How can I set my working hours? Thanks in advance.","HOW_TO_SUPPORT"
940,"Good morning, I am new here, how do I invite a member to my workspace?","HOW_TO_SUPPORT"
941,"the application crashes when i click share.","TECHNICAL_ISSUE"
942,"Do you have a partnesrhip program?","OTHER"
943,"Hello, Which page lets me manage my language settings? Please help.","HOW_TO_SUPPORT"
944,"Hello support, The payment page rejects my card and I cannot renew my Premium plan.","BILLING_PAYMENT"
945,"Hello, I was charged for extra seats that I did not add.","BILLING_PAYMENT"
946,"Could someone give me an overview of what your company does? Please respond soon.","OTHER"
947,"Hello team, There is a bug where the workspace shows duplicate entries after I refresh. Thanks.","TECHNICAL_ISSUE"
948,"Can I get a call back from someone on your team? Any help would be appreciated.","OTHER"
949,"How do I link my account to Slack?","HOW_TO_SUPPORT"
950,"Can you explain how to add a comment to a task? Please advise.","HOW_TO_SUPPORT"
951,"Please stop future charges to my card and cancel my subscription. Thanks a lot.","BILLING_PAYMENT"
952,"Which page lets me manage my profile information? Please help","HOW_TO_SUPPORT"
953,"The exporetd JPEG photo is corrupted and cannot be opened.","TECHNICAL_ISSUE"
954,"Hi team, I would like to speak with a sales representative about enterprise options. Regards.","OTHER"
955,"Greetings, My card was charged twice for June.","BILLING_PAYMENT"
956,"it would be great to have drag and drop in the project board.","FEATURE_REQUEST"
957,"Any documentation on how to create a template?","HOW_TO_SUPPORT"
958,"the verification step keeps failing when i try to sign in, since this morning.","ACCOUNT_ACCESS"
959,"Good afternoon, I am not able to log in from my work computer but it works on my computer.","ACCOUNT_ACCESS"
960,"It would improve my workflow if I could see who viewed a shared report.","FEATURE_REQUEST"
961,"Hello, How do I archive old projects?","HOW_TO_SUPPORT"
962,"My account has been deactivated and I do not know why. Thanks in advance.","ACCOUNT_ACCESS"
963,"The exported spreadsheet is corurpted and cannot be opened.","TECHNICAL_ISSUE"
964,"Do you have any security certifications? Please respond soon.","OTHER"
965,"The login page keeps redirecting me back to the sign in screen. Let me know what to do.","ACCOUNT_ACCESS"
966,"Please add custom themes to the analytics page.","FEATURE_REQUEST"
967,"I am trying to restore a deleted file but I cannot find the option. Where is it?","HOW_TO_SUPPORT"
968,"Which page lets me manage my notification settings?","HOW_TO_SUPPORT"
969,"Hi, I changed my email address and now I cannot access my account.","ACCOUNT_ACCESS"
970,"The confirmation eamil never arrives in my inbox.","ACCOUNT_ACCESS"
971,"Text is cut off and overlapping on the admin console on my tablet.","TECHNICAL_ISSUE"
972,"Everything works on my computer but the analytics page crashes on my Android phone.","TECHNICAL_ISSUE"
973,"I get a timeout error when I try to save on the team page","TECHNICAL_ISSUE"
974,"I am stuck in a loop whree the site asks me to verify my email again and again.","ACCOUNT_ACCESS"
975,"Do you have a tutroial on how to rename a project?","HOW_TO_SUPPORT"
976,"Is there a guide that shows how to invite a member to my workspace?","HOW_TO_SUPPORT"
977,"I represent a media outlet and want to reach out to the press team. Regards.","OTHER"
978,"I would like instructions on how to change the date format.","HOW_TO_SUPPORT"
979,"What is the easiest way to change the date format? Please help.","HOW_TO_SUPPORT"
980,"Hi team, I want a refund because I was billed after cancelling.","BILLING_PAYMENT"
981,"I was charged $14 for a plan I never upgraded to.","BILLING_PAYMENT"
982,"Good morning, My changes are not saved, the task list reverts to the old values.","TECHNICAL_ISSUE"
983,"greetings, i forgot the email i used to register and cannot get into my account.","ACCOUNT_ACCESS"
984,"Hello team, Can you build version history into the settings page? Many users would benefit.","FEATURE_REQUEST"
985,"Could someone give me an overview of what your company does? Thanks in advance.","OTHER"
986,"Good afternoon, It wuold be great if we could customize the dashboard layout.","FEATURE_REQUEST"
987,"The application crashes when I click print","TECHNICAL_ISSUE"
988,"Hello team, My payment was successful but my subscription is still inactive.","BILLING_PAYMENT"
989,"Suggestion: allow users to mark items as favorites. Thanks a lot.","FEATURE_REQUEST"
990,"My ivnitation link to join the team does not let me sign in.","ACCOUNT_ACCESS"
991,"Good afternoon, I was charged $99 yesterday but I expected a different amount.","BILLING_PAYMENT"
992,"Good morning, Could you tell me how to download a report?","HOW_TO_SUPPORT"
993,"Hello team, I need a receipt for my payment yesterday for tax purposes. Thank you.","BILLING_PAYMENT"
994,"Hello team, Product idea: let us customize the dashboard layout","FEATURE_REQUEST"
995,"Could you add version history to the admin console?","FEATURE_REQUEST"
996,"Greetings, I would like to get in touch with your security team.","OTHER"
997,"Hello team, How do I use the project board to find my activity history?","HOW_TO_SUPPORT"
998,"How do I use the profile page to change my time zone? Any help would be appreciated.","HOW_TO_SUPPORT"
999,"Hello team, I cannot log in after the latest update. Please help.","ACCOUNT_ACCESS"
1000,"Good morning, The sync between my devices has stopped working.","TECHNICAL_ISSUE"
1001,"Hey, How do I use the settings page to create a custom report?","HOW_TO_SUPPORT"
1002,"Hey, Could you tell me how to remove a user from my team?","HOW_TO_SUPPORT"
1003,"Hello, I am not sure who to ask about this.","OTHER"
1004,"Hi there, The payment went through but I did not get a confirmation and my account is not upgraded. Regards.","BILLING_PAYMENT"
1005,"Hello team, I am getting a something went wrong message whenever I open the dashboard.","TECHNICAL_ISSUE"
1006,"I cannot log in after changing my email address. Please advise.","ACCOUNT_ACCESS"
1007,"My card was charged three times for my annual plan","BILLING_PAYMENT"
1008,"Hi there, The payment went through but I did not get a confirmation and my account is not upgraded. Thank you.","BILLING_PAYMENT"
1009,"The confirmation email never arrives in my inbox. Please help.","ACCOUNT_ACCESS"
1010,"Uploading a video file gets stuck at 1 percent and never finishes.","TECHNICAL_ISSUE"
1011,"I cannot log in for the past few days.","ACCOUNT_ACCESS"
1012,"Hi there, I need a receipt for my payment this month for tax purposes.","BILLING_PAYMENT"
1013,"Hi there, Where can I change my integration settings?","HOW_TO_SUPPORT"
1014,"It would be great if we could mark items as favorites. Thank you.","FEATURE_REQUEST"
1015,"Good afternoon, I am not sure who to ask about this.","OTHER"
1016,"Login fails on Opera with an authentication failed message.","ACCOUNT_ACCESS"
1017,"Uploading a JPEG photo gets stuck at 99 percent and never finishes. Thank you.","TECHNICAL_ISSUE"
1018,"Hi, What is the easiest way to acrhive old projects?","HOW_TO_SUPPORT"
1019,"Hi, Do you have a partnership program?","OTHER"
1020,"Please credit my account for the payment error last month.","BILLING_PAYMENT"
1021,"Hi there, Could someone give me an overview of what your company does? Please help.","OTHER"
1022,"Is there a guide that shows how to change my notification settings?","HOW_TO_SUPPORT"
1023,"Dear support team, I would like to get in touch with the right department.","OTHER"
1024,"Please forward this message to the right department. Thank you","OTHER"
1025,"Can you help me regain access to my account? I need it restored as soon as possible. Regards.","ACCOUNT_ACCESS"
1026,"Good morning, Please forward this message to your security team.","OTHER"
1027,"I would like to know who I should contact regarding a collaboration. Let me know what to do.","OTHER"
1028,"Can someone explain how to use the team page? Thanks.","HOW_TO_SUPPORT"
1029,"Good morning, Are you planning to release offline mode in the future?","FEATURE_REQUEST"
1030,"Hi team, The sync between my devices has stopped working.","TECHNICAL_ISSUE"
1031,"Hello support, Can you recommend which team I should contact for my request? Please respond soon.","OTHER"
1032,"Hi, The notifications panel shows a generic error message since Monday.","TECHNICAL_ISSUE"
1033,"Hi, My account is locked and I need access urgently.","ACCOUNT_ACCESS"
1034,"It would be helpful if the reports page supported bulk actions","FEATURE_REQUEST"
1035,"Good morning, Could you tell me how to restore a deleted file?","HOW_TO_SUPPORT"
1036,"I lost my phone and canont receive the verification code to sign in.","ACCOUNT_ACCESS"
1037,"How can I change the language of the interface?","HOW_TO_SUPPORT"
1038,"Video previews will not play in the profile page.","TECHNICAL_ISSUE"
1039,"Are you currenlty hiring?","OTHER"
1040,"Please credit my account for the payment error for my annual plan.","BILLING_PAYMENT"
1041,"I am stuck in a loop where the site asks me to verify my email again and again. Thank you.","ACCOUNT_ACCESS"
1042,"I cannot access my reports page because it says I do not have permission","ACCOUNT_ACCESS"
1043,"Please add a Salesforce integration, our whole team uses it. Please advise.","FEATURE_REQUEST"
1044,"Hello, I think I sent this to the wrong place, who is the right contact","OTHER"
1045,"Hi, Can someone explain how to use the project board","HOW_TO_SUPPORT"
1046,"Do you support customers based in Brazil? Please advise.","OTHER"
1047,"Good morning, Can you explain how to pin a dashboard as my home page? Please advise.","HOW_TO_SUPPORT"
1048,"A pop up with a generic error message appears every time I try to save.","TECHNICAL_ISSUE"
1049,"Buttons on the search page do not respond when I click them","TECHNICAL_ISSUE"
1050,"Good afternoon, I am trying to set up my workspace for the first time but I cannot find the option. Where is it?","HOW_TO_SUPPORT"
1051,"Images are not displaying correctly on the notifications panel in Brave.","TECHNICAL_ISSUE"
1052,"I am trying to change my display name but I cannot find the option. Where is it? Any help would be appreciated.","HOW_TO_SUPPORT"
1053,"Hi, The page shows an unexpected 502 bad gateway when I save my profile.","TECHNICAL_ISSUE"
1054,"Hi there, It would be great to have an undo button in the profile page. Thank you.","FEATURE_REQUEST"
1055,"Hi, I cannot log in after turning on two-factor authentication","ACCOUNT_ACCESS"
1056,"can you send me some infomration about what you offer?","OTHER"
1057,"My PayPal payment failed but the money left my account.","BILLING_PAYMENT"
1058,"I am not sure who to ask about this. Any help would be appreciated.","OTHER"
1059,"Can I know more about your service before deciding? Thanks a lot.","OTHER"
1060,"We really need a favorites list on the settings page, please consider it.","FEATURE_REQUEST"
1061,"Hello team, I got a new phone and my authenticator app no longer works, so I cannot log in.","ACCOUNT_ACCESS"
1062,"The download link gives a timeout error instead of the file.","TECHNICAL_ISSUE"
1063,"Hi there, I forgot my password and the rseet link says it has expired. Thanks a lot","ACCOUNT_ACCESS"
1064,"Dear support team, Payment status says pending for days, and my subscription is still not active.","BILLING_PAYMENT"
1065,"What are the steps to turn on email alerts?","HOW_TO_SUPPORT"
1066,"How can I change the date format?","HOW_TO_SUPPORT"
1067,"Can you send me some information about what you offer?","OTHER"
1068,"Hi, My payment was successful but my subscription is still inactive. Any help would be appreciated.","BILLING_PAYMENT"
1069,"Hi team, Can you recommend which team I should contact for my request?","OTHER"
1070,"How do I use the search page to merge duplicate entries?","HOW_TO_SUPPORT"
1071,"Hi, The page shows an unexpected sevrer error when I save my profile. Please respond soon.","TECHNICAL_ISSUE"
1072,"Good morning, Please consider adding a way to filter by date range. Please help.","FEATURE_REQUEST"
1073,"I would like instructions on how to restore a deleted file.","HOW_TO_SUPPORT"
1074,"The payment went through but I did not get a confirmation and my account is not upgraded. Let me know what to do.","BILLING_PAYMENT"
1075,"Hello support, Which page lets me manage my email preferences? Thank you.","HOW_TO_SUPPORT"
1076,"Why is my account suspended? I need access urgently.","ACCOUNT_ACCESS"
1077,"Hey, Not sure how to merge duplicate entries, can you point me to the right help article?","HOW_TO_SUPPORT"
1078,"My changes are not saved, the team page reverts to the old values.","TECHNICAL_ISSUE"
1079,"Login fails on Chrome with an authentication faield message.","ACCOUNT_ACCESS"
1080,"Feature request: the ability to tag items with labels","FEATURE_REQUEST"
1081,"Dear support team, Is there a guide that shows how to invite a member to my workspace? Thanks in advance.","HOW_TO_SUPPORT"
1082,"Is your service available in France?","OTHER"
1083,"Hi team, Is there someone I can meet in person to talk about your product?","OTHER"
1084,"Hi team, My renewal payment failed and now my subscription shows as past due.","BILLING_PAYMENT"
1085,"Hey, Could you add templates to the notifications panel?","FEATURE_REQUEST"
1086,"Good morning, There is an unknown charge of $249 from your company on my bank statement.","BILLING_PAYMENT"
1087,"Hey, I cannot log into my account, it says the email address is not registered but I have used it before.","ACCOUNT_ACCESS"
1088,"account recovery is not working, the password reset email is not being sent.","ACCOUNT_ACCESS"
1089,"Good afternoon, I get an access denied message when I try to open my workspace.","ACCOUNT_ACCESS"
1090,"Thakns for the great support last week!","OTHER"
1091,"We really need a mobile widget on the project board, please consider it.","FEATURE_REQUEST"
1092,"Hey, Do you support customers based in Germany? Thank you.","OTHER"
1093,"Dear support team, I forgot my password and the reset link says it has expired. Thank you.","ACCOUNT_ACCESS"
1094,"I have a question about your service. Please advise.","OTHER"
1095,"Hey, Do you support customers based in Nigeria?","OTHER"
1096,"I would like to get in touch with customer success.","OTHER"
1097,"Hi, After I reset my password the new one is not accepted.","ACCOUNT_ACCESS"
1098,"Is there a guide that shows how to transfer ownership of a workspace?","HOW_TO_SUPPORT"
1099,"I would love to see an integration with Notion. Please advise.","FEATURE_REQUEST"
1100,"Hi, I was billed GBP 45 twice for the same subscription. Please advise","BILLING_PAYMENT"
1101,"Hi there, My username is not recognized on the login page. Regards","ACCOUNT_ACCESS"
1102,"How did your company start? I am curious. Thank you.","OTHER"
1103,"Please unlock my account, I entered the wrong password sevearl times.","ACCOUNT_ACCESS"
1104,"Good afternoon, The dashboard numbers are wrong and do not match the raw data.","TECHNICAL_ISSUE"
1105,"I want to switch to annual billing to get the discount, how is the payment handled? Please respond soon.","BILLING_PAYMENT"
1106,"Please show me how to set my working hours. Thanks in advance.","HOW_TO_SUPPORT"
1107,"The verification step keeps faliing when I try to sign in, since yesterday.","ACCOUNT_ACCESS"
1108,"Any documentation on how to update my profile picture? Thanks a lot.","HOW_TO_SUPPORT"
1109,"Please add a calendar view to the admin console.","FEATURE_REQUEST"
1110,"I need a recepit for my payment this month for tax purposes.","BILLING_PAYMENT"
1111,"Hey, It would be great if we could duplicate an entire project.","FEATURE_REQUEST"
1112,"Good morning, Thanks for the great support last week!","OTHER"
1113,"I am not able to log in from my tablet but it works on my computer. Please respond soon","ACCOUNT_ACCESS"
1114,"Hello, Can someone contact me about an issue?","OTHER"
1115,"hello support, what is the easiest way to export my data? thanks a lot.","HOW_TO_SUPPORT"
1116,"Hey, How can I change my time zone?","HOW_TO_SUPPORT"
1117,"The settings page shows a timeout error since last night. Thanks a lot.","TECHNICAL_ISSUE"
1118,"could you add bulk actions to the search page?","FEATURE_REQUEST"
1119,"Is there a guide that shows how to create a custom report?","HOW_TO_SUPPORT"
1120,"Hello support, Sign in with single sign-on fails and shows an unauthorized message. Thank you.","ACCOUNT_ACCESS"
1121,"Not sure how to set up my workspace for the first time, can you point me to the right help article?","HOW_TO_SUPPORT"
1122,"Good afternoon, Can you walk me through how to import contacts from a CSV file? Any help would be appreciated.","HOW_TO_SUPPORT"
1123,"Could someone give me an overview of what your company does? Thanks.","OTHER"
1124,"It would be great to have a favorites list in the task list.","FEATURE_REQUEST"
1125,"The payment went through but I did not get a confirmation and my account is not upgraded. Thanks in advance.","BILLING_PAYMENT"
1126,"Good morning, Which page lets me manage my time zone settings?","HOW_TO_SUPPORT"
1127,"Dear support team, The API returns a error code 403 when I call the endpoint.","TECHNICAL_ISSUE"
1128,"Where can I find the default dashboard?","HOW_TO_SUPPORT"
1129,"The mobile app closes immediately after opening on my Android phone. Any help would be appreciated.","TECHNICAL_ISSUE"
1130,"I need a receipt for my payment this month for tax purposes.","BILLING_PAYMENT"
1131,"Any plans to support German in the interface? Thanks a lot.","FEATURE_REQUEST"
1132,"Unable to sign in on Firefox, it just keeps reloading the login page. Any help would be appreciated.","ACCOUNT_ACCESS"
1133,"Hey, The settings page becomes blank when I upload a CSV file","TECHNICAL_ISSUE"
1134,"Greetings, My invitation link to join the team does not let me sign in.","ACCOUNT_ACCESS"
1135,"Hello support, I would like instructions on how to create a new project.","HOW_TO_SUPPORT"
1136,"The autosave is broken and my work was lost since Monday. Thanks in advance.","TECHNICAL_ISSUE"
1137,"Do you support customers based in Sri Lanka? Please respond soon.","OTHER"
1138,"Are you currently hiring? Thanks a lot.","OTHER"
1139,"Images are not displaying correctly on the calendar in Edge.","TECHNICAL_ISSUE"
1140,"Hello support, Notifications are not being delivered to my phone.","TECHNICAL_ISSUE"
1141,"Please add passkey support for account security.","FEATURE_REQUEST"
1142,"Hi, Please send an invoice for my latest Basic subscription payment.","BILLING_PAYMENT"
1143,"I forgot the email I used to rgeister and cannot get into my account.","ACCOUNT_ACCESS"
1144,"Text is cut off and overlapping on the mobile app on my MacBook.","TECHNICAL_ISSUE"
1145,"My card was charged twice on the first of the month.","BILLING_PAYMENT"
1146,"Greetings, Please get back to me when you can, I have a few questions.","OTHER"
1147,"Hi, Can I know more about your sevrice before deciding?","OTHER"
1148,"Hello, Can I know more about your service before deciding?","OTHER"
1149,"I wish the calendar had a compact layout.","FEATURE_REQUEST"
1150,"My account is suspended and I cannot reach my data.","ACCOUNT_ACCESS"
1151,"Hi team, I am getting a blank white screen whenever I open the notifications panel.","TECHNICAL_ISSUE"
1152,"The website does not work properly in Chrome, but it is fine in another browser.","TECHNICAL_ISSUE"
1153,"Hi, I upgraded my plan but the chrage shows the wrong amount.","BILLING_PAYMENT"
1154,"Hi there, I was charged after my free trial ended without any reminder.","BILLING_PAYMENT"
1155,"Hello team, I am new here, how do I turn on email alerts?","HOW_TO_SUPPORT"
1156,"hi, thanks for the great support last week! please help.","OTHER"
1157,"Can you explain how to change my display name","HOW_TO_SUPPORT"
1158,"Hello, Whree can I change my language settings?","HOW_TO_SUPPORT"
1159,"Uploading a Excel file gets stuck at 10 percent and never finishes.","TECHNICAL_ISSUE"
1160,"Good morning, Video previews will not play in the inbox.","TECHNICAL_ISSUE"
1161,"Hi there, I would like a refund for the $59.99 charge this month.","BILLING_PAYMENT"
1162,"Can you build a search bar into the search page? Many users would benefit. Thanks in advance.","FEATURE_REQUEST"
1163,"Hello support, Sign in with single sign-on fails and shows an unauthorized message.","ACCOUNT_ACCESS"
1164,"Greetings, I cannot log in after changing my email address.","ACCOUNT_ACCESS"
1165,"Hi there, It would be useful to receive daily activity reports by email. Thanks in advance.","FEATURE_REQUEST"
1166,"Good morning, I cannot log in after resetting my password. Let me know what to do","ACCOUNT_ACCESS"
1167,"Dear support team, The app crashes every time I try to delete.","TECHNICAL_ISSUE"
1168,"Can you send me an invoice for the $49 payment?","BILLING_PAYMENT"
1169,"Hello support, Login fails on Chrome with an authentication failed message.","ACCOUNT_ACCESS"
1170,"Hello team, I am unable to sign in to my account since Monday.","ACCOUNT_ACCESS"
1171,"Hi there, The system says the Word document format is not supported even though it is valid","TECHNICAL_ISSUE"
1172,"I was charged $249 for a plan I never upgraded to.","BILLING_PAYMENT"
1173,"The import button does nothing on the search page.","TECHNICAL_ISSUE"
1174,"Can you send me some information about what you offer? Let me know what to do.","OTHER"
1175,"Hi, I am locked out afetr too many failed login attempts.","ACCOUNT_ACCESS"
1176,"My account was hacked and I cannot log in anymore. Please help.","ACCOUNT_ACCESS"
1177,"Which page lets me manage my time zone settings?","HOW_TO_SUPPORT"
1178,"Greetings, Plaese send quarterly email digests to my inbox automatically, it would help a lot.","FEATURE_REQUEST"
1179,"Please send an invoice for my latest Premium subscription payment. Thanks in advance.","BILLING_PAYMENT"
1180,"Hello, I forgot the email I used to register and cannot get into my account.","ACCOUNT_ACCESS"
1181,"Hi there, I have been overcharged for March, please look into my billing","BILLING_PAYMENT"
1182,"Hi there, Could someone give me an overview of what your company does? Thanks in advance.","OTHER"
1183,"The submit button does nothing on the inbox.","TECHNICAL_ISSUE"
1184,"Which page lets me manage my display name? Let me know what to do","HOW_TO_SUPPORT"
1185,"Hey, I have a general inquiry that does not fit any of the topics. Thanks.","OTHER"
1186,"What is the easiest way to update my profile picture?","HOW_TO_SUPPORT"
1187,"Hello team, Thanks for the great support last week! Let me know what to do.","OTHER"
1188,"The website does not work properly in Firefox, but it is fine in another browser. Thank you","TECHNICAL_ISSUE"
1189,"Hi team, I want to report something that does not fit any category.","OTHER"
1190,"Hi team, I would like a refund for the GBP 45 charge for June. Regards.","BILLING_PAYMENT"
1191,"Hello support, Is there a guide that shows how to rename a project? Thanks in advance.","HOW_TO_SUPPORT"
1192,"Video previews will not play in the search page.","TECHNICAL_ISSUE"
1193,"I need to change the credit card used for my subscription payments. Any help would be appreciated.","BILLING_PAYMENT"
1194,"I need to update the billing address on my invoice. Let me know what to do.","BILLING_PAYMENT"
1195,"after i reset my password the new one is not accepted. thanks a lot.","ACCOUNT_ACCESS"
1196,"Hello support, How do I transfer ownership of a workspace?","HOW_TO_SUPPORT"
1197,"I was charged $120 for March but I expected a different amount. Any help would be appreciated.","BILLING_PAYMENT"
1198,"It would be useful to recevie daily email digests by email.","FEATURE_REQUEST"
1199,"Hi there, The payment page rejects my card and I cannot rneew my Starter plan","BILLING_PAYMENT"
1200,"Dear support team, Is it possible to change the date format? I cannot find where.","HOW_TO_SUPPORT"
1201,"I upgraded my plan but the charge shows the wrong amount.","BILLING_PAYMENT"
1202,"Hi team, Search returns no results even for items that I know exist. Thanks in advance.","TECHNICAL_ISSUE"
1203,"I have been overcharged this quarter, please look into my billing. Thanks in advance.","BILLING_PAYMENT"
1204,"Pelase add a Asana integration, our whole team uses it.","FEATURE_REQUEST"
1205,"Feature request: an undo button.","FEATURE_REQUEST"
1206,"Notificaitons are not being delivered to my phone.","TECHNICAL_ISSUE"
1207,"Good afternoon, Do you support customers based in India","OTHER"
1208,"Is there a guide that shows how to turn on email alerts?","HOW_TO_SUPPORT"
1209,"Hi, Do you offer any events or webinars?","OTHER"
1210,"I got charged in the wrong crurency for my Pro plan.","BILLING_PAYMENT"
1211,"text is cut off and overlapping on the admin console on my macbook.","TECHNICAL_ISSUE"
1212,"Dear support team, The page never finishes loading and only shows a blank white screen.","TECHNICAL_ISSUE"
1213,"Text is cut off and overlapping on the profile page on my tablet.","TECHNICAL_ISSUE"
1214,"Dear support team, It would improve my workflow if I could add comments to reports. Thanks a lot.","FEATURE_REQUEST"
1215,"Greetings, Please unlock my account, I entered the wrong password several times.","ACCOUNT_ACCESS"
1216,"I was charged after my free trial ended without any reminder. Thanks.","BILLING_PAYMENT"
1217,"Hi there, I am unable to sign in to my account since last night.","ACCOUNT_ACCESS"
1218,"Hello team, Please forward this message to sales. Thanks.","OTHER"
1219,"Add bulk actions please, it is missing from the project board. Please advise.","FEATURE_REQUEST"
1220,"Good morning, What is the easiest way to merge duplicate entries?","HOW_TO_SUPPORT"
1221,"Good morning, Hello, is anyone there?","OTHER"
1222,"it wuold be great to have keyboard shortcuts in the task list. thanks a lot.","FEATURE_REQUEST"
1223,"I keep getting an invalid password message even though I am typing it correctly.","ACCOUNT_ACCESS"
1224,"Hi team, I would like to speak with a sales representative about enterprise options. Please advise","OTHER"
1225,"could you please implement single sign-on in a coming update?","FEATURE_REQUEST"
1226,"Hello, My card was charged twice this month.","BILLING_PAYMENT"
1227,"Hey, My bank shows a pending charge of $99 that I do not recognize.","BILLING_PAYMENT"
1228,"do you support customers based in brazil? thanks.","OTHER"
1229,"Can you send me some information about what you offer? Please respond soon.","OTHER"
1230,"Hello, I think I sent this to the wrong place, who is the right contact? Please respond soon.","OTHER"
1231,"Hi team, I saw your ad and want to learn more. Thanks in advance","OTHER"
1232,"Hello team, Can you explain how to create a template? Please respond soon.","HOW_TO_SUPPORT"
1233,"Greetings, I would like to get in touch with your press team.","OTHER"
1234,"The exported JPEG photo is corrupted and cannot be opened.","TECHNICAL_ISSUE"
1235,"I cannot log in after changing my email address. Any help would be appreciated.","ACCOUNT_ACCESS"
1236,"Please add an undo button to the admin console. Please help.","FEATURE_REQUEST"
1237,"What is the easiest way to change the date format? Let me know what to do.","HOW_TO_SUPPORT"
1238,"It would be great to have drag and drop in the team page.","FEATURE_REQUEST"
1239,"My credit card was declined but my bank says there is no problem. Regards.","BILLING_PAYMENT"
1240,"Is there a guide that shows how to set my working hours?","HOW_TO_SUPPORT"
1241,"Greetings, Not sure how to change my time zone, can you point me to the right help article?","HOW_TO_SUPPORT"
1242,"Hi there, Could you tell me how to add a comment to a task? Any help would be appreciated.","HOW_TO_SUPPORT"
1243,"Hello, The login page keeps redirecting me back to the sign in screen.","ACCOUNT_ACCESS"
1244,"Please add German language support.","FEATURE_REQUEST"
1245,"Can someone explain how to use the inbox? Thanks in advance.","HOW_TO_SUPPORT"
1246,"data i entered yesterday disappeared from the project board.","TECHNICAL_ISSUE"
1247,"Good afternoon, Why did the price of my Strater plan go up?","BILLING_PAYMENT"
1248,"Thanks for the great support last week! Thanks a lot.","OTHER"
1249,"I see a spinning loader that never finishes on the notifications panel.","TECHNICAL_ISSUE"
1250,"The download link gives a error 500 instead of the file. Thank you.","TECHNICAL_ISSUE"
1251,"Which menu do I use to make a teammate an admin?","HOW_TO_SUPPORT"
1252,"Any documentation on how to share a dashboard with a client? Thanks a lot.","HOW_TO_SUPPORT"
1253,"Lgoin fails on Opera with an authentication failed message.","ACCOUNT_ACCESS"
1254,"Please send dialy activity reports to my inbox automatically, it would help a lot. Thanks.","FEATURE_REQUEST"
1255,"Is your service available in Kenya? Thanks in advance.","OTHER"
1256,"Hello, Please add biometric login for account security.","FEATURE_REQUEST"
1257,"Please add a Salesofrce integration, our whole team uses it.","FEATURE_REQUEST"
1258,"hello, payment status says pending for days, and my subscription is still not active.","BILLING_PAYMENT"
1259,"Good afternoon, Can I know more about your service before deciding?","OTHER"
1260,"I wish the admin console had custom themes. Thank you.","FEATURE_REQUEST"
1261,"i changed my phone number and now i cannot get the login code. thanks.","ACCOUNT_ACCESS"
1262,"Why was I billed GBP 12 when my plan should be cheaper?","BILLING_PAYMENT"
1263,"How do I create a template?","HOW_TO_SUPPORT"
1264,"I am getting a error code 403 whenever I open the task list.","TECHNICAL_ISSUE"
1265,"Hi team, I have been overcharged this month, please look into my billing. Thank you.","BILLING_PAYMENT"
1266,"The page never finishes loading and only shows a error 404.","TECHNICAL_ISSUE"
1267,"Hello team, Can I get a call back from someone on your team? Thanks in advance.","OTHER"
1268,"Greetings, I am trying to change my notification settings but I cannot find the option. Where is it?","HOW_TO_SUPPORT"
1269,"Why is my account deactivated? I cannot do my work.","ACCOUNT_ACCESS"
1270,"Good afternoon, I cannot log in on my iPhone.","ACCOUNT_ACCESS"
1271,"I was charged $19 for June but I expected a different amount. Any help would be appreciated.","BILLING_PAYMENT"
1272,"Hey, Do you have a partnership program? Any help would be appreciated.","OTHER"
1273,"Unalbe to sign in on Opera, it just keeps reloading the login page","ACCOUNT_ACCESS"
1274,"Good morning, We really need a kanban view on the inbox, please consider it. Please advise.","FEATURE_REQUEST"
1275,"I am new here, how do I pin a dashboard as my home page? Thanks.","HOW_TO_SUPPORT"
1276,"Please forward this message to the careers team. Any help would be appreciated.","OTHER"
1277,"Everything works on my computer but the dashboard crashes on my Linux machine.","TECHNICAL_ISSUE"
1278,"I was billed $49 twice for the same subscription. Let me know what to do","BILLING_PAYMENT"
1279,"I get a error code 403 when I try to upload on the settings page. Regards.","TECHNICAL_ISSUE"
1280,"Hello, I would like to get in touch with a product specialist.","OTHER"
1281,"Hello, My account has been suspended and I do not know why.","ACCOUNT_ACCESS"
1282,"Greetings, Please reset my account access, I cannot get past the lgoin screen.","ACCOUNT_ACCESS"
1283,"My team would love to have custom filters. Is it on the roadmap?","FEATURE_REQUEST"
1284,"i do not have access to my old email address and need to reocver my account. any help would be appreciated.","ACCOUNT_ACCESS"
1285,"Hi team, My session logs me out immediately after I sign in.","ACCOUNT_ACCESS"
1286,"The publish button does nothing on the profile page.","TECHNICAL_ISSUE"
1287,"Hello team, Everything works on my computer but the workspace crashes on my work computer.","TECHNICAL_ISSUE"
1288,"Can you explain how to archive old projects?","HOW_TO_SUPPORT"
1289,"Hello support, My subscription renewed automatically and I did not want that, please refund me.","BILLING_PAYMENT"
1290,"greetings, i get an access denied message when i try to open my workspace. thanks.","ACCOUNT_ACCESS"
1291,"Please add templates to the mobile app.","FEATURE_REQUEST"
1292,"Dear support team, The system says the PDF format is not supported even though it is valid.","TECHNICAL_ISSUE"
1293,"Hi, How did your company start? I am curious.","OTHER"
1294,"Hello, How can I change my notification settings","HOW_TO_SUPPORT"
1295,"I would like a refund for the $59.99 charge last month. Please advise.","BILLING_PAYMENT"
1296,"The system says the Word document format is not supported even though it is valid.","TECHNICAL_ISSUE"
1297,"Hey, The confirmation email never arrives in my inbox.","ACCOUNT_ACCESS"
1298,"The wbesite does not work properly in Safari, but it is fine in another browser.","TECHNICAL_ISSUE"
1299,"My PayPal payment failed but the money left my account. Thank you.","BILLING_PAYMENT"
1300,"Dear support team, Can you recommend which team I should contact for my request?","OTHER"
1301,"Dear support team, My bank shows a pending charge of $29 that I do not recognize.","BILLING_PAYMENT"
1302,"Good afternoon, I have been overcharged on the first of the month, please look into my billing","BILLING_PAYMENT"
1303,"Plesae get back to me when you can, I have a few questions.","OTHER"
1304,"Hi team, I am trying to change my display name but I cannot find the option. Where is it","HOW_TO_SUPPORT"
1305,"Hi, I was billed $29 twice for the same subscription.","BILLING_PAYMENT"
1306,"I cannot log in on my MacBook.","ACCOUNT_ACCESS"
1307,"Good afternoon, What are your business hours? Thanks a lot.","OTHER"
1308,"Do you have a tutorial on how to assign a task to a colleague?","HOW_TO_SUPPORT"
1309,"Hi there, Can you recommend which team I should contact for my request? Please respond soon.","OTHER"
1310,"I cannot access my project baord because it says I do not have permission.","ACCOUNT_ACCESS"
1311,"I have some questions about your company bfeore I proceed. Please respond soon.","OTHER"
1312,"After I reset my password the new one is not accepted.","ACCOUNT_ACCESS"
1313,"Please forward this message to a manager. Any help would be appreciated.","OTHER"
1314,"Can you walk me through how to use filters on the dashboard?","HOW_TO_SUPPORT"
1315,"Good afternoon, Would it be possible to use the product without an internet connection? That would save us a lot of time","FEATURE_REQUEST"
1316,"Hello support, Why is my account deactivated? I need access urgently.","ACCOUNT_ACCESS"
1317,"Add custom themes please, it is missing from the dashboard","FEATURE_REQUEST"
1318,"Hello, I would like to speak with a sales representative about enterprise options.","OTHER"
1319,"Hello team, I wish the workspace had a kanban view.","FEATURE_REQUEST"
1320,"My account is disabled and I need access urgently. Please advise.","ACCOUNT_ACCESS"
1321,"Hi there, I am trying to create a template but I cannot find the option. Where is it","HOW_TO_SUPPORT"
1322,"Dear support team, I am not able to log in from my iPhone but it works on my computer.","ACCOUNT_ACCESS"
1323,"Do you have a tutorial on how to create a template? Please advise.","HOW_TO_SUPPORT"
1324,"I want to leave general feedback about my experience. Thanks.","OTHER"
1325,"Hello, How do I remove a user from my team?","HOW_TO_SUPPORT"
1326,"Hello, I would like to get in touch with customer success.","OTHER"
1327,"Hello team, I get a something went wrong message when I try to upload on the workspace.","TECHNICAL_ISSUE"
1328,"Is it possible to duplicate a project? I cannot find where.","HOW_TO_SUPPORT"
1329,"Greetings, Images are not displaying correctly on the profile page in Edge.","TECHNICAL_ISSUE"
1330,"Hello support, Can you tell me more about your privacy policy?","OTHER"
1331,"I wolud like to get in touch with a manager.","OTHER"
1332,"Good morning, Everything works on my computer but the admin console crashes on my Android phone.","TECHNICAL_ISSUE"
1333,"Hello, Login fails on Safari with an authentication failed message. Thank you.","ACCOUNT_ACCESS"
1334,"The security code never arrives in my inbox.","ACCOUNT_ACCESS"
1335,"My invtiation link to join the team does not let me sign in.","ACCOUNT_ACCESS"
1336,"Good morning, I am trying to link my account to Slack but I cannot find the option. Where is it?","HOW_TO_SUPPORT"
1337,"Dear support team, Is your service available in France? Thanks a lot.","OTHER"
1338,"Dear support team, I need to change the cerdit card used for my subscription payments. Thank you","BILLING_PAYMENT"
1339,"Buttons on the notifications panel do not respond when I click them","TECHNICAL_ISSUE"
1340,"Can you help me regian access to my account? I need to get in right now.","ACCOUNT_ACCESS"
1341,"Good afternoon, I would like instructions on how to rename a project. Thanks.","HOW_TO_SUPPORT"
1342,"Please add support for exporting to Word and also bulk actions.","FEATURE_REQUEST"
1343,"Thanks for the great support last week!","OTHER"
1344,"Good morning, Can you walk me through how to download a report? Thanks.","HOW_TO_SUPPORT"
1345,"I am not able to log in from my Windows laptop but it wokrs on my computer.","ACCOUNT_ACCESS"
1346,"Hello support, I am not able to log in from my iPhone but it works on my computer.","ACCOUNT_ACCESS"
1347,"Can you walk me through how to invite a member to my workspace?","HOW_TO_SUPPORT"
1348,"I need to change the credit card used for my subscription payments. Please advise.","BILLING_PAYMENT"
1349,"I would like instructions on how to find my activity history.","HOW_TO_SUPPORT"
1350,"Do you have any security certifications? Thanks in advance.","OTHER"
1351,"Hi team, The reset link does nothing when I click it. Regards.","ACCOUNT_ACCESS"
1352,"Hi team, I am writing to ask about internship opportunities.","OTHER"
1353,"I was bliled $120 twice for the same subscription. Thanks","BILLING_PAYMENT"
1354,"How do I use the admin console to transfer ownership of a workspace?","HOW_TO_SUPPORT"
1355,"Hello, Please send an invoice for my latest Team subscription payment.","BILLING_PAYMENT"
1356,"Please add support for exporting to Excel and also auto save.","FEATURE_REQUEST"
1357,"Hi team, Do you support customers based in Germany?","OTHER"
1358,"My bank shows a penidng charge of $149 that I do not recognize.","BILLING_PAYMENT"
1359,"Hey, I was charged $24.99 for June but I expected a different amount.","BILLING_PAYMENT"
1360,"Hello team, My bank shows a pending charge of $49 that I do not recognize.","BILLING_PAYMENT"
1361,"Hello team, Can you walk me through how to link my account to Slack?","HOW_TO_SUPPORT"
1362,"Do you offer any events or webinars? Please respond soon.","OTHER"
1363,"I have a qusetion about your service. Please help.","OTHER"
1364,"I keep gettnig an invalid password message even though I am typing it correctly. Please help.","ACCOUNT_ACCESS"
1365,"Hello team, Just started using the product, need to know how to merge duplicate entries. Thanks in advance.","HOW_TO_SUPPORT"
1366,"Please show me how to add a comment to a task.","HOW_TO_SUPPORT"
1367,"Could you add custom themes to the search page?","FEATURE_REQUEST"
1368,"I need a receipt for my payment yesterday for tax purposes.","BILLING_PAYMENT"
1369,"Hello, I have a question about your service.","OTHER"
1370,"Suggestion: allow users to sort the list by multiple columns.","FEATURE_REQUEST"
1371,"I was charged GBP 45 for my annual plan but I expected a different amount. Please advise.","BILLING_PAYMENT"
1372,"Can you walk me through how to pirnt a report? Regards.","HOW_TO_SUPPORT"
1373,"Hello, I lost my phone and cannot receive the verification code to sign in.","ACCOUNT_ACCESS"
1374,"My bank shows a pending charge of $19 that I do not recognize.","BILLING_PAYMENT"
1375,"Hi team, Please add a saerch bar to the dashboard.","FEATURE_REQUEST"
1376,"Good afternoon, Can you walk me through how to restore a deleted file?","HOW_TO_SUPPORT"
1377,"I got charged in the wrong currency for my Pro plan.","BILLING_PAYMENT"
1378,"The payemnt page rejects my card and I cannot renew my monthly plan. Please respond soon.","BILLING_PAYMENT"
1379,"Please add support for exporting to Google Sheets and also keyboard shortcuts.","FEATURE_REQUEST"
1380,"Can you recommend which team I should contact for my request? Let me know what to do.","OTHER"
1381,"I have been overcharged this quarter, please look into my billing.","BILLING_PAYMENT"
1382,"Hello support, The two-factor code is rejected every time I try to sign in.","ACCOUNT_ACCESS"
1383,"Hello, Product idea: let us assign tasks to multiple people.","FEATURE_REQUEST"
1384,"My colleague left the company and I need access to the amdin account.","ACCOUNT_ACCESS"
1385,"Please let us export invoices to JSON. Regards.","FEATURE_REQUEST"
1386,"I was charged EUR 39 yesterday but I expected a different amount.","BILLING_PAYMENT"
1387,"Which page lets me manage my profile information?","HOW_TO_SUPPORT"
1388,"Hey, I cannot log in on my Windows laptop.","ACCOUNT_ACCESS"
1389,"Hello support, Could you add an option to export invoices as Excel","FEATURE_REQUEST"
1390,"Good morning, The app freezes when I try to share a large video file.","TECHNICAL_ISSUE"
1391,"Any plans to support Spanish in the interface? Thanks in advance.","FEATURE_REQUEST"
1392,"Hi team, Just started using the product, need to know how to pin a dashboard as my home page.","HOW_TO_SUPPORT"
1393,"Hello, I need to update the billing address on my invoice. Thanks.","BILLING_PAYMENT"
1394,"Payment status says pending for days, and my subscription is still not active. Please advise.","BILLING_PAYMENT"
1395,"Thank you for your help, everything is fine now. Thanks in advance.","OTHER"
1396,"My subscription renewed automatically and I did not want that, please refund me. Please respond soon","BILLING_PAYMENT"
1397,"Hello, Please show me how to link my account to Slack.","HOW_TO_SUPPORT"
1398,"Are you planning to release saved views in the future?","FEATURE_REQUEST"
1399,"The notifications panel shows a timeout error since the latest update.","TECHNICAL_ISSUE"
1400,"Hi, Just started using the product, need to know how to change my time zone.","HOW_TO_SUPPORT"
1401,"hello team, i am new here, how do i archive old projects? thanks a lot.","HOW_TO_SUPPORT"
1402,"I am new here, how do I set my working hours?","HOW_TO_SUPPORT"
1403,"Greetings, Please send an invoice for my latest Team subscription payment. Please help.","BILLING_PAYMENT"
1404,"I cannot sign in with my Google account anymore.","ACCOUNT_ACCESS"
1405,"Is your service available in Canada?","OTHER"
1406,"Good morning, I get a erorr 404 when I try to publish on the billing page. Please help.","TECHNICAL_ISSUE"
1407,"my username is not reocgnized on the login page. thanks a lot.","ACCOUNT_ACCESS"
1408,"Are you planning to release dark mode in the future?","FEATURE_REQUEST"
1409,"Hello, Please unlock my account, I entered the wrong password several times. Let me know what to do.","ACCOUNT_ACCESS"
1410,"Can you build version history into the analytics page? Many users would benefit. Thanks in advance.","FEATURE_REQUEST"
1411,"Hey, My account is suspended and I need it restored as soon as possible.","ACCOUNT_ACCESS"
1412,"Greetings, The system says the Word document format is not supported even though it is valid.","TECHNICAL_ISSUE"
1413,"Hey, The one-time passcode never arrives in my inbox.","ACCOUNT_ACCESS"
1414,"Greetings, I was charged $49 last month but I expected a different amount.","BILLING_PAYMENT"
1415,"Feature request: the ability to schedule reports in advance.","FEATURE_REQUEST"
1416,"good morning, i forgot the email i used to register and cannot get into my account.","ACCOUNT_ACCESS"
1417,"Hello team, What are your business hours?","OTHER"
1418,"Can I pay by bank transfer instead of card? My card keeps getting declined. Thanks.","BILLING_PAYMENT"
1419,"Hi, My card was charged three times last month. Let me know what to do","BILLING_PAYMENT"
1420,"I would like a refund for the $24.99 charge this quarter.","BILLING_PAYMENT"
1421,"Hi team, There is a bug where the profile page shows duplicate entries after I submit.","TECHNICAL_ISSUE"
1422,"I would love to see an integration with Notion. Regards.","FEATURE_REQUEST"
1423,"Feature request: the ability to mark items as favorites. Thanks.","FEATURE_REQUEST"
1424,"I saw your ad and want to learn more.","OTHER"
1425,"i have some questions about your comapny before i proceed. thank you.","OTHER"
1426,"Any documentation on how to create a new project? Any help would be appreciated.","HOW_TO_SUPPORT"
1427,"hello support, please send an invoice for my latest pro subscription payment.","BILLING_PAYMENT"
1428,"Greetings, Everything on the analytics page is loading extremely slowly since Monday.","TECHNICAL_ISSUE"
1429,"Greetings, Can you build a kanban view into the billing page? Many users would benefit. Let me know what to do.","FEATURE_REQUEST"
1430,"Hi there, Please add an option to log out all devices for account security.","FEATURE_REQUEST"
1431,"Hi there, How do I use the workspace to print a report?","HOW_TO_SUPPORT"
1432,"I was charged GBP 12 for my annual plan but I expected a different amount.","BILLING_PAYMENT"
1433,"I got charged in the wrong currency for my monthly plan. Thank you.","BILLING_PAYMENT"
1434,"Good morning, I cancelled my subscription weeks ago and you still took money from my account.","BILLING_PAYMENT"
1435,"I cannot recover my account because the security questions are not working","ACCOUNT_ACCESS"
1436,"The sync between my devices has stopped working. Thanks a lot.","TECHNICAL_ISSUE"
1437,"Good morning, I am locked out after too many failed login attempts.","ACCOUNT_ACCESS"
1438,"Dear support team, Please forward this message to a manager.","OTHER"
1439,"I want to report something that does not fit any category. Thanks.","OTHER"
1440,"Hello, Wehre is your company located?","OTHER"
1441,"I want to reoprt something that does not fit any category.","OTHER"
1442,"Could you add an option to export analytics data as JSON?","FEATURE_REQUEST"
1443,"Good morning, I was charged for extra seats that I did not add. Regards.","BILLING_PAYMENT"
1444,"I am trying to transfer ownership of a workspace but I cannot find the option. Where is it?","HOW_TO_SUPPORT"
1445,"Hi there, Thanks for the great support last week! Any help would be appreciated.","OTHER"
1446,"I cannot access my analytics page because it says I do not have permission.","ACCOUNT_ACCESS"
1447,"Hello, Add offline mode please, it is missnig from the task list.","FEATURE_REQUEST"
1448,"How do I use the profile page to remove a user from my team","HOW_TO_SUPPORT"
1449,"Are you planning to release a compact layout in the future?","FEATURE_REQUEST"
1450,"Hey, My invitation link to join the team does not let me sign in.","ACCOUNT_ACCESS"
1451,"Are you planning to release offline mode in the future?","FEATURE_REQUEST"
1452,"We really need drag and drop on the calendar, please consider it.","FEATURE_REQUEST"
1453,"I cannot log into my account, it says the email address is not registered but I have used it before.","ACCOUNT_ACCESS"
1454,"Hi team, It would be great if we could assign tasks to multiple people.","FEATURE_REQUEST"
1455,"Hi, Could you please implement an option to log out all devices in a coming update? Regards.","FEATURE_REQUEST"
1456,"Why did the price of my Team plan go up? Please help.","BILLING_PAYMENT"
1457,"please add support for exporting to json and also a compact layout.","FEATURE_REQUEST"
1458,"Hi there, Do you offer any events or webinars? Thanks.","OTHER"
1459,"Hello team, I was charged $19 for a plan I never upgraded to.","BILLING_PAYMENT"
1460,"Hi, Please stop future charges to my card and cancel my subscription. Regards.","BILLING_PAYMENT"
1461,"I lost my phone and cnanot receive the verification code to sign in.","ACCOUNT_ACCESS"
1462,"Hey, Can you send me an invoice for the $19 payment?","BILLING_PAYMENT"
1463,"Good morning, I downgraded to the Basic plan but I was still billed the higher price. Please respond soon.","BILLING_PAYMENT"
1464,"Good afternoon, After I reset my password the new one is not accepted. Please help.","ACCOUNT_ACCESS"
1465,"please let us export project lists to csv. any help would be appreciated.","FEATURE_REQUEST"
1466,"Greetings, Can you walk me through how to import contacts from a CSV file?","HOW_TO_SUPPORT"
1467,"Can you build offline mode into the admin console? Many users would benefit","FEATURE_REQUEST"
1468,"The exported CSV file is corrupted and cannot be opened.","TECHNICAL_ISSUE"
1469,"please let us export tbales to csv.","FEATURE_REQUEST"
1470,"it would be helpful if the reports page supported a kanban view. regards.","FEATURE_REQUEST"
1471,"Good morning, I need help but I am not sure which option applies.","OTHER"
1472,"Greetings, An option for drag and drop would make the product much better.","FEATURE_REQUEST"
1473,"Add dark mode please, it is missing from the calendar. Please respond soon.","FEATURE_REQUEST"
1474,"My account has been frozen and I do not know why. Please advise.","ACCOUNT_ACCESS"
1475,"The team page shows a error 500 for a week.","TECHNICAL_ISSUE"
1476,"Hi team, I get a 502 bad gateway when I try to submit on the settings page. Thanks.","TECHNICAL_ISSUE"
1477,"Good afternoon, The verification step keeps failing when I try to sign in, since the latest update. Thanks.","ACCOUNT_ACCESS"
1478,"Can someone expalin how to use the mobile app? Thanks a lot.","HOW_TO_SUPPORT"
1479,"I am unable to sign in to my account an hour ago.","ACCOUNT_ACCESS"
1480,"It would be helpful if the reports page suppotred offline mode.","FEATURE_REQUEST"
1481,"Hi team, My account is blocked and I need to get in right now. Please help.","ACCOUNT_ACCESS"
1482,"Hi, Can I get a call back from someone on your team?","OTHER"
1483,"the download link gives a generic error message instead of the file.","TECHNICAL_ISSUE"
1484,"I cancelled my subscrpition weeks ago and you still took money from my account.","BILLING_PAYMENT"
1485,"Is your service available in Brazil? Thanks a lot.","OTHER"
1486,"Can you walk me through how to transfer ownership of a workspace","HOW_TO_SUPPORT"
1487,"The download link gives a error code 403 instead of the file. Thanks a lot","TECHNICAL_ISSUE"
1488,"Hey, Could someone give me an overview of what your company does? Please help.","OTHER"
1489,"The admin console shows a blank wihte screen since Monday.","TECHNICAL_ISSUE"
1490,"Good morning, The VAT number is missing from my invoice. Please respond soon.","BILLING_PAYMENT"
1491,"Hello team, I was charged for extra saets that I did not add.","BILLING_PAYMENT"
1492,"Good morning, I downgraded to the monthly plan but I was still billed the higher price.","BILLING_PAYMENT"
1493,"Hey, Why is my account suspended? I cannot reach my data. Please help.","ACCOUNT_ACCESS"
1494,"How do I change my time zone?","HOW_TO_SUPPORT"
1495,"The security code never arrives in my inbox. Regards.","ACCOUNT_ACCESS"
1496,"Do you have a partnersihp program?","OTHER"
1497,"Please forward this message to the careers team. Thank you.","OTHER"
1498,"I am not able to log in from my work computer but it wroks on my computer. Let me know what to do","ACCOUNT_ACCESS"
1499,"Dear support team, Notifications are not being delivered to my phone.","TECHNICAL_ISSUE"
1500,"Hello support, I cannot log in after turning on two-factor authentication.","ACCOUNT_ACCESS"
1501,"Hi, It would be great to have bulk actions in the search page.","FEATURE_REQUEST"
1502,"The one-time passcode takes forever to arrive and then it has expired","ACCOUNT_ACCESS"
1503,"Good afternoon, The verification step keeps failing when I try to sign in, since yesterday. Thanks.","ACCOUNT_ACCESS"
1504,"A pop up with a something went wrong message appears every time I try to export.","TECHNICAL_ISSUE"
1505,"just started using the product, need to know how to add a comment to a task.","HOW_TO_SUPPORT"
1506,"Images are not displaying correctly on the billing page in Chrome.","TECHNICAL_ISSUE"
1507,"The system says the PNG image format is not supported even though it is valid.","TECHNICAL_ISSUE"
1508,"I see a spinning loader that never finishes on the dashboard.","TECHNICAL_ISSUE"
1509,"Thnaks for the great support last week! Thanks in advance.","OTHER"
1510,"Hi there, I forgot the email I used to register and cannot get into my account. Please help.","ACCOUNT_ACCESS"
1511,"Please add a GitHub integration, our whole team uses it. Please help.","FEATURE_REQUEST"
1512,"What is the easiest way to add a comment to a task?","HOW_TO_SUPPORT"
1513,"I have been overcharged on the first of the month, please look into my billing. Let me know what to do.","BILLING_PAYMENT"
1514,"Hey, The API returns a timeout error when I call the endpoint.","TECHNICAL_ISSUE"
1515,"Greetings, Why was I billed $249 when my plan should be cheaper?","BILLING_PAYMENT"
1516,"where do i go in the search page to change my email preferences?","HOW_TO_SUPPORT"
1517,"The exported spreadsheet is corrupted and cannot be opened. Regards.","TECHNICAL_ISSUE"
1518,"Hi team, Everything works on my computer but the billing page crashes on my MacBook.","TECHNICAL_ISSUE"
1519,"I cannot log in atfer turning on two-factor authentication.","ACCOUNT_ACCESS"
1520,"My changes are not saved, the calendar reevrts to the old values. Please help","TECHNICAL_ISSUE"
1521,"Can you build auto save into the search page? Many users would benefit. Please respond soon","FEATURE_REQUEST"
1522,"Please send biweekly performance summaries to my inbox automatically, it would help a lot. Thanks in advance.","FEATURE_REQUEST"
1523,"Hi team, Can you recommend which team I should conatct for my request?","OTHER"
1524,"Greetings, Do you have a tutorial on how to import contacts from a CSV file?","HOW_TO_SUPPORT"
1525,"Hello support, It would be great if we could schedule reports in advance.","FEATURE_REQUEST"
1526,"Hello support, My card was charged twice this week.","BILLING_PAYMENT"
1527,"The download link gives a error 404 instead of the file. Thanks.","TECHNICAL_ISSUE"
1528,"I would like a refund for the GBP 12 charge this week.","BILLING_PAYMENT"
1529,"dear support team, can i get a call back from someone on your team?","OTHER"
1530,"Hi, Account recovery is not working, the login code is not being sent","ACCOUNT_ACCESS"
1531,"Is it possible to change my password from the settings page? I cannot find where. Please advise.","HOW_TO_SUPPORT"
1532,"Please add a Salesforce integration, our whole team uses it.","FEATURE_REQUEST"
1533,"Account recovery is not working, the magic link is not being sent.","ACCOUNT_ACCESS"
1534,"I have been overcharged yesterday, please look into my billing. Thanks.","BILLING_PAYMENT"
1535,"Good morning, Please add bulk actions to the team page","FEATURE_REQUEST"
1536,"Good morning, The invoice shows the wrong company name, please correct it.","BILLING_PAYMENT"
1537,"I got a new phone and my authenticator app no longer works, so I cannot log in. Please respond soon.","ACCOUNT_ACCESS"
1538,"An option for an undo button would make the product much better.","FEATURE_REQUEST"
1539,"Someone changed my password and I no longer have access to my account. Please respond soon.","ACCOUNT_ACCESS"
1540,"Everything on the dashboard is loading extremely slowly since yesterday. Any help would be appreciated.","TECHNICAL_ISSUE"
1541,"I wish the team page had custom themes.","FEATURE_REQUEST"
1542,"Hi, My card was charged three times on the first of the month.","BILLING_PAYMENT"
1543,"Which menu do I use to upload a company logo? Thanks in advance.","HOW_TO_SUPPORT"
1544,"Everything on the workspace is loading extremely slowly for a week.","TECHNICAL_ISSUE"
1545,"The verification email takes forever to arrive and then it has expired.","ACCOUNT_ACCESS"
1546,"I am stuck in a loop where the site asks me to vreify my email again and again.","ACCOUNT_ACCESS"
1547,"Thank you for your help, everythnig is fine now.","OTHER"
1548,"Why is my account suspended? I need it restroed as soon as possible.","ACCOUNT_ACCESS"
1549,"Hello, The exported spreadsheet is corrupted and cannot be opened. Thanks a lot.","TECHNICAL_ISSUE"
1550,"The site is down for me, I only see a error code 403. Thank you.","TECHNICAL_ISSUE"
1551,"where do i go in the profile page to change my team permissions?","HOW_TO_SUPPORT"
1552,"I got charged in the wrong currency for my Enterprise plan.","BILLING_PAYMENT"
1553,"Any documentation on how to change my display name?","HOW_TO_SUPPORT"
1554,"I cannot recover my account because the security questions are not working. Any help would be appreciated.","ACCOUNT_ACCESS"
1555,"The API returns a error 404 when I call the endpoint.","TECHNICAL_ISSUE"
1556,"How do I change the date format? Please advise.","HOW_TO_SUPPORT"
1557,"Hello team, I would like to get in touch with a manager.","OTHER"
1558,"we really need drag and drop on the inbox, please consider it.","FEATURE_REQUEST"
1559,"The workspace does not display anything after the latest update","TECHNICAL_ISSUE"
1560,"Can you walk me through how to pin a dashboard as my home page?","HOW_TO_SUPPORT"
1561,"Do you have a tutorial on how to change my time zone? Please respond soon.","HOW_TO_SUPPORT"
1562,"The team page is very slow and keeps freezing on my iPad.","TECHNICAL_ISSUE"
1563,"images are not displaying correctly on the billing page in edge.","TECHNICAL_ISSUE"
1564,"It would be useful to receive weekly usage summaries by email","FEATURE_REQUEST"
1565,"Greetings, Can someone contact me about an issue?","OTHER"
1566,"Hello support, The VAT number is missing from my invoice. Thanks in advance.","BILLING_PAYMENT"
1567,"Hello, My account has been blocked and I do not know why.","ACCOUNT_ACCESS"
1568,"Hello team, The confirmation email takes forever to arrive and then it has expired","ACCOUNT_ACCESS"
1569,"Do you offer any events or webinars? Please advise.","OTHER"
1570,"I was charged $19 for June but I expected a different amount.","BILLING_PAYMENT"
1571,"I would like more information before I create an account. Please help.","OTHER"
1572,"Do you have any security certifications? Let me know what to do.","OTHER"
1573,"The mobile app closes immediately atfer opening on my work computer.","TECHNICAL_ISSUE"
1574,"I represent a media outlet and want to reach out to the press team. Thank you.","OTHER"
1575,"Hi, Images are not displaying correctly on the mobile app in Opera.","TECHNICAL_ISSUE"
1576,"The page shows an unexpected error 404 when I save my profile.","TECHNICAL_ISSUE"
1577,"Any documentation on how to connect my calendar?","HOW_TO_SUPPORT"
1578,"Good morning, I have a question about your service.","OTHER"
1579,"Add a mobile widget please, it is missing from the analytics page.","FEATURE_REQUEST"
1580,"Hi team, I cannot log in after resetting my password. Thanks.","ACCOUNT_ACCESS"
1581,"Account recovery is not working, the verification email is not being sent. Thanks.","ACCOUNT_ACCESS"
1582,"Good afternoon, Please add support for exporting to JSON and also a kanban view.","FEATURE_REQUEST"
1583,"The VAT nubmer is missing from my invoice.","BILLING_PAYMENT"
1584,"The verification step keeps failing when I try to sign in, an hour ago.","ACCOUNT_ACCESS"
1585,"Dear support team, How do I create a template?","HOW_TO_SUPPORT"
1586,"Notifications are not being delivered to my phone. Thanks in advance.","TECHNICAL_ISSUE"
1587,"I see a spinning loader that never finishes on the calendar. Thanks in advance","TECHNICAL_ISSUE"
1588,"Greetings, Could you tell me how to link my account to Slack?","HOW_TO_SUPPORT"
1589,"I would like to get in touch with sales. Please help.","OTHER"
1590,"The receipt email for my payment never arrived. Thanks a lot.","BILLING_PAYMENT"
1591,"Dear support team, Login fails on Chrome with an authentication failed message.","ACCOUNT_ACCESS"
1592,"Feature request: bulk actions. Thank you.","FEATURE_REQUEST"
1593,"Good morning, Video previews will not play in the workspace.","TECHNICAL_ISSUE"
1594,"Hi there, How can I share a dashbaord with a client?","HOW_TO_SUPPORT"
1595,"My session logs me out immediately after I sign in. Please help.","ACCOUNT_ACCESS"
1596,"Is there a guide that sohws how to share a dashboard with a client?","HOW_TO_SUPPORT"
1597,"Good afternoon, Buttons on the team page do not respond when I click them. Please help.","TECHNICAL_ISSUE"
1598,"Good afternoon, The dashboard is very slow and keeps freezing on my iPad. Thanks.","TECHNICAL_ISSUE"
1599,"My account is locked and I need access urgently. Thank you.","ACCOUNT_ACCESS"
1600,"Dear support team, I am getting a something went wrong message whenever I open the notifications panel. Please advise","TECHNICAL_ISSUE"
1601,"Good morning, I represent a media outlet and want to reach out to the press team. Any help would be appreciated.","OTHER"
1602,"I would like instructions on how to change my password from the settings page.","HOW_TO_SUPPORT"
1603,"Hi team, Where do I go in the task list to change my workspace name? Regards.","HOW_TO_SUPPORT"
1604,"I get a something went wrong message when I try to download on the mobile app.","TECHNICAL_ISSUE"
1605,"Hi team, Scheduled reports are not running at the set time","TECHNICAL_ISSUE"
1606,"Add a compact laoyut please, it is missing from the settings page.","FEATURE_REQUEST"
1607,"Greetings, Please forward this message to the right department.","OTHER"
1608,"Images are not displaying correctly on the inbox in Opera.","TECHNICAL_ISSUE"
1609,"I forgot the email I used to register and cannot get into my account.","ACCOUNT_ACCESS"
1610,"add csutom themes please, it is missing from the reports page. please help.","FEATURE_REQUEST"
1611,"Hello support, I upgraded my plan but the charge shows the wrong amount. Thank you.","BILLING_PAYMENT"
1612,"Good morning, Is your service available in Singapore?","OTHER"
1613,"I changed my email address and now I cannot access my account. Thanks in advance.","ACCOUNT_ACCESS"
1614,"I would like instructions on how to export my data.","HOW_TO_SUPPORT"
1615,"Greetings, I would like the option to filter by date range in a future release.","FEATURE_REQUEST"
1616,"Good afternoon, File uploads stay sutck at zero percent.","TECHNICAL_ISSUE"
1617,"The autosave is broken and my work was lost since this morning. Please advise.","TECHNICAL_ISSUE"
1618,"Please let us export contact lists to Excel.","FEATURE_REQUEST"
1619,"Please add a mobile widget to the dashboard.","FEATURE_REQUEST"
1620,"Greetings, Everything works on my computer but the team page crashes on my Windows laptop","TECHNICAL_ISSUE"
1621,"Hello, I was billed $29 twice for the same subscription.","BILLING_PAYMENT"
1622,"Good afternoon, Is it possible to create a template? I cannot find where.","HOW_TO_SUPPORT"
1623,"Dear support team, Can you build saved views into the billing page? Many users would benefit.","FEATURE_REQUEST"
1624,"The site is down for me, I only see a generic error message. Thank you.","TECHNICAL_ISSUE"
1625,"Hey, I would like to speak with a sales representative about enterprise options. Thanks a lot.","OTHER"
1626,"Could you add auto save to the dashboard? Please advise.","FEATURE_REQUEST"
1627,"Dear support team, Are you currently hiring?","OTHER"
1628,"The autosave is broken and my work was lost since Monday.","TECHNICAL_ISSUE"
1629,"It would improve my workflow if I could restore deleted items from a trash folder","FEATURE_REQUEST"
1630,"The invoice shows the wrong company name, please correct it.","BILLING_PAYMENT"
1631,"I keep getting an invlaid password message even though I am typing it correctly.","ACCOUNT_ACCESS"
1632,"Hello support, My username is not recognized on the login page. Any help would be appreciated.","ACCOUNT_ACCESS"
1633,"My changes are not saved, the analytics page reverts to the old values.","TECHNICAL_ISSUE"
1634,"The activation email takes forever to arrive and then it has expired.","ACCOUNT_ACCESS"
1635,"Greetings, I was removed from the workspace by mistake and cannot get back in.","ACCOUNT_ACCESS"
1636,"Hello, The search page is very slow and keeps freezing on my MacBook.","TECHNICAL_ISSUE"
1637,"My payment keeps failing at checkout even though my card is valid.","BILLING_PAYMENT"
1638,"I got a new phone and my authenticator app no logner works, so I cannot log in. Please respond soon.","ACCOUNT_ACCESS"
1639,"After I reset my password the new one is not accepted. Thanks in advance.","ACCOUNT_ACCESS"
1640,"It would be nice to have login alerts by email. Regards.","FEATURE_REQUEST"
1641,"Could you add offline mode to the search page?","FEATURE_REQUEST"
1642,"good afternoon, someone changed my password and i no longer have access to my account.","ACCOUNT_ACCESS"
1643,"I would like to get in tocuh with a product specialist. Thank you","OTHER"
1644,"I would like to speak with a sales representaitve about enterprise options. Thanks a lot.","OTHER"
1645,"Hey, I cannot access my search page because it says I do not have permission.","ACCOUNT_ACCESS"
1646,"Any documentation on how to change my password from the settings page?","HOW_TO_SUPPORT"
1647,"Hey, Images are not displaying correctly on the task list in Opera","TECHNICAL_ISSUE"
1648,"Good morning, I would like instructions on how to use filters on the dashboard.","HOW_TO_SUPPORT"
1649,"Are you planning to release dark mode in the future? Regards.","FEATURE_REQUEST"
1650,"Please let us export invoices to PDF. Thank you.","FEATURE_REQUEST"
1651,"Greetings, I would like instructions on how to restore a deleted file","HOW_TO_SUPPORT"
1652,"Hello support, I keep getting an invalid password message even though I am typing it correctly.","ACCOUNT_ACCESS"
1653,"Would it be possible to duplicate an entire project? That would save us a lot of time.","FEATURE_REQUEST"
1654,"Hi team, I need to update the billing address on my invoice.","BILLING_PAYMENT"
1655,"Please show me how to create a cutsom report.","HOW_TO_SUPPORT"
1656,"Hello, A pop up with a server error appears every time I try to share.","TECHNICAL_ISSUE"
1657,"Good morning, My card was charged three times for my annual plan. Thanks.","BILLING_PAYMENT"
1658,"Greetings, I forgot my password and the reset link says it has expired","ACCOUNT_ACCESS"
1659,"Hey, I am locked out after too many failed login attempts.","ACCOUNT_ACCESS"
1660,"Hey, How did your company start? I am curious.","OTHER"
1661,"Hi there, My renewal payment failed and now my subscription shows as past due. Thank you.","BILLING_PAYMENT"
1662,"hi there, it would be helpful if the settings page supported bulk actions.","FEATURE_REQUEST"
1663,"the analytics page shows a error 404 since the latest update. please advise.","TECHNICAL_ISSUE"
1664,"Good afternoon, I was charged $249 for a plan I never upgraded to.","BILLING_PAYMENT"
1665,"Hi there, Uploadnig a CSV file gets stuck at 50 percent and never finishes.","TECHNICAL_ISSUE"
1666,"Why was I billed EUR 39 when my plan should be cheaper? Thanks.","BILLING_PAYMENT"
1667,"The reports page becomes blank when I upload a PDF.","TECHNICAL_ISSUE"
1668,"I would like instructions on how to invite a member to my workspace. Regards","HOW_TO_SUPPORT"
1669,"Dear support team, Can I get a call back from someone on your team? Any help would be appreciated.","OTHER"
1670,"Images are not displaying correctly on the analytics page in Brave. Please help.","TECHNICAL_ISSUE"
1671,"Please add templates to the admin console.","FEATURE_REQUEST"
1672,"Dear support team, Why is my account locked? I need access urgently. Let me know what to do.","ACCOUNT_ACCESS"
1673,"Good morning, It would be helpful if the admin console supported custom filters.","FEATURE_REQUEST"
1674,"Which page lets me manage my display name?","HOW_TO_SUPPORT"
1675,"My bank shows a pending charge of EUR 15 that I do not recognize. Please help.","BILLING_PAYMENT"
1676,"Greetings, Everything works on my computer but the project board crashes on my iPhone.","TECHNICAL_ISSUE"
1677,"Can I get a call back from someone on your team? Let me know what to do","OTHER"
1678,"The password I created during sign up is not accepted at login. Let me know what to do.","ACCOUNT_ACCESS"
1679,"Can you send me an invoice for the $249 payment?","BILLING_PAYMENT"
1680,"hi there, the exported word document is corrupted and cannot be opened.","TECHNICAL_ISSUE"
1681,"Please add a compact layout to the task list. Thanks in advance.","FEATURE_REQUEST"
1682,"greetings, it would be great if we could sort the list by multiple columns.","FEATURE_REQUEST"
1683,"The invoice shows the wrong company name, please correct it. Let me know what to do.","BILLING_PAYMENT"
1684,"A pop up with a error 404 appears eevry time I try to sync. Please help","TECHNICAL_ISSUE"
1685,"it would be helpful if the search page supported a favorites list.","FEATURE_REQUEST"
1686,"Hey, I repersent a media outlet and want to reach out to the press team.","OTHER"
1687,"Where do I go in the inbox to change my team permissions? Regards.","HOW_TO_SUPPORT"
1688,"What is the easiest way to create a template? Please respond soon.","HOW_TO_SUPPORT"
1689,"Please add support for exporting to Google Sheets and also a compact layout.","FEATURE_REQUEST"
1690,"Please add support for exporting to Google Sheets and also drag and drop.","FEATURE_REQUEST"
1691,"Good morning, Add offline mode please, it is missing from the calendar","FEATURE_REQUEST"
1692,"Hi, I am new here, how do I duplicate a project?","HOW_TO_SUPPORT"
1693,"Dear support team, I am getting a generic error message whenever I open the profile page. Thanks.","TECHNICAL_ISSUE"
1694,"I wish the workspace had auto save.","FEATURE_REQUEST"
1695,"Hello, The payment page rejects my card and I cannot renew my Enterprise plan.","BILLING_PAYMENT"
1696,"Which page lets me manage my integration settings? Thanks a lot.","HOW_TO_SUPPORT"
1697,"Dear support team, The mobile app does not display anything after the latest update","TECHNICAL_ISSUE"
1698,"My card was charged twice for June. Please respond soon.","BILLING_PAYMENT"
1699,"Hi, I want to reprot something that does not fit any category.","OTHER"
1700,"is your service available in south africa?","OTHER"
1701,"Hi team, My changes are not saved, the project board reverts to the old values. Any help would be appreciated.","TECHNICAL_ISSUE"
1702,"Thanks for the great support last week! Please help.","OTHER"
1703,"Why is my account disabled? I cannot reach my data. Regards.","ACCOUNT_ACCESS"
1704,"I want to report something that does not fit any category. Any help would be appreciated.","OTHER"
1705,"Dear support team, After I reset my password the new one is not accepted.","ACCOUNT_ACCESS"
1706,"I was charged $14 for March but I expected a different amount.","BILLING_PAYMENT"
1707,"Dear support team, The magic link takes forever to arrive and then it has expired.","ACCOUNT_ACCESS"
1708,"Add keyboard shortcuts please, it is missing from the inbox. Please help","FEATURE_REQUEST"
1709,"Hi there, I am trying to transfer ownership of a workspace but I cannot find the option. Where is it?","HOW_TO_SUPPORT"
1710,"What is the easiest way to rename a project?","HOW_TO_SUPPORT"
1711,"hey, i do not have access to my old email address and need to recover my account.","ACCOUNT_ACCESS"
1712,"good morning, login fails on safari with an authentication failed message. any help would be appreciated.","ACCOUNT_ACCESS"
1713,"why was i billed gbp 45 when my plan should be cheaper?","BILLING_PAYMENT"
1714,"Dear support team, I am locked out after too many failed login attempts.","ACCOUNT_ACCESS"
1715,"Hey, The one-time passcode takes forever to arrive and then it has expired. Thanks in advance.","ACCOUNT_ACCESS"
1716,"Hi, Product idea: let us see who viewed a shared report","FEATURE_REQUEST"
1717,"I get an accses denied message when I try to open my workspace.","ACCOUNT_ACCESS"
1718,"Good morning, Someone changed my password and I no longer have access to my account","ACCOUNT_ACCESS"
1719,"Hello, I would like instructions on how to update my profile picture.","HOW_TO_SUPPORT"
1720,"Good morning, Scheduled reports are not running at the set time. Thank you.","TECHNICAL_ISSUE"
1721,"There is a bug where the calendar shows duplicate entries after I share. Please help.","TECHNICAL_ISSUE"
1722,"We really need a kanban view on the admin console, please consider it","FEATURE_REQUEST"
1723,"can you help me regain access to my account? i cannot recah my data.","ACCOUNT_ACCESS"
1724,"i get an access denied message when i try to open my workspace. thanks a lot.","ACCOUNT_ACCESS"
1725,"Everything on the task list is loading extremely slowly for a week. Please respond soon","TECHNICAL_ISSUE"
1726,"Greetings, My account was hacked and I cannot log in anymore.","ACCOUNT_ACCESS"
1727,"Please show me how to use filters on the dashboard","HOW_TO_SUPPORT"
1728,"Good morning, Please add saved views to the search page","FEATURE_REQUEST"
1729,"good afternoon, i am stuck in a loop where the site asks me to verify my email again and again. thank you.","ACCOUNT_ACCESS"
1730,"Are you planning to release dark mode in the future? Thanks.","FEATURE_REQUEST"
1731,"Why is my account blocked? I have a deadline today.","ACCOUNT_ACCESS"
1732,"Could you add an option to export contact lists as JSON?","FEATURE_REQUEST"
1733,"The API returns a server error when I call the endpoint. Let me know what to do.","TECHNICAL_ISSUE"
1734,"Hello support, I am new here, how do I merge duplicate entries?","HOW_TO_SUPPORT"
1735,"Hi, I have some questions about your company bfeore I proceed.","OTHER"
1736,"I am getting a server error whenever I open the search page.","TECHNICAL_ISSUE"
1737,"Where do I go in the project board to change my time zone settings?","HOW_TO_SUPPORT"
1738,"Text is cut off and overlapping on the dashboard on my Widnows laptop.","TECHNICAL_ISSUE"
1739,"I never received the magic link, I already checked my spam folder.","ACCOUNT_ACCESS"
1740,"Dear support team, I got charged in the wrong currency for my Basic plan. Please advise.","BILLING_PAYMENT"
1741,"Dear support team, Can you explain how to update my profile picture?","HOW_TO_SUPPORT"
1742,"I have a question about your service. Let me know what to do.","OTHER"
1743,"Feature request: the ability to attach several files at once.","FEATURE_REQUEST"
1744,"Hello team, Product idea: let us add custom fields to every project.","FEATURE_REQUEST"
1745,"Any documentation on how to set up my workspace for the first time? Thanks a lot.","HOW_TO_SUPPORT"
1746,"Video previews will not play in the calendar. Thanks in advance.","TECHNICAL_ISSUE"
1747,"My card was charged twice for my annual plan. Please advise.","BILLING_PAYMENT"
1748,"An option for a kanban view would make the product much better.","FEATURE_REQUEST"
1749,"text is cut off and overlapping on the profile page on my linux machine.","TECHNICAL_ISSUE"
1750,"The inbox is very slow and keeps freezing on my MacBook. Please help.","TECHNICAL_ISSUE"
1751,"Please forward this message to a product specialist. Please help.","OTHER"
1752,"A pop up with a generic error message appears every time I try to upload.","TECHNICAL_ISSUE"
1753,"hello, i cannot log in for the past few days.","ACCOUNT_ACCESS"
1754,"I would like to get in touch with your security team.","OTHER"
1755,"Greetings, I cannot log into my account, it says the email address is not registered but I have used it before. Regards.","ACCOUNT_ACCESS"
1756,"Hi, The system says the video file format is not supported even though it is valid.","TECHNICAL_ISSUE"
1757,"Hi team, I changed my phone number and now I cannot get the login code.","ACCOUNT_ACCESS"
1758,"Good morning, Account recovery is not working, the activation email is not being sent.","ACCOUNT_ACCESS"
1759,"The reports page becomes blank when I upload a Excel file.","TECHNICAL_ISSUE"
1760,"Any plans to support German in the interface? Thanks.","FEATURE_REQUEST"
1761,"I would love to see an integration with Microsoft Teams. Please respond soon.","FEATURE_REQUEST"
1762,"Hi team, Please add a GitHub integration, our whole team uses it. Please advise.","FEATURE_REQUEST"
1763,"Hello support, I am trying to add a comment to a task but I cannot find the option. Where is it","HOW_TO_SUPPORT"
1764,"Hey, Could someone give me an overview of what your company does? Thanks a lot.","OTHER"
1765,"Hi, I would like to speak with a sales representative about enterprise options.","OTHER"
1766,"Hello support, My payment keeps failing at checkout even though my card is valid. Please respond soon.","BILLING_PAYMENT"
1767,"Good morning, I forgot my password and the reset link says it has expired. Let me know what to do.","ACCOUNT_ACCESS"
1768,"Good afternoon, Do you have any seucrity certifications?","OTHER"
1769,"Test message, please ignore. Regards.","OTHER"
1770,"Hi, Login fails on Safari with an authentication failed message","ACCOUNT_ACCESS"
1771,"We really need bulk actions on the dashboard, please cnosider it.","FEATURE_REQUEST"
1772,"Hello team, Can you send me some information about what you offer?","OTHER"
1773,"I would like more information before I create an account. Thanks in advance.","OTHER"
1774,"Greetings, Could you tell me how to share a dashboard with a client?","HOW_TO_SUPPORT"
1775,"i get a something went wrong message when i try to refresh on the settings page.","TECHNICAL_ISSUE"
1776,"I got charged in the wrong currency for my Team plan. Thanks in advance","BILLING_PAYMENT"
1777,"I am not able to log in from my Windows laptop but it works on my computer. Regards","ACCOUNT_ACCESS"
1778,"Hello support, Why was I billed $29 when my plan should be cheaper?","BILLING_PAYMENT"
1779,"Please send quarterly progress reports to my inbox automatically, it would help a lot.","FEATURE_REQUEST"
1780,"Hi there, I lost my phone and cannot receive the verification code to sign in.","ACCOUNT_ACCESS"
1781,"Text is cut off and overlapping on the notifications panel on my Android phone.","TECHNICAL_ISSUE"
1782,"Greetings, I saw your ad and want to laern more","OTHER"
1783,"Hello support, Is there someone I can meet in person to talk about your product?","OTHER"
1784,"what is the easiest way to link my account to slack?","HOW_TO_SUPPORT"
1785,"Where can I change my export options?","HOW_TO_SUPPORT"
1786,"Images are not displaying correctly on the task list in Brave. Please advise","TECHNICAL_ISSUE"
1787,"Greetings, Why was I billed $9.99 when my plan should be cheaper?","BILLING_PAYMENT"
1788,"Dear support team, Test message, please ignore.","OTHER"
1789,"could you add an option to export project litss as powerpoint?","FEATURE_REQUEST"
1790,"Hello support, I would like the option to add custom fields to every project in a future release. Regards","FEATURE_REQUEST"
1791,"Hi, My session logs me out immediately atfer I sign in.","ACCOUNT_ACCESS"
1792,"i was charged $99 for a plan i never upgraded to. thanks a lot.","BILLING_PAYMENT"
1793,"Hey, The application crashes when I click import. Thanks.","TECHNICAL_ISSUE"
1794,"My account is frozen and I have a deadline today. Thanks in advance.","ACCOUNT_ACCESS"
1795,"I have a general iqnuiry that does not fit any of the topics.","OTHER"
1796,"good afternoon, i was billed $14 twice for the same subscription.","BILLING_PAYMENT"
1797,"My card was charged twice for my annual plan.","BILLING_PAYMENT"
1798,"Hi, Plaese get back to me when you can, I have a few questions","OTHER"
1799,"What are the steps to add a new team member? Thank you.","HOW_TO_SUPPORT"
1800,"I am unable to sign in to my account for two days. Any help would be appreciated.","ACCOUNT_ACCESS"
1801,"Good afternoon, Uploading a ZIP file gets stuck at 10 percent and never finishes.","TECHNICAL_ISSUE"
1802,"I was billed $120 twice for the same subscription.","BILLING_PAYMENT"
1803,"Hi team, The site is down for me, I only see a somehting went wrong message","TECHNICAL_ISSUE"
1804,"Hello team, Would you consider adding a Dropbox connection to your product?","FEATURE_REQUEST"
1805,"Hey, Scheduled reports are not running at the set time.","TECHNICAL_ISSUE"
1806,"Good afternoon, Please get back to me when you can, I have a few questions.","OTHER"
1807,"Do you support customers based in Singapore? Please help.","OTHER"
1808,"Good afternoon, Do you support customers based in Kenya?","OTHER"
1809,"Hello support, I want to switch to annual billing to get the discount, how is the payment handled?","BILLING_PAYMENT"
1810,"Dear support team, Why is my account frozen? I need it restored as soon as possible.","ACCOUNT_ACCESS"
1811,"Hi there, Not sure how to link my account to Slack, can you point me to the right help article?","HOW_TO_SUPPORT"
1812,"Good morning, Can you walk me through how to change the date format","HOW_TO_SUPPORT"
1813,"There is a bug where the settings page shows duplicate entries after I upload.","TECHNICAL_ISSUE"
1814,"Hey, I want to leave general feedback about my experience.","OTHER"
1815,"My payment keeps failing at checkout even though my card is valid. Let me know what to do.","BILLING_PAYMENT"
1816,"The VAT number is missing from my invoice. Please respond soon.","BILLING_PAYMENT"
1817,"Hi there, Please stop future charges to my card and cancel my subscription.","BILLING_PAYMENT"
1818,"Are you planning to release a mobile widget in the future?","FEATURE_REQUEST"
1819,"Hello support, I was charged $99 this quarter but I expected a different amount.","BILLING_PAYMENT"
1820,"Which menu do I use to import contacts from a CSV file?","HOW_TO_SUPPORT"
1821,"Hi team, Can I pay by bank transfer instead of card? My card keeps getting declined","BILLING_PAYMENT"
1822,"Everything on the notifications panel is loading extremely slowly since last night.","TECHNICAL_ISSUE"
1823,"Is it possible to change my notification settings? I cannot find where.","HOW_TO_SUPPORT"
1824,"Please add dark mode to the dashboard. Please respond soon.","FEATURE_REQUEST"
1825,"i would like to know who i should contact regarding a collaboration. thanks.","OTHER"
1826,"I get a something went wrong message when I try to delete on the mobile app. Any help would be appreciated.","TECHNICAL_ISSUE"
1827,"Hey, I got charged in the wrong currency for my Premium plan. Let me know what to do.","BILLING_PAYMENT"
1828,"Hi, Do you have a partnership program? Please respond soon.","OTHER"
1829,"Hi, There is a bug where the project board shows duplicate entries after I upload.","TECHNICAL_ISSUE"
1830,"Greetings, I think I sent this to the wrong place, who is the right contact?","OTHER"
1831,"Hi there, How do I transfer ownership of a workspace?","HOW_TO_SUPPORT"
1832,"The reports page shows a timeout error for a week.","TECHNICAL_ISSUE"
1833,"Hello support, The activation email never arrives in my inbox.","ACCOUNT_ACCESS"
1834,"Hi team, Just started using the product, need to know how to deelte a workspace.","HOW_TO_SUPPORT"
1835,"Hi there, My account is disabled and I need it restored as soon as possible.","ACCOUNT_ACCESS"
1836,"Any documentation on how to create a custom report? Thanks.","HOW_TO_SUPPORT"
1837,"The API returns a blank white screen when I call the endpoint. Regards.","TECHNICAL_ISSUE"
1838,"Hi there, I want a refund becasue I was billed after cancelling.","BILLING_PAYMENT"
1839,"I would like instructions on how to download a report. Let me know what to do.","HOW_TO_SUPPORT"
1840,"My payment keeps failing at checkout even though my card is valid. Please respond soon.","BILLING_PAYMENT"
1841,"Could you please implement an option to log out all devices in a coming update? Thanks a lot.","FEATURE_REQUEST"
1842,"Product idea: let us add custom fields to every project.","FEATURE_REQUEST"
1843,"Which menu do I use to merge duplicate entries?","HOW_TO_SUPPORT"
1844,"Good morning, I am unable to sign in to my account since this morning.","ACCOUNT_ACCESS"
1845,"Hello, I was charged $14 on the first of the month but I expected a different amount.","BILLING_PAYMENT"
1846,"Hey, I would like to speak with a sales representative about enterprise options. Let me know what to do.","OTHER"
1847,"Hi, Data I entered yesterday disappeared from the team page","TECHNICAL_ISSUE"
1848,"greetings, i cannot log in after the latest update. thanks a lot.","ACCOUNT_ACCESS"
1849,"Good afternoon, I cannot sign in with my Google account anymore","ACCOUNT_ACCESS"
1850,"Hello team, My account was hacked and I cannot log in anymore.","ACCOUNT_ACCESS"
1851,"Good morning, Can you tell me more about your privacy policy? Thanks.","OTHER"
1852,"Can you explain how to archive old projects? Any help would be appreciated.","HOW_TO_SUPPORT"
1853,"There is an unknown charge of $24.99 from your company on my bank statement. Thanks a lot.","BILLING_PAYMENT"
1854,"Hi there, Any documentation on how to connect my calendar?","HOW_TO_SUPPORT"
1855,"Good afternoon, I have a question about your service. Thanks a lot","OTHER"
1856,"Hello, Could you please implement login alerts by email in a coming update","FEATURE_REQUEST"
1857,"There is a bug where the reports page shows duplicate entries after I refresh.","TECHNICAL_ISSUE"
1858,"Greetings, Just started using the product, need to know how to create a new project.","HOW_TO_SUPPORT"
1859,"The coupon code did not apply at checokut and I was charged the full price.","BILLING_PAYMENT"
1860,"Greetings, The website does not work properly in Opera, but it is fine in another browser.","TECHNICAL_ISSUE"
1861,"hello support, my payment was successful but my subscription is still inactive. thanks a lot.","BILLING_PAYMENT"
1862,"Which page lets me manage my workspace name?","HOW_TO_SUPPORT"
1863,"The app freezes when I try to publish a large PDF.","TECHNICAL_ISSUE"
1864,"I get a error 404 when I try to download on the search page.","TECHNICAL_ISSUE"
1865,"The admin console shows a server error an hour ago.","TECHNICAL_ISSUE"
1866,"please forward this message to your press team. thanks a lot.","OTHER"
1867,"Please send an invoice for my latest Enterprise subscription payment.","BILLING_PAYMENT"
1868,"Can you tell me more about your privacy policy? Please respond soon.","OTHER"
1869,"Hi team, I cannot log in after turning on two-factor authentication.","ACCOUNT_ACCESS"
1870,"Hello team, Where is your company located? Thanks in advance.","OTHER"
1871,"Hello support, Do you have a partnership program? Thank you.","OTHER"
1872,"Hi, The discount promised to me is not reflected on my bill","BILLING_PAYMENT"
1873,"Greetings, Where can I find the team permissions?","HOW_TO_SUPPORT"
1874,"Good morning, I was charged after my free trial ended without any reminder.","BILLING_PAYMENT"
1875,"Hey, I am stuck in a loop where the site asks me to verify my email again and again.","ACCOUNT_ACCESS"
1876,"hello support, why was i billed $59.99 when my plan should be cheaper?","BILLING_PAYMENT"
1877,"I am writing to ask about internship opportunities. Let me know what to do.","OTHER"
1878,"We really need offline mode on the admin console, please consider it.","FEATURE_REQUEST"
1879,"Hello support, Please stop future charges to my card and cancel my subscription.","BILLING_PAYMENT"
1880,"Hello support, Please add a Notion integration, our whole team uses it.","FEATURE_REQUEST"
1881,"Uploading a ZIP file gets stuck at 99 percent and never finishes.","TECHNICAL_ISSUE"
1882,"I was billed $249 twice for the same subscription. Thanks.","BILLING_PAYMENT"
1883,"Hello support, The system says the ZIP file format is not supported even though it is valid. Thanks.","TECHNICAL_ISSUE"
1884,"Greetings, My renewal payment failed and now my subscription shows as past due.","BILLING_PAYMENT"
1885,"how did your copmany start? i am curious.","OTHER"
1886,"Hey, Sign in with single sign-on fails and shows an unauthorized message.","ACCOUNT_ACCESS"
1887,"Hello, The site is down for me, I only see a server error.","TECHNICAL_ISSUE"
1888,"Hi there, I would love to see an integration with Google Drive.","FEATURE_REQUEST"
1889,"I am new here, how do I create a custom report?","HOW_TO_SUPPORT"
1890,"The mobile app closes immediately after opening on my iPhone.","TECHNICAL_ISSUE"
1891,"What is the easiest way to import contacts from a CSV file? Please help.","HOW_TO_SUPPORT"
1892,"Hello, I am trying to change the date format but I cannot find the option. Where is it?","HOW_TO_SUPPORT"
1893,"A pop up with a error code 403 appears evrey time I try to export.","TECHNICAL_ISSUE"
1894,"Hi there, I cannot log into my account, it says the email address is not registered but I have used it before.","ACCOUNT_ACCESS"
1895,"I would like instructions on how to print a report.","HOW_TO_SUPPORT"
1896,"Please add Sinhala language support.","FEATURE_REQUEST"
1897,"Please show me how to set up a recurring report","HOW_TO_SUPPORT"
1898,"Could you please implement authenticator app support in a coming update? Let me know what to do.","FEATURE_REQUEST"
1899,"I lost my phone and cannot receive the verifciation code to sign in.","ACCOUNT_ACCESS"
1900,"I canont recover my account because the security questions are not working. Thanks in advance.","ACCOUNT_ACCESS"
1901,"I would like a refund for the $14 charge for my annual plan.","BILLING_PAYMENT"
1902,"faeture request: the ability to add comments to reports.","FEATURE_REQUEST"
1903,"Hello support, Account recovery is not working, the confirmation email is not being sent.","ACCOUNT_ACCESS"
1904,"I get a error 500 when I try to export on the team page.","TECHNICAL_ISSUE"
1905,"Hi there, Do you have a partnership program? Please respond soon.","OTHER"
1906,"My account is suspended and I cannot do my work.","ACCOUNT_ACCESS"
1907,"Good morning, It would be nice to have single sign-on.","FEATURE_REQUEST"
1908,"Hello team, The download link gives a 502 bad gateway instead of the file","TECHNICAL_ISSUE"
1909,"i upgraded my plan but the charge shows the wrong amount. please help.","BILLING_PAYMENT"
1910,"Dear support team, I would like more information before I create an account.","OTHER"
1911,"Dear support team, I cannot log in after resetting my password.","ACCOUNT_ACCESS"
1912,"Dear support team, I cancelled my subscription weeks ago and you still took money from my account. Regards.","BILLING_PAYMENT"
1913,"The submit button does nothing on the search page.","TECHNICAL_ISSUE"
1914,"Hi, Can you send me an invoice for the GBP 45 payment?","BILLING_PAYMENT"
1915,"My account was hacked and I cannot log in anymore. Please advise.","ACCOUNT_ACCESS"
1916,"Hello, Please add French language support.","FEATURE_REQUEST"
1917,"Hello support, How did your company start? I am curious. Thank you.","OTHER"
1918,"Dear support team, The dsicount promised to me is not reflected on my bill.","BILLING_PAYMENT"
1919,"Good afternoon, I have some questions about your company before I proceed. Please respond soon.","OTHER"
1920,"Is there a guide that shows how to change my display name?","HOW_TO_SUPPORT"
1921,"The dashboard numbers are wrong and do not match the raw data. Thanks.","TECHNICAL_ISSUE"
1922,"Could you tell me how to invite a member to my workspace?","HOW_TO_SUPPORT"
1923,"Hi team, I am new here, how do I transfer ownership of a workspace? Regards","HOW_TO_SUPPORT"
1924,"Good morning, Where can I find the language settings?","HOW_TO_SUPPORT"
1925,"Where is your company located?","OTHER"
1926,"An option for auto save would make the product much better.","FEATURE_REQUEST"
1927,"Why was I billed $24.99 when my plan should be cheaper?","BILLING_PAYMENT"
1928,"My card was charged twice this month. Thanks a lot.","BILLING_PAYMENT"
1929,"I want a refund because I was billed after cancelling. Let me know what to do.","BILLING_PAYMENT"
1930,"Images are not displaying correctly on the mobile app in Opera","TECHNICAL_ISSUE"
1931,"Any plans to support French in the interface? Thank you.","FEATURE_REQUEST"
1932,"Hello, Can you send me some information about what you offer? Any help would be appreciated.","OTHER"
1933,"Dear support team, I represent a media outlet and want to reach out to the press team. Please respond soon.","OTHER"
1934,"I would like to know who I should contact regarding a collaboration. Thank you","OTHER"
1935,"I lost my phone and cannot reecive the verification code to sign in.","ACCOUNT_ACCESS"
1936,"Hi, What are your bsuiness hours?","OTHER"
1937,"Hi, The integration keeps disconnecting and shows an error each time.","TECHNICAL_ISSUE"
1938,"Good afternoon, I would like to know who I should contact regarding a collaboration. Any help would be appreciated.","OTHER"
1939,"My colleague left the company and I need access to the admin account. Please respond soon.","ACCOUNT_ACCESS"
1940,"Hello team, It would be helpful if the task list supported bulk actions.","FEATURE_REQUEST"
1941,"Hi team, My colleague left the company and I need access to the admin account. Please advise.","ACCOUNT_ACCESS"
1942,"Do you have a tutorial on how to restore a deleted file?","HOW_TO_SUPPORT"
1943,"Good morning, I never received the magic link, I already checked my spam folder","ACCOUNT_ACCESS"
1944,"Hey, I cannot log in after the latest update.","ACCOUNT_ACCESS"
1945,"Why is my account disabled? I need it restored as soon as possible.","ACCOUNT_ACCESS"
1946,"My PayPal payment failed but the money left my account. Let me know what to do.","BILLING_PAYMENT"
1947,"what are the steps to export my data?","HOW_TO_SUPPORT"
1948,"Hi there, It would be helpful if the settings page supported drag and drop.","FEATURE_REQUEST"
1949,"can you explain how to set my working hours? let me know what to do.","HOW_TO_SUPPORT"
1950,"Where do I go in the project board to change my team permissions?","HOW_TO_SUPPORT"
1951,"Hello support, Please add bulk actions to the billing page.","FEATURE_REQUEST"
1952,"Hi team, The login page keeps redirecting me back to the sign in screen","ACCOUNT_ACCESS"
1953,"Hello, Feature request: the ability to duplicate an entire project.","FEATURE_REQUEST"
1954,"Unable to sign in on Opera, it just keeps reloading the login page. Thanks in advance.","ACCOUNT_ACCESS"
1955,"Good afternoon, After I reset my password the new one is not accepted.","ACCOUNT_ACCESS"
1956,"Greetings, There is a mistake in my latest invoice, the total does not match the plan price. Please advise.","BILLING_PAYMENT"
1957,"Any documentation on how to share a dashboard with a client?","HOW_TO_SUPPORT"
1958,"Good afternoon, I need a receipt for my payment for March for tax purposes.","BILLING_PAYMENT"
1959,"Please show me how to add a comment to a task. Please advise.","HOW_TO_SUPPORT"
1960,"Please unlock my account, I entered the wrong password several times. Thanks.","ACCOUNT_ACCESS"
1961,"Hi, Please send an invoice for my latest Enterprise subscription payment.","BILLING_PAYMENT"
1962,"Hello, The autosave is broken and my work was lost since Monday.","TECHNICAL_ISSUE"
1963,"Do you have a partnership program? Thanks in advance.","OTHER"
1964,"Hello, Any documentation on how to set up my workspace for the first time?","HOW_TO_SUPPORT"
1965,"It would be great to have a kanban view in the calendar.","FEATURE_REQUEST"
1966,"Dear support team, It would be useful to receive quarterly performance summaries by email.","FEATURE_REQUEST"
1967,"Add a compact layout please, it is missing from the settings page. Let me know what to do","FEATURE_REQUEST"
1968,"Please add support for exporting to PDF and also a kanban view.","FEATURE_REQUEST"
1969,"I would like to know who I should cotnact regarding a collaboration.","OTHER"
1970,"Hi there, The reset link does nothing when I click it.","ACCOUNT_ACCESS"
1971,"Account recovery is not working, the login code is not being sent.","ACCOUNT_ACCESS"
1972,"Hello, I would like to know who I should contact regarding a collaboration","OTHER"
1973,"I am trying to delete a workspace but I cannot find the option. Where is it? Thanks in advance.","HOW_TO_SUPPORT"
1974,"thanks for the great support last week! please advise.","OTHER"
1975,"Hi team, My account is suspended and I have a deadline today. Let me know what to do.","ACCOUNT_ACCESS"
1976,"Please add French language support.","FEATURE_REQUEST"
1977,"I have some questions about your cmopany before I proceed.","OTHER"
1978,"Hello team, My bank shows a pending charge of $120 that I do not recognize.","BILLING_PAYMENT"
1979,"Hey, The VAT number is missing from my invoice. Thank you.","BILLING_PAYMENT"
1980,"Good afternoon, I was billed $14 twice for the same subscription. Please advise.","BILLING_PAYMENT"
1981,"I have a question about your service. Thanks in advance.","OTHER"
1982,"The confirmation email takes forever to arrive and then it has expired.","ACCOUNT_ACCESS"
1983,"I see a spinning loader that never finishes on the notifications panel. Please help","TECHNICAL_ISSUE"
1984,"Hello, The invoice shows the wrong company name, please correct it.","BILLING_PAYMENT"
1985,"There is a bug where the mobile app shows duplicate entries after I delete. Please advise.","TECHNICAL_ISSUE"
1986,"How do I use the team page to share a dashboard with a client?","HOW_TO_SUPPORT"
1987,"Hello support, I am stuck in a loop where the site asks me to verify my email again and again. Thanks a lot.","ACCOUNT_ACCESS"
1988,"Hi team, There is an unknown charge of $99 from your copmany on my bank statement","BILLING_PAYMENT"
1989,"Hi team, Everything on the dashboard is loading extremely solwly since Monday. Please advise.","TECHNICAL_ISSUE"
1990,"Hello, Do you have a partnership program?","OTHER"
1991,"I need help but I am not sure which option applies. Please respond soon.","OTHER"
1992,"There is a bug where the dashboard shows duplicate entries after I sync. Let me know what to do.","TECHNICAL_ISSUE"
1993,"Hey, Please refund my last payment, I did not use the service at all. Let me know what to do.","BILLING_PAYMENT"
1994,"Do you supoprt customers based in the UAE? Any help would be appreciated.","OTHER"
1995,"Can I get a call back from someone on your team? Regards.","OTHER"
1996,"The login page keeps redirecting me back to the sign in screen.","ACCOUNT_ACCESS"
1997,"After I reset my password the new one is not accepted. Please help.","ACCOUNT_ACCESS"
1998,"Charts on the search page do not load","TECHNICAL_ISSUE"
1999,"My bank shows a pending charge of $99 that I do not recognize.","BILLING_PAYMENT"
2000,"Where do I go in the team page to change my export options?","HOW_TO_SUPPORT"
2001,"I would like to speak with a sales representative about enterprise options. Thanks a lot.","OTHER"
2002,"The download link gievs a timeout error instead of the file.","TECHNICAL_ISSUE"
2003,"What are your business hours? Thank you.","OTHER"
2004,"Is it possible to turn on email alerts? I cannot find where. Please help.","HOW_TO_SUPPORT"
2005,"I would like instructions on how to link my account to Slack.","HOW_TO_SUPPORT"
2006,"Which menu do I use to use filters on the dashboard? Any help would be appreciated.","HOW_TO_SUPPORT"
2007,"The exported Word document is corrupted and cannot be opened.","TECHNICAL_ISSUE"
2008,"Hello, Could you add an opiton to export invoices as PDF?","FEATURE_REQUEST"
2009,"The password I created during sign up is not accepted at login. Thanks in advance.","ACCOUNT_ACCESS"
2010,"I have a general inquiry that does not fit any of the topics. Thanks a lot.","OTHER"
2011,"I am trying to assign a task to a colleague but I cannot find the option. Where is it?","HOW_TO_SUPPORT"
2012,"I wish the team page had offline mode. Let me know what to do.","FEATURE_REQUEST"
2013,"It would be great if we could add comments to reports. Any help would be appreciated.","FEATURE_REQUEST"
2014,"Good morning, Scheduled reports are not running at the set time.","TECHNICAL_ISSUE"
2015,"Greetings, The password I created during sign up is not accepted at login.","ACCOUNT_ACCESS"
2016,"I get a something went wrong message when I try to save on the admin console. Any help would be appreciated.","TECHNICAL_ISSUE"
2017,"A pop up with a error 404 appears every time I try to export","TECHNICAL_ISSUE"
2018,"A pop up with a timeout error appears every time I try to sync. Please respond soon.","TECHNICAL_ISSUE"
2019,"My account is blocked and I need to get in right now.","ACCOUNT_ACCESS"
2020,"Can you build custom themes into the team page? Many users would benefit. Regards.","FEATURE_REQUEST"
2021,"Dear support team, Thank you for your help, everything is fine now. Thanks a lot.","OTHER"
2022,"The login page keeps redirecting me back to the sign in screen. Please help.","ACCOUNT_ACCESS"
2023,"Where is your company located? Any help would be appreciated.","OTHER"
2024,"I upgraded my plan but the charge shows the wrong amount. Thank you.","BILLING_PAYMENT"
2025,"Search returns no results even for itmes that I know exist. Please advise.","TECHNICAL_ISSUE"
2026,"There is a bug where the workspace shows duplicate entries after I save.","TECHNICAL_ISSUE"
2027,"Images are not displaying correctly on the admin console in Firefox","TECHNICAL_ISSUE"
2028,"Images are not displaying correctly on the mobile app in Edge. Any help would be appreciated","TECHNICAL_ISSUE"
2029,"It would be helpful if the notifications panel supported keyboard shortcuts.","FEATURE_REQUEST"
2030,"Greetings, Are you planning to release saved veiws in the future?","FEATURE_REQUEST"
2031,"Hi there, Product idea: let us use the product wihtout an internet connection.","FEATURE_REQUEST"
2032,"The mobile app closes immediately after opening on my Windows laptop.","TECHNICAL_ISSUE"
2033,"Everything on the profile page is loading extremely slowly an hour ago.","TECHNICAL_ISSUE"
2034,"Greetings, I get an access denied message when I try to open my workspace.","ACCOUNT_ACCESS"
2035,"I was charged $120 for a plan I never upgraded to. Please advise.","BILLING_PAYMENT"
2036,"Hello team, My account has been deactivated and I do not know why.","ACCOUNT_ACCESS"
2037,"I paid for the Business plan but my account still shows the free tier.","BILLING_PAYMENT"
2038,"How do I use the search page to share a dashboard with a client? Please respond soon.","HOW_TO_SUPPORT"
2039,"Please refund my last payment, I did not use the service at all. Thanks.","BILLING_PAYMENT"
2040,"I paid for the monthly plan but my account still shows the free tier. Please help.","BILLING_PAYMENT"
2041,"Good afternoon, My account is disabled and I have a deadline today.","ACCOUNT_ACCESS"
2042,"I am unbale to sign in to my account since the latest update.","ACCOUNT_ACCESS"
2043,"Hello support, I do not have access to my old email address and need to recover my account.","ACCOUNT_ACCESS"
2044,"Could you add dark mode to the project board? Thanks.","FEATURE_REQUEST"
2045,"Just started using the product, need to know how to change my notification settings.","HOW_TO_SUPPORT"
2046,"I changed my phone number and now I cannot get the login code. Thank you.","ACCOUNT_ACCESS"
2047,"Hey, My credit card was declined but my bank says there is no problem.","BILLING_PAYMENT"
2048,"Hi team, It would be nice to have passkey support. Thanks.","FEATURE_REQUEST"
2049,"hey, could you add version history to the reports page?","FEATURE_REQUEST"
2050,"Thanks for the great supprot last week","OTHER"
2051,"I am a student working on a school project about your product, who can I talk to? Please respond soon.","OTHER"
2052,"Greetings, I would like to get in tuoch with a product specialist.","OTHER"
2053,"Greetings, I would love to see an integration with Microsoft Teams.","FEATURE_REQUEST"
2054,"hello, hello, is anyone there?","OTHER"
2055,"Greetings, Could you tell me how to invite a member to my workspace?","HOW_TO_SUPPORT"
2056,"Where can I chagne my profile information?","HOW_TO_SUPPORT"
2057,"Charts on the dashboard do not load.","TECHNICAL_ISSUE"
2058,"Hello, The page never finishes loading and only shows a 502 bad gateway.","TECHNICAL_ISSUE"
2059,"Hey, I was charged after my free trial ended without any reminder.","BILLING_PAYMENT"
2060,"Do you have a tutorial on how to update my profile picture? Please advise","HOW_TO_SUPPORT"
2061,"I want to leave general feedback about my experience. Let me know what to do.","OTHER"
2062,"i am not able to log in from my work computer but it works on my computer.","ACCOUNT_ACCESS"
2063,"My changes are not saved, the workspace reverts to the old values. Regards","TECHNICAL_ISSUE"
2064,"Could you tell me how to rename a project?","HOW_TO_SUPPORT"
2065,"Do you support cusotmers based in France","OTHER"
2066,"Charts on the reports page do not load.","TECHNICAL_ISSUE"
2067,"My card was charged three times for June.","BILLING_PAYMENT"
2068,"Please send biweekly progress reports to my inbox automatically, it would help a lot.","FEATURE_REQUEST"
2069,"Is your service available in Brazil? Thank you.","OTHER"
2070,"Can someone explain how to use the profile page?","HOW_TO_SUPPORT"
2071,"Hi team, Payment status says pending for days, and my subscription is still not active.","BILLING_PAYMENT"
2072,"Hi team, Everything on the task list is loading extremely slowly for the past few days.","TECHNICAL_ISSUE"
2073,"please add offline mode to the workspace.","FEATURE_REQUEST"
2074,"Hi team, The autosave is broken and my work was lost an hour ago.","TECHNICAL_ISSUE"
2075,"It would be useful to receive weekly progress reports by email","FEATURE_REQUEST"
2076,"The verification step keeps failing when I try to sign in, since this morning. Please advise.","ACCOUNT_ACCESS"
2077,"It would be useful to receive daily performance summaries by email. Any help would be appreciated.","FEATURE_REQUEST"
2078,"The dashboard shows a blank white screen for the past few days. Please help.","TECHNICAL_ISSUE"
2079,"I wish the search page had version history.","FEATURE_REQUEST"
2080,"Hello team, I saw your ad and want to leran more.","OTHER"
2081,"Dear support team, The payment page rejects my card and I cannot renew my Pro plan.","BILLING_PAYMENT"
2082,"Hello team, Plesae show me how to archive old projects.","HOW_TO_SUPPORT"
2083,"Hello support, I was charged after my free trial ended without any reminder.","BILLING_PAYMENT"
2084,"An option for a calendar view would make the product much better. Thanks.","FEATURE_REQUEST"
2085,"Hello, Please add dark mode to the profile page.","FEATURE_REQUEST"
2086,"Would it be possible to add custom fields to every project? That would save us a lot of time.","FEATURE_REQUEST"
2087,"The coupon code did not apply at checkout and I was charged the full price. Thanks.","BILLING_PAYMENT"
2088,"I cannot log in after turnnig on two-factor authentication.","ACCOUNT_ACCESS"
2089,"good afternoon, it would be helpful if the settings page supported offline mode.","FEATURE_REQUEST"
2090,"Hi team, Would it be possible to pin important items to the top? That would save us a lot of time.","FEATURE_REQUEST"
2091,"The workspace shows a error 404 for two days.","TECHNICAL_ISSUE"
2092,"Good afternoon, Search returns no results even for items that I know exist.","TECHNICAL_ISSUE"
2093,"Hi team, The payment went through but I did not get a confirmation and my account is not upgraded.","BILLING_PAYMENT"
2094,"I am trying to add a new team member but I cannot find the option. Where is it?","HOW_TO_SUPPORT"
2095,"Hi, I need help but I am not sure which option applies. Any help would be appreciated.","OTHER"
2096,"Can you tell me more about your privacy policy? Please help.","OTHER"
2097,"Hey, I cannot log in since this morning. Thanks.","ACCOUNT_ACCESS"
2098,"Hello, I need to talk to someone but I do not know what to select.","OTHER"
2099,"Good morning, Feature request: the ability to duplicate an entire project.","FEATURE_REQUEST"
2100,"Hi team, Not sure how to make a teammate an admin, can you point me to the right help article?","HOW_TO_SUPPORT"
2101,"Dear support team, Please add authenticator app support for account security.","FEATURE_REQUEST"
2102,"Good morning, My PayPal payment failed but the money left my account.","BILLING_PAYMENT"
2103,"Hello team, Do you have a partnership program?","OTHER"
2104,"Hi team, I would like the option to add comments to reports in a future release.","FEATURE_REQUEST"
2105,"Can you tell me more about your privacy policy? Thanks in advance.","OTHER"
2106,"My card was charged three times on the first of the month.","BILLING_PAYMENT"
2107,"I need help but I am not sure which option applies. Regards.","OTHER"
2108,"can you explain how to assign a task to a colleague? regards.","HOW_TO_SUPPORT"
2109,"is it possible to change my display name? i cannot find where.","HOW_TO_SUPPORT"
2110,"Hi team, My card was charged three tiems this month.","BILLING_PAYMENT"
2111,"Good morning, Where can I change my language settings?","HOW_TO_SUPPORT"
2112,"Can you walk me through how to update my profile picture? Please respond soon.","HOW_TO_SUPPORT"
2113,"Login fails on Safari with an authentication failed message.","ACCOUNT_ACCESS"
2114,"Hi team, I represent a media outlet and want to reach out to the press team.","OTHER"
2115,"Hello, I would love to see an integration with Dropbox.","FEATURE_REQUEST"
2116,"Good afternoon, My changes are not saved, the billing page reverts to the old values.","TECHNICAL_ISSUE"
2117,"Hello, I am getting a messgae that my account is temporarily locked, please help me get in.","ACCOUNT_ACCESS"
2118,"The receipt email for my payment never arrived. Thanks in advance","BILLING_PAYMENT"
2119,"Hey, I want a refund because I was billed after cancelling. Regards.","BILLING_PAYMENT"
2120,"I would like the option to add custom fields to every project in a future release.","FEATURE_REQUEST"
2121,"Hi there, I am not able to log in from my Windows laptop but it works on my computer.","ACCOUNT_ACCESS"
2122,"Please add dark mode to the dashboard. Thanks a lot.","FEATURE_REQUEST"
2123,"Hi there, Do you support customers based in France?","OTHER"
2124,"Hi there, Charts on the search page do not load.","TECHNICAL_ISSUE"
2125,"We really need dark mode on the analytics page, please consider it.","FEATURE_REQUEST"
2126,"Good afternoon, It would be helpful if the reports page supported auto save.","FEATURE_REQUEST"
2127,"i am trying to connect my calendar but i cannot find the option. where is it?","HOW_TO_SUPPORT"
2128,"Video previews will not play in the inbox.","TECHNICAL_ISSUE"
2129,"Hi team, I would like to know who I should contact regarding a collaboration.","OTHER"
2130,"Hi there, I would like more information before I create an account. Any help would be appreciated.","OTHER"
2131,"Hello, Any plans to support French in the interface?","FEATURE_REQUEST"
2132,"Good afternoon, I was charged $9.99 for a plan I never upgraded to.","BILLING_PAYMENT"
2133,"Can you send me an invoice for the $149 payment?","BILLING_PAYMENT"
2134,"could you add an option to export activity logs as json? thanks in advance.","FEATURE_REQUEST"
2135,"The download btuton does nothing on the team page.","TECHNICAL_ISSUE"
2136,"The autosave is broken and my work was lost for the past few days.","TECHNICAL_ISSUE"
2137,"Hey, Notifications are not being delivreed to my phone.","TECHNICAL_ISSUE"
2138,"Greetings, Buttons on the project board do not respond when I click them.","TECHNICAL_ISSUE"
2139,"We raelly need custom themes on the dashboard, please consider it. Please advise.","FEATURE_REQUEST"
2140,"Is your service available in Singapore? Let me know what to do.","OTHER"
2141,"good afternoon, i cannot log in since yesterday.","ACCOUNT_ACCESS"
2142,"Hi, I downgraded to the Premium plan but I was still billed the higher price.","BILLING_PAYMENT"
2143,"Hello, The app freezes when I try to delete a large PDF.","TECHNICAL_ISSUE"
2144,"Good afternoon, My credit card was declined but my bank says there is no problem. Regards.","BILLING_PAYMENT"
2145,"Good morning, It would be great if we could pin important items to the top.","FEATURE_REQUEST"
2146,"Could you tell me how to download a report? Please help.","HOW_TO_SUPPORT"
2147,"Hi there, Test message, please ignore.","OTHER"
2148,"Hello team, Please get back to me when you can, I have a few questions. Let me know what to do.","OTHER"
2149,"Please consider adding a way to schedule reports in advance. Thanks in advance.","FEATURE_REQUEST"
2150,"Why is my account disabled? I cannot do my work","ACCOUNT_ACCESS"
2151,"Please add support for exporting to JSON and also version history","FEATURE_REQUEST"
2152,"The application crashes when I click publish.","TECHNICAL_ISSUE"
2153,"I am new here, how do I update my profile picture?","HOW_TO_SUPPORT"
2154,"Can you recommend which team I should contact for my request? Thanks.","OTHER"
2155,"Hi, I got charged in the wrong currency for my Premium plan.","BILLING_PAYMENT"
2156,"Good afternoon, I want to report something that does not fit any category.","OTHER"
2157,"Greetings, I need a receipt for my payment for my annual plan for tax purposes. Please advise.","BILLING_PAYMENT"
2158,"A pop up with a blank white screen appears every time I try to export. Let me know what to do.","TECHNICAL_ISSUE"
2159,"I am not able to log in from my tablet but it works on my computer.","ACCOUNT_ACCESS"
2160,"Hi there, I have some questions about your company before I proceed","OTHER"
2161,"We really need offline mode on the billing page, please consider it.","FEATURE_REQUEST"
2162,"The workspace is very slow and keeps freezing on my iPhone.","TECHNICAL_ISSUE"
2163,"Hi, Video previews will not play in the settings page. Any help would be appreciated.","TECHNICAL_ISSUE"
2164,"any plans to support portuguese in the interface?","FEATURE_REQUEST"
2165,"Please refund my last payment, I did not use the service at all. Thanks in advance","BILLING_PAYMENT"
2166,"I downgraded to the monthly plan but I was still billed the higher price. Thanks.","BILLING_PAYMENT"
2167,"I am trying to download a report but I cannot find the option. Where is it? Thanks in advance.","HOW_TO_SUPPORT"
2168,"Good afternoon, My colleague left the company and I need access to the admin account.","ACCOUNT_ACCESS"
2169,"The page never finishes loading and only shows a blank white screen. Please help.","TECHNICAL_ISSUE"
2170,"Good morning, My bank shows a pending charge of $19 that I do not recognize.","BILLING_PAYMENT"
2171,"I forgot my password and the reset link says it has expired. Any help would be appreciated.","ACCOUNT_ACCESS"
2172,"my username is not recognized on the login page. please respond soon.","ACCOUNT_ACCESS"
2173,"It would be great if we could set custom roles for team members.","FEATURE_REQUEST"
2174,"Good afternoon, I was charged for extra seats that I did not add. Let me know what to do.","BILLING_PAYMENT"
2175,"My team would love to have a compact layout. Is it on the roadmap? Thank you.","FEATURE_REQUEST"
2176,"Hello, Do you support customers based in Kenya?","OTHER"
2177,"Hey, Is it possible to make a teammate an admin? I cannot find where.","HOW_TO_SUPPORT"
2178,"Please show me how to find my activity history.","HOW_TO_SUPPORT"
2179,"I am not able to log in from my MacBook but it works on my computer.","ACCOUNT_ACCESS"
2180,"Sign in with single sign-on fails and shows an unauthorized message. Regards.","ACCOUNT_ACCESS"
2181,"good afternoon, i would like to know who i should contact regarding a collaboration.","OTHER"
2182,"Greetings, Where can I change my workspace name?","HOW_TO_SUPPORT"
2183,"Good morning, Just started using the product, need to know how to rename a project.","HOW_TO_SUPPORT"
2184,"It would improve my workflow if I could duplicate an entire project.","FEATURE_REQUEST"
2185,"Please add a Dropbox integration, our whole team uses it. Thanks a lot.","FEATURE_REQUEST"
2186,"Good afternoon, Please show me how to cerate a new project.","HOW_TO_SUPPORT"
2187,"Please add auto save to the project board. Thank you.","FEATURE_REQUEST"
2188,"Hello team, Can you explain how to rename a project?","HOW_TO_SUPPORT"
2189,"Greetings, How did your company start? I am curious.","OTHER"
2190,"I would like the option to duplicate an entire project in a future release.","FEATURE_REQUEST"
2191,"Can you send me an invoice for the EUR 15 payment?","BILLING_PAYMENT"
2192,"The page keeps refreshing by itself and I lose what I typed.","TECHNICAL_ISSUE"
2193,"Good afternoon, Feature request: the ability to use the product without an internet connection.","FEATURE_REQUEST"
2194,"Hello support, We really need a compact layout on the admin console, please consider it. Thank you.","FEATURE_REQUEST"
2195,"Not sure how to change my password from the settings page, can you point me to the right help article? Any help would be appreciated.","HOW_TO_SUPPORT"
2196,"Hi team, Where is your company located? Thanks.","OTHER"
2197,"Hello team, It would be great to have saved views in the admin console. Thanks a lot.","FEATURE_REQUEST"
2198,"Good afternoon, I cannot access my search page because it says I do not have permission. Thanks.","ACCOUNT_ACCESS"
2199,"Can you help me regain access to my account? I have a deadline today.","ACCOUNT_ACCESS"
2200,"Dear support team, The save button does nothing on the task list. Please help.","TECHNICAL_ISSUE"
2201,"Hey, I am writing to ask about internship opportunities.","OTHER"
2202,"Whree can I find the notification settings?","HOW_TO_SUPPORT"
2203,"Good morning, Do you have a tutorial on how to create a template?","HOW_TO_SUPPORT"
2204,"Hi there, Please add a Zapier integration, our whole team uses it.","FEATURE_REQUEST"
2205,"Everything works on my computer but the settings page crashes on my Windows laptop.","TECHNICAL_ISSUE"
2206,"Good afternoon, I would like more information before I create an account.","OTHER"
2207,"A pop up with a 502 bad gateway appears every time I try to save. Thanks a lot.","TECHNICAL_ISSUE"
2208,"I would like to know who I should contact regarding a collaboration. Please advise.","OTHER"
2209,"Hello, I keep getting an invalid password message even though I am typing it correctly.","ACCOUNT_ACCESS"
2210,"Greetings, Is there someone I can meet in preson to talk about your product?","OTHER"
2211,"Hi there, Can someone explain how to use the workspace","HOW_TO_SUPPORT"
2212,"hi there, can you recommend which team i should contact for my request?","OTHER"
2213,"The site is down for me, I only see a blank white screen. Thanks in advance","TECHNICAL_ISSUE"
2214,"hi there, i cannot access my profile page because it says i do not have permission.","ACCOUNT_ACCESS"
2215,"Hello support, What are your business hours? Thanks.","OTHER"
2216,"How can I add a new team member?","HOW_TO_SUPPORT"
2217,"Good afternoon, My bank shows a pending charge of GBP 12 that I do not recognize.","BILLING_PAYMENT"
2218,"Dear support team, How do I use the billing page to update my profile picture?","HOW_TO_SUPPORT"
2219,"Hi, I paid for the Pro plan but my account still shows the free tier.","BILLING_PAYMENT"
2220,"Hi team, Hello, is anyone there?","OTHER"
2221,"Hello team, Hello, is anyone there?","OTHER"
2222,"Dear support team, Which menu do I use to connect my calendar?","HOW_TO_SUPPORT"
2223,"Good morning, Is there a guide that shows how to create a new project? Regards","HOW_TO_SUPPORT"
2224,"Hi there, I want to switch to annual billing to get the discount, how is the payment handled?","BILLING_PAYMENT"
2225,"Hello, is anyone there? Thanks in advance.","OTHER"
2226,"Do you support customers based in Singapore?","OTHER"
2227,"Hello, Where do I go in the profile page to change my report templates?","HOW_TO_SUPPORT"
2228,"I wish the admin console had saved views.","FEATURE_REQUEST"
2229,"I am getting a server error whenever I open the project board.","TECHNICAL_ISSUE"
2230,"Dear support team, My invitation link to join the team does not let me sign in. Thanks a lot.","ACCOUNT_ACCESS"
2231,"Good afternoon, The autosave is broken and my work was lost since this morning.","TECHNICAL_ISSUE"
2232,"Hi, Can I get a call back from someone on your team? Thanks in advance.","OTHER"
2233,"Images are not displaying correctly on the wrokspace in Firefox.","TECHNICAL_ISSUE"
2234,"How do I update my profile picture?","HOW_TO_SUPPORT"
2235,"My bank shows a pending charge of GBP 45 that I do not recognize. Thanks a lot.","BILLING_PAYMENT"
2236,"The payment went through but I did not get a confrimation and my account is not upgraded.","BILLING_PAYMENT"
2237,"There is an unknown charge of $49 from your company on my bank statement. Please help.","BILLING_PAYMENT"
2238,"Would it be possible to restore deleted items from a trash folder? That would save us a lot of time.","FEATURE_REQUEST"
2239,"The application crashes when I click upload.","TECHNICAL_ISSUE"
2240,"Hello team, I cannot log in for a week.","ACCOUNT_ACCESS"
2241,"Hey, After I reset my password the new one is not accepted.","ACCOUNT_ACCESS"
2242,"I saw your ad and want to learn more. Please respond soon.","OTHER"
2243,"Hello, There is an unknown charge of EUR 39 from your company on my bank statement. Thanks.","BILLING_PAYMENT"
2244,"I have a general inquiry that does not fit any of the topics. Regards.","OTHER"
2245,"A pop up with a something went wrong message appears every time I try to delete. Please respond soon.","TECHNICAL_ISSUE"
2246,"Hi, Plesae add dark mode to the dashboard","FEATURE_REQUEST"
2247,"My invitaiton link to join the team does not let me sign in. Thanks.","ACCOUNT_ACCESS"
2248,"Good morning, What are the steps to change the date format?","HOW_TO_SUPPORT"
2249,"Could you add a favorites list to the settings page?","FEATURE_REQUEST"
2250,"Hello, The workspace shows a timeout error sicne yesterday.","TECHNICAL_ISSUE"
2251,"The inbox becomes blank when I upload a PNG image.","TECHNICAL_ISSUE"
2252,"I see a spinning loader that never finishes on the team page. Thanks in advance","TECHNICAL_ISSUE"
2253,"Hello support, Are you currently hiring?","OTHER"
2254,"There is an unknown charge of $19 from your company on my bank statement.","BILLING_PAYMENT"
2255,"I have been overcharged for June, please look into my billing.","BILLING_PAYMENT"
2256,"please add templates to the calendar.","FEATURE_REQUEST"
2257,"I cannot sign in with my Google account anymore. Any help would be appreciated.","ACCOUNT_ACCESS"
2258,"Hello, I need help but I am not sure which option applies.","OTHER"
2259,"Account recovery is not working, the security code is not being sent. Let me know what to do.","ACCOUNT_ACCESS"
2260,"Hello support, Uploading a PNG image gets stuck at 100 percent and never finishes.","TECHNICAL_ISSUE"
2261,"i think i sent this to the wrong place, who is the right contact? any help would be appreciated.","OTHER"
2262,"my team would love to have dark mode. is it on the roadmap?","FEATURE_REQUEST"
2263,"It would be nice to have authenticator app support. Let me know what to do.","FEATURE_REQUEST"
2264,"please forward this message to the legal department. thanks.","OTHER"
2265,"The sync button does nothing on the billing page.","TECHNICAL_ISSUE"
2266,"Hello team, Can someone explain how to use the reports page? Please help.","HOW_TO_SUPPORT"
2267,"The project board becomes blank when I upload a CSV file.","TECHNICAL_ISSUE"
2268,"Where do I go in the project board to change my saved filters?","HOW_TO_SUPPORT"
2269,"Hi team, My invitation link to join the team does not let me sign in. Any help would be appreciated.","ACCOUNT_ACCESS"
2270,"Good morning, Where can I change my default dashboard?","HOW_TO_SUPPORT"
2271,"I was charged EUR 15 for a plan I never upgraded to.","BILLING_PAYMENT"
2272,"Could you tell me how to set up my workspace for the first time? Please help.","HOW_TO_SUPPORT"
2273,"Where do I go in the admin console to change my default dashboard","HOW_TO_SUPPORT"
2274,"Hello, Thank you for your help, everything is fine now.","OTHER"
2275,"Hello support, Can you recommend which team I should contact for my request?","OTHER"
2276,"Please add support for exporting to XML and also bulk actions.","FEATURE_REQUEST"
2277,"The reports page becomes blank when I upload a video file.","TECHNICAL_ISSUE"
2278,"Greetings, It would be helpful if the team page supported a mobile widget.","FEATURE_REQUEST"
2279,"Hi there, The dashboard numbers are wrong and do not mtach the raw data.","TECHNICAL_ISSUE"
2280,"Someone chanegd my password and I no longer have access to my account.","ACCOUNT_ACCESS"
2281,"Can you help me regain access to my account? I cannot reach my data. Thank you.","ACCOUNT_ACCESS"
2282,"I am trying to duplicate a project but I cannot find the option. Where is it? Thanks a lot.","HOW_TO_SUPPORT"
2283,"My card was charged twice for March. Regards.","BILLING_PAYMENT"
2284,"it would be helpful if the workpsace supported offline mode.","FEATURE_REQUEST"
2285,"Good afternoon, Please let us export charts to XML.","FEATURE_REQUEST"
2286,"My credit card was declined but my bank says there is no problem. Thanks.","BILLING_PAYMENT"
2287,"Good afternoon, Just started using the product, need to know how to change the date format.","HOW_TO_SUPPORT"
2288,"The website does not work properly in Brave, but it is fine in another browser.","TECHNICAL_ISSUE"
2289,"I have a general inqiury that does not fit any of the topics.","OTHER"
2290,"I cannot log in after turning on two-factor authentication.","ACCOUNT_ACCESS"
2291,"I have been overcharged last month, please look into my billing.","BILLING_PAYMENT"
2292,"Hi there, My card was charged twice for March.","BILLING_PAYMENT"
2293,"Please send an invoice for my latest Premium subscription payment.","BILLING_PAYMENT"
2294,"Hello team, I have a questoin about your service.","OTHER"
2295,"How can I make a teammate an admin? Please advise.","HOW_TO_SUPPORT"
2296,"My session logs me out immediately after I sign in. Thank you.","ACCOUNT_ACCESS"
2297,"I never received the security code, I already checked my spam folder.","ACCOUNT_ACCESS"
2298,"The app freezes when I try to sync a large JPEG photo. Let me know what to do","TECHNICAL_ISSUE"
2299,"How do I use the notifications panel to invite a member to my workspace?","HOW_TO_SUPPORT"
2300,"Plaese add dark mode to the dashboard.","FEATURE_REQUEST"
2301,"good afternoon, would you consider adding a outlook connection to your product?","FEATURE_REQUEST"
2302,"I am getting a server error whenever I open the mobile app. Regards.","TECHNICAL_ISSUE"
2303,"What are the steps to change the date format? Please advise","HOW_TO_SUPPORT"
2304,"Hello support, I paid for the Starter plan but my account still shows the free tier.","BILLING_PAYMENT"
2305,"Hello, It would be great to have offline mode in the dashboard.","FEATURE_REQUEST"
2306,"Hello, My card was charged three times for my annual plan.","BILLING_PAYMENT"
2307,"I am getting a blank white screen whenever I open the analytics page.","TECHNICAL_ISSUE"
2308,"Hello, Can you help me regain access to my account? I have a deadline today.","ACCOUNT_ACCESS"
2309,"The verification step keeps failing when I try to sign in, since Monday. Thanks in advance.","ACCOUNT_ACCESS"
2310,"greetings, i have been overcharged for march, please look into my billing.","BILLING_PAYMENT"
2311,"Everything works on my computer but the task list crashes on my Android phone.","TECHNICAL_ISSUE"
2312,"Good afternoon, The autosave is broken and my work was lost for a week.","TECHNICAL_ISSUE"
2313,"Greetings, Everything on the mobile app is loading extremely slowly for a week.","TECHNICAL_ISSUE"
2314,"Hi, Any documentation on how to set up a recurring report?","HOW_TO_SUPPORT"
2315,"Please forward this message to customer success.","OTHER"
2316,"Where do I go in the inbox to change my workspace name? Please advise.","HOW_TO_SUPPORT"
2317,"I was charged GBP 45 yesterday but I expected a different amount.","BILLING_PAYMENT"
2318,"I would like a refund for the GBP 45 charge last month.","BILLING_PAYMENT"
2319,"Please reufnd my last payment, I did not use the service at all.","BILLING_PAYMENT"
2320,"Hey, Buttons on the mobile app do not respond when I click them.","TECHNICAL_ISSUE"
2321,"Please add a Trello integration, our whole team uses it. Thanks in advance.","FEATURE_REQUEST"
2322,"my account has been suspended and i do not know why. please respond soon.","ACCOUNT_ACCESS"
2323,"Good morning, I am locked out after too many failed login attempts. Regards.","ACCOUNT_ACCESS"
2324,"Good morning, The autosave is broken and my work was lost for a week.","TECHNICAL_ISSUE"
2325,"Dear support team, The app crashes every time I try to upload.","TECHNICAL_ISSUE"
2326,"My PayPal payment failed but the money left my account. Please respond soon.","BILLING_PAYMENT"
2327,"Hi team, Feature request: a calendar view.","FEATURE_REQUEST"
2328,"I do not have access to my old email address and need to recover my account. Thanks a lot.","ACCOUNT_ACCESS"
2329,"Would it be possible to duplicate an entire project? That would save us a lot of time. Thank you.","FEATURE_REQUEST"
2330,"I was charged $249 on the first of the month but I expected a different amount.","BILLING_PAYMENT"
2331,"Dear support team, Can you explain how to assign a task to a colleague?","HOW_TO_SUPPORT"
2332,"Where can I find the report templates?","HOW_TO_SUPPORT"
2333,"Hi team, I saw your ad and want to learn more.","OTHER"
2334,"The workspace becomes blank when I upload a Excel file. Thanks a lot.","TECHNICAL_ISSUE"
2335,"Any plans to support German in the interface?","FEATURE_REQUEST"
2336,"The exported spreadsheet is corrupted and cnanot be opened.","TECHNICAL_ISSUE"
2337,"Hi team, Please stop future charges to my card and canecl my subscription.","BILLING_PAYMENT"
2338,"Good morning, Is it possible to add a comment to a task? I cannot find where.","HOW_TO_SUPPORT"
2339,"Can you send me an invoice for the $59.99 payment?","BILLING_PAYMENT"
2340,"Good morning, I would like to get in touch with a manager.","OTHER"
2341,"It would be great to have an undo button in the notifications panel. Thanks.","FEATURE_REQUEST"
2342,"i forgot my password and the reest link says it has expired.","ACCOUNT_ACCESS"
2343,"I would like instructions on how to add a new team member.","HOW_TO_SUPPORT"
2344,"It would be nice to have single sign-on.","FEATURE_REQUEST"
2345,"How can I add a new team member? Let me know what to do.","HOW_TO_SUPPORT"
2346,"I need to update the billing adrdess on my invoice.","BILLING_PAYMENT"
2347,"Hi, The coupon code did not apply at checkout and I was charged the full price.","BILLING_PAYMENT"
2348,"Hey, Could someone give me an overview of what your company does?","OTHER"
2349,"Hi, The dashboard numbers are wrong and do not match the raw data.","TECHNICAL_ISSUE"
2350,"I would like the option to set custom roles for team members in a future release.","FEATURE_REQUEST"
2351,"Hello, Charts on the team page do not load. Thank you.","TECHNICAL_ISSUE"
2352,"my renewal payment failed and now my subscription shows as past due. please advise.","BILLING_PAYMENT"
2353,"Are you planning to release an undo button in the future? Please help.","FEATURE_REQUEST"
2354,"Where do I go in the calendar to change my email preferences?","HOW_TO_SUPPORT"
2355,"My account has been frozen and I do not know why. Let me know what to do","ACCOUNT_ACCESS"
2356,"Hi, My card was chagred twice yesterday.","BILLING_PAYMENT"
2357,"I am a student worknig on a school project about your product, who can I talk to","OTHER"
2358,"Good morning, My card was charged three times yesterday.","BILLING_PAYMENT"
2359,"could you add an option to export activity logs as pdf?","FEATURE_REQUEST"
2360,"Can you build offline mode into the dashboard? Many users would benefit.","FEATURE_REQUEST"
2361,"Login fails on Safari with an authentication failed message. Thanks.","ACCOUNT_ACCESS"
2362,"I need to talk to someone but I do not know what to select. Any help would be appreciated.","OTHER"
2363,"Hi, Can I get a call back from someone on your team? Please respond soon.","OTHER"
2364,"Good morning, I need to talk to someone but I do not know what to select. Regards.","OTHER"
2365,"Dear support team, I need to update the billing address on my invoice.","BILLING_PAYMENT"
2366,"Good afternoon, I saw your ad and want to learn more.","OTHER"
2367,"Hello team, I would like to know who I should contact regarding a collaboration","OTHER"
2368,"Hello support, The app freezes when I try to sync a large video file.","TECHNICAL_ISSUE"
2369,"It would be great to have dark mode in the analytics page. Regards.","FEATURE_REQUEST"
2370,"Hey, Which menu do I use to change my time zone?","HOW_TO_SUPPORT"
2371,"Account recovery is not working, the activation email is not being sent. Thanks in advance.","ACCOUNT_ACCESS"
2372,"Hello team, I need a corrected invoice with our new company address.","BILLING_PAYMENT"
2373,"Data I entered yesterday disappeared from the admin console. Please advise.","TECHNICAL_ISSUE"
2374,"hello support, do you support customers based in germany? please respond soon.","OTHER"
2375,"Hello, Do you support customers based in Sri Lanka? Let me know what to do.","OTHER"
2376,"Not sure how to export my data, can you point me to the right help article?","HOW_TO_SUPPORT"
2377,"Where can I find the notification settings?","HOW_TO_SUPPORT"
2378,"I am getting a timeout error whenever I open the notifications panel","TECHNICAL_ISSUE"
2379,"Hello support, Thank you for your help, everything is fine now. Thanks.","OTHER"
2380,"Hi, The invoice shows the wrong company name, please correct it.","BILLING_PAYMENT"
2381,"Greetings, I would love to see an integration with Google Drive.","FEATURE_REQUEST"
2382,"Greetings, Account recovery is not working, the SMS code is not being sent.","ACCOUNT_ACCESS"
2383,"The app freezes when I try to sync a large Word document. Thanks in advance.","TECHNICAL_ISSUE"
2384,"hey, can you explain how to find my activity history?","HOW_TO_SUPPORT"
2385,"I cannot recover my account because the security questions are not working. Thanks a lot","ACCOUNT_ACCESS"
2386,"Hi team, Is it possible to transfer ownership of a workspace? I cannot find where. Thanks.","HOW_TO_SUPPORT"
2387,"Can you build an undo button into the billing page? Many users would benefit.","FEATURE_REQUEST"
2388,"A pop up with a error 500 appears every time I try to publish. Please help.","TECHNICAL_ISSUE"
2389,"I downgraded to the monthly plan but I was still billed the higher price.","BILLING_PAYMENT"
2390,"Just started using the product, need to know how to create a custom report.","HOW_TO_SUPPORT"
2391,"Why is my account deactivated? I need access urgently.","ACCOUNT_ACCESS"
2392,"Good morning, The site is down for me, I only see a genreic error message","TECHNICAL_ISSUE"
2393,"Can you build a mobile widget into the billing page? Many users would benefit","FEATURE_REQUEST"
2394,"I would like a refund for the $120 charge this quarter.","BILLING_PAYMENT"
2395,"it would be great if we could see who viewed a shared report. please advise.","FEATURE_REQUEST"
2396,"Good morning, I am writing to ask about internship opportunities.","OTHER"
2397,"Why was I billed $120 when my plan should be cheaper?","BILLING_PAYMENT"
2398,"Greetings, Do you offer any events or webinars?","OTHER"
2399,"Hi, Can you help me regain access to my account? I cannot reach my data.","ACCOUNT_ACCESS"
2400,"What are the steps to change my display name? Please help.","HOW_TO_SUPPORT"
2401,"Hi team, Are you currently hiring?","OTHER"
2402,"good morning, please stop future charges to my card and cancel my subscription.","BILLING_PAYMENT"
2403,"The integration keeps disconnecting and shows an error each time.","TECHNICAL_ISSUE"
2404,"The page never finishes loading and only shows a something went wrong message.","TECHNICAL_ISSUE"
2405,"Hello, I am unable to sign in to my account since the latest update. Please respond soon.","ACCOUNT_ACCESS"
2406,"Good morning, How do I use the dashboard to set up a recurring report","HOW_TO_SUPPORT"
2407,"Dear support team, The payment went through but I did not get a confirmation and my account is not upgraded","BILLING_PAYMENT"
2408,"Hi there, Which menu do I use to change my password from the settings page","HOW_TO_SUPPORT"
2409,"Search returns no results even for items that I know exist. Thanks a lot.","TECHNICAL_ISSUE"
2410,"someone changed my password and i no lnoger have access to my account.","ACCOUNT_ACCESS"
2411,"Greetings, I need help but I am not sure which option applies","OTHER"
2412,"Good afternoon, It would improve my workflow if I could use the product without an internet connection.","FEATURE_REQUEST"
2413,"I forgot the email I used to register and cannot get into my account. Please advise.","ACCOUNT_ACCESS"
2414,"What is the easiest way to acrhive old projects?","HOW_TO_SUPPORT"
2415,"I cannot log in for a week. Regards.","ACCOUNT_ACCESS"
2416,"Hi there, Please add support for exporting to XML and also version history.","FEATURE_REQUEST"
2417,"Everything on the team page is loading extremely slowly since Monday","TECHNICAL_ISSUE"
2418,"I see a spinning loader that never finishes on the profile page.","TECHNICAL_ISSUE"
2419,"Hi team, Test message, please ignore.","OTHER"
2420,"Hello, The magic link never arrives in my inbox. Thanks a lot.","ACCOUNT_ACCESS"
2421,"i am new here, how do i arcihve old projects? please advise.","HOW_TO_SUPPORT"
2422,"I would like to get in touch with your press team. Thank you.","OTHER"
2423,"Hello support, What is the easiest way to connect my calendar? Please respond soon.","HOW_TO_SUPPORT"
2424,"I keep getting an invalid password message even though I am typing it correctly. Let me know what to do.","ACCOUNT_ACCESS"
2425,"I wish the analytics page had dark mode.","FEATURE_REQUEST"
2426,"Hi, I cannot log into my account, it says the email address is not registered but I have used it before.","ACCOUNT_ACCESS"
2427,"Hi team, Are you planning to release a search bar in the future? Thanks.","FEATURE_REQUEST"
2428,"Hi there, Can you walk me through how to rename a project? Thanks a lot.","HOW_TO_SUPPORT"
2429,"I got charged in the wrong currency for my Team plan. Let me know what to do.","BILLING_PAYMENT"
2430,"Hello support, I want to leave general feedback about my experience.","OTHER"
2431,"Please add custom themes to the profile page. Regards.","FEATURE_REQUEST"
2432,"Would it be possible to assign tasks to multiple people? That would save us a lot of time. Please advise.","FEATURE_REQUEST"
2433,"Dear support team, I never received the magic link, I already checked my spam folder. Thanks in advance.","ACCOUNT_ACCESS"
2434,"I want to report something that does not fit any category. Please help.","OTHER"
2435,"is your service available in the uae?","OTHER"
2436,"Hey, The SMS code never arrives in my inbox. Any help would be appreciated.","ACCOUNT_ACCESS"
2437,"Good morning, I need to talk to someone but I do not know what to select.","OTHER"
2438,"Hi team, Could you add saved views to the project board?","FEATURE_REQUEST"
2439,"The page never finishes loading and only shows a server error. Thanks a lot.","TECHNICAL_ISSUE"
2440,"It would improve my workflow if I could set custom roles for team members.","FEATURE_REQUEST"
2441,"It would be great if we could tag items with labels. Please help.","FEATURE_REQUEST"
2442,"There is an unknown charge of $149 from your company on my bank statement.","BILLING_PAYMENT"
2443,"Hey, I am getting a error 404 whenever I open the analytics page.","TECHNICAL_ISSUE"
2444,"Is there a guide that shows how to create a new project?","HOW_TO_SUPPORT"
2445,"Feature request: the ability to mark items as favorites.","FEATURE_REQUEST"
2446,"It would be helpful if the search page supported dark mode. Thank you.","FEATURE_REQUEST"
2447,"The coupon code did not apply at checkout and I was charged the full price. Any help would be appreciated.","BILLING_PAYMENT"
2448,"Why is my account suspended? I cannot reach my data.","ACCOUNT_ACCESS"
2449,"Hi there, I would like the option to see who viewed a shared report in a future release.","FEATURE_REQUEST"
2450,"I cannot log in since yesterday. Please respond soon.","ACCOUNT_ACCESS"
2451,"Hello team, I need to upadte the billing address on my invoice.","BILLING_PAYMENT"
2452,"Please let us export analytics data to CSV.","FEATURE_REQUEST"
2453,"My account has been disabled and I do not know why.","ACCOUNT_ACCESS"
2454,"Hi team, Would you consider adding a Jira connection to your product?","FEATURE_REQUEST"
2455,"Hi there, I need help but I am not sure which option applies.","OTHER"
2456,"Good morning, Test message, please ignore.","OTHER"
2457,"Dear support team, There is a misatke in my latest invoice, the total does not match the plan price.","BILLING_PAYMENT"
2458,"Not sure how to duplicate a project, can you point me to the right help article?","HOW_TO_SUPPORT"
2459,"Good morning, The password I created during sign up is not accetped at login.","ACCOUNT_ACCESS"
2460,"The mobile app closes immediately after opening on my Android phone.","TECHNICAL_ISSUE"
2461,"Can someone contcat me about an issue?","OTHER"
2462,"i got charged in the wrong currency for my premium plan. thanks a lot.","BILLING_PAYMENT"
2463,"Hi there, Can you tell me more about your privacy policy?","OTHER"
2464,"Hi team, I cnanot log in on my iPad.","ACCOUNT_ACCESS"
2465,"Good morning, Is there a guide that shows how to rename a project? Please help.","HOW_TO_SUPPORT"
2466,"Hey, Please send quarterly usage summaries to my inbox automatically, it would help a lot.","FEATURE_REQUEST"
2467,"Hi, The verification step keeps failing when I try to sign in, an hour ago.","ACCOUNT_ACCESS"
2468,"Greetings, I have been overcharged on the first of the month, please look into my billing.","BILLING_PAYMENT"
2469,"Dear support team, I would like to speak with a sales representative about enterprise options.","OTHER"
2470,"I cannot access my admin console because it says I do not have permission. Regards.","ACCOUNT_ACCESS"
2471,"Are you curretnly hiring?","OTHER"
2472,"Can you recommend which team I should contact for my request? Regards.","OTHER"
2473,"please show me how to turn on email alerts.","HOW_TO_SUPPORT"
2474,"Good morning, It would be helpful if the billing page supported keyboard shortcuts. Please respond soon.","FEATURE_REQUEST"
2475,"The verification step keeps failing when I try to sign in, since yesterday.","ACCOUNT_ACCESS"
2476,"Hi there, Please show me how to download a report. Thanks in advance.","HOW_TO_SUPPORT"
2477,"I wish the inbox had a mobile widget","FEATURE_REQUEST"
2478,"My payment was successful but my subscription is still inactive. Let me know what to do.","BILLING_PAYMENT"
2479,"Buttons on the project board do not respond when I click them.","TECHNICAL_ISSUE"
2480,"Do you have any security certifications? Thank you.","OTHER"
2481,"Data I entered yesterday disappeared from the dashboard. Please advise.","TECHNICAL_ISSUE"
2482,"Greetings, Are you planning to release saved views in the future?","FEATURE_REQUEST"
2483,"How do I pin a dashboard as my home page? Please respond soon.","HOW_TO_SUPPORT"
2484,"Greetings, I was billed $59.99 twice for the same subscription.","BILLING_PAYMENT"
2485,"Hello, I changed my email address and now I cannot access my account.","ACCOUNT_ACCESS"
2486,"Could you tell me how to create a new project? Let me know what to do.","HOW_TO_SUPPORT"
2487,"Hey, Feature request: the ability to add custom fields to every project.","FEATURE_REQUEST"
2488,"Not sure how to connect my calendar, can you point me to the right help article? Please advise.","HOW_TO_SUPPORT"
2489,"Do you support customers based in India? Regards.","OTHER"
2490,"Could you tell me how to update my profile picture? Any help would be appreciated.","HOW_TO_SUPPORT"
2491,"We really need templates on the calendar, please consider it.","FEATURE_REQUEST"
2492,"I would like a refund for the $149 charge last month.","BILLING_PAYMENT"
2493,"Greetings, Not sure how to add a comment to a task, can you point me to the right help article?","HOW_TO_SUPPORT"
2494,"Hi, Do you have any security certifications? Thanks a lot.","OTHER"
2495,"Hi team, I cannot access my task list because it says I do not have permission.","ACCOUNT_ACCESS"
2496,"I need a receipt for my payment this week for tax purposes.","BILLING_PAYMENT"
2497,"Greetings, Please let us export invoices to Word.","FEATURE_REQUEST"
2498,"greetings, can you send me some inforamtion about what you offer? thank you.","OTHER"
2499,"I cannot access my team page because it says I do not have permission. Thanks a lot.","ACCOUNT_ACCESS"
2500,"I would like a refund for the $9.99 charge this month.","BILLING_PAYMENT"
2501,"Feature request: templates. Thank you.","FEATURE_REQUEST"
2502,"Good morning, The payment page rejects my card and I cannot renew my Business plan. Please advise.","BILLING_PAYMENT"
2503,"Hi team, Just started using the product, need to know how to create a new project.","HOW_TO_SUPPORT"
2504,"Product idea: let us restore deleted items from a trash folder.","FEATURE_REQUEST"
2505,"Hello, Can you walk me through how to set up my workspace for the first time? Thanks in advance.","HOW_TO_SUPPORT"
2506,"Can you explain how to find my activity history?","HOW_TO_SUPPORT"
2507,"Hi team, Uploading a PDF gets stuck at 99 percent and never finishes.","TECHNICAL_ISSUE"
2508,"Please let us export project lists to Excel.","FEATURE_REQUEST"
2509,"What is the easiest way to share a dashboard with a client?","HOW_TO_SUPPORT"
2510,"How can I chagne my notification settings?","HOW_TO_SUPPORT"
2511,"i need to talk to somoene but i do not know what to select.","OTHER"
2512,"Hello, The payment page rejects my card and I cannot renew my Pro plan. Any help would be appreciated.","BILLING_PAYMENT"
2513,"Can you walk me through how to connect my calendar?","HOW_TO_SUPPORT"
2514,"hi, i think i sent this to the wrong place, who is the right contact?","OTHER"
2515,"Hi, The password I created during sign up is not accepted at login. Let me know what to do.","ACCOUNT_ACCESS"
2516,"I am not able to log in from my MacBook but it works on my computer. Thanks.","ACCOUNT_ACCESS"
2517,"The mobile app is very slow and keeps freezing on my Windows laptop.","TECHNICAL_ISSUE"
2518,"Hello support, Charts on the notifications panel do not load. Please help.","TECHNICAL_ISSUE"
2519,"Good morning, The application crashes when I click save. Thanks in advance.","TECHNICAL_ISSUE"
2520,"i chnaged my phone number and now i cannot get the login code.","ACCOUNT_ACCESS"
2521,"Greetings, Which page lets me manage my integration settings? Thanks.","HOW_TO_SUPPORT"
2522,"Hey, Is your service available in South Africa?","OTHER"
2523,"Hello support, The integration keeps disconnecting and shows an error each time. Thanks a lot.","TECHNICAL_ISSUE"
2524,"I cannot sign in with my Gogole account anymore.","ACCOUNT_ACCESS"
2525,"Can you explain how to tarnsfer ownership of a workspace? Thank you.","HOW_TO_SUPPORT"
2526,"Could you add an option to export reports as Excel? Thanks a lot.","FEATURE_REQUEST"
2527,"Can someone explain how to use the settings page? Please respond soon.","HOW_TO_SUPPORT"
2528,"Hey, Uploading a spreadsheet gets stuck at 1 percent and never finishes.","TECHNICAL_ISSUE"
2529,"Hi, The receipt email for my payment never arrived.","BILLING_PAYMENT"
2530,"Hello, The application crashes when I click print.","TECHNICAL_ISSUE"
2531,"Hi, Why was I billed GBP 45 when my plan should be cheaper?","BILLING_PAYMENT"
2532,"Could you please implement passkey support in a coming update? Let me know what to do.","FEATURE_REQUEST"
2533,"my team would love to have saved views. is it on the roadmap? thanks in advance.","FEATURE_REQUEST"
2534,"It would be helpful if the settings page supported dark mode. Thanks in advance.","FEATURE_REQUEST"
2535,"The reset link does nothing when I click it. Let me know what to do.","ACCOUNT_ACCESS"
2536,"Why is my account locked? I cannot do my work.","ACCOUNT_ACCESS"
2537,"The exported ZIP file is corrupted and cannot be opened. Any help would be appreciated.","TECHNICAL_ISSUE"
2538,"Hi there, My PayPal payment failed but the money left my account.","BILLING_PAYMENT"
2539,"My team would love to have custom filters. Is it on the roadmap? Please respond soon.","FEATURE_REQUEST"
2540,"My account is frozen and I need it restored as soon as possible.","ACCOUNT_ACCESS"
2541,"i was charged $49 this month but i expected a different amount.","BILLING_PAYMENT"
2542,"i am getting a message that my account is temporarily locked, pelase help me get in.","ACCOUNT_ACCESS"
2543,"Hello team, Not sure how to create a custom report, can you point me to the right help article?","HOW_TO_SUPPORT"
2544,"Hello, How do I connect my calendar?","HOW_TO_SUPPORT"
2545,"Please add version history to the team page.","FEATURE_REQUEST"
2546,"I was charged GBP 12 for March but I expected a different amount.","BILLING_PAYMENT"
2547,"Is there a guide that shows how to set up a recurrnig report? Please respond soon.","HOW_TO_SUPPORT"
2548,"Not sure how to change the language of the interface, can you point me to the right help article?","HOW_TO_SUPPORT"
2549,"We really need templates on the admin console, please consider it","FEATURE_REQUEST"
2550,"Dear support team, Could you tell me how to delete a workspace?","HOW_TO_SUPPORT"
2551,"Hello, Can you walk me through how to restore a deleted file?","HOW_TO_SUPPORT"
2552,"Hello team, Everything works on my computer but the reports page crashes on my MacBook.","TECHNICAL_ISSUE"
2553,"Good afternoon, Where do I go in the reports page to change my saved filters?","HOW_TO_SUPPORT"
2554,"Would you consider adding a Jira connection to your product?","FEATURE_REQUEST"
2555,"hello, my colleague left the company and i need access to the admin account.","ACCOUNT_ACCESS"
2556,"Hi, I am new here, how do I change my time zone?","HOW_TO_SUPPORT"
2557,"Greetings, The autosave is broken and my work was lost for two days.","TECHNICAL_ISSUE"
2558,"Is it possible to upload a company logo? I cannot find where.","HOW_TO_SUPPORT"
2559,"I cannot log in after resetting my password. Thanks a lot.","ACCOUNT_ACCESS"
2560,"Everything on the search page is loading extremely slowly for the past few days.","TECHNICAL_ISSUE"
2561,"Hello team, Feature request: the ability to assign tasks to multiple people.","FEATURE_REQUEST"
2562,"Greetings, Is it possible to create a custom report? I cannot find where.","HOW_TO_SUPPORT"
2563,"Do you have a partnership program? Regards.","OTHER"
2564,"Please add a Notion integration, our whole team uses it.","FEATURE_REQUEST"
2565,"Images are not displaying correctly on the workspace in Opera.","TECHNICAL_ISSUE"
2566,"Hi team, Please add support for exporting to Excel and also templates.","FEATURE_REQUEST"
2567,"Good afternoon, Text is cut off and overlapping on the analytics page on my iPad.","TECHNICAL_ISSUE"
2568,"Could you tell me how to change my password from the settings page? Thanks","HOW_TO_SUPPORT"
2569,"Greetings, The verification step keeps failing when I try to sign in, an hour ago.","ACCOUNT_ACCESS"
2570,"Hey, Can you recommend which team I should contact for my request? Regards","OTHER"
2571,"How do I use the analytics page to archive old projects?","HOW_TO_SUPPORT"
2572,"It would be great if we could assign tasks to multiple people.","FEATURE_REQUEST"
2573,"The settings page is very slow and keeps freezing on my iPad.","TECHNICAL_ISSUE"
2574,"Hello support, Can you walk me through how to make a teammate an admin?","HOW_TO_SUPPORT"
2575,"Good morning, The payment page rejects my card and I cannot renew my Business plan.","BILLING_PAYMENT"
2576,"The two-factor code is rejected every time I try to sign in. Thanks a lot.","ACCOUNT_ACCESS"
2577,"Hello support, Why is my account blocked? I cannot reach my data.","ACCOUNT_ACCESS"
2578,"I am a student working on a school project about your product, who can I talk to? Any help would be appreciated.","OTHER"
2579,"Is there a guide that shows how to assign a task to a colleague?","HOW_TO_SUPPORT"
2580,"Test message, please ignore. Any help would be appreciated.","OTHER"
2581,"Hello team, The page keeps refreshing by itself and I lose what I typed. Please advise","TECHNICAL_ISSUE"
2582,"Please show me how to restore a deleted file.","HOW_TO_SUPPORT"
2583,"Uploading a spreadsheet gets stuck at zero percent and never finishes. Thanks a lot","TECHNICAL_ISSUE"
2584,"Hello, Is your service available in Mexico? Please help.","OTHER"
2585,"It would be great if we could add comments to reports. Thank you.","FEATURE_REQUEST"
2586,"Hi team, Can I get a call back from someone on your team?","OTHER"
2587,"How do I use the analytics page to upload a company logo?","HOW_TO_SUPPORT"
2588,"Hey, Could you tell me how to merge duplicate entries? Please help.","HOW_TO_SUPPORT"
2589,"Greetings, Can you tell me more about your privacy policy? Thanks in advance.","OTHER"
2590,"Can someone epxlain how to use the task list?","HOW_TO_SUPPORT"
2591,"I am trying to merge duplicate entries but I cannot find the option. Where is it?","HOW_TO_SUPPORT"
2592,"Hi, I cannot log in after resetting my password. Please help.","ACCOUNT_ACCESS"
2593,"What are the setps to connect my calendar?","HOW_TO_SUPPORT"
2594,"Good morning, What are your business hours? Please advise","OTHER"
2595,"I saw your ad and want to leran more.","OTHER"
2596,"Hello, Can soemone contact me about an issue?","OTHER"
2597,"Which menu do I use to change my notification settings?","HOW_TO_SUPPORT"
2598,"Dear support team, The reset link does nothing when I click it.","ACCOUNT_ACCESS"
2599,"product idea: let us assign tasks to multiple people.","FEATURE_REQUEST"
2600,"how do i use the dashboard to delete a workspace?","HOW_TO_SUPPORT"
2601,"Hi team, The coupon code did not apply at checkout and I was charged the full price. Thank you.","BILLING_PAYMENT"
2602,"Dear support team, I would like instructions on how to set my working hours. Please respond soon.","HOW_TO_SUPPORT"
2603,"Hello support, I need to change the credit card used for my subscription payments.","BILLING_PAYMENT"
2604,"Can I get a call back from someone on your team? Thanks.","OTHER"
2605,"Hello, I want to report something that does not fit any category. Thanks.","OTHER"
2606,"Account recovery is not working, the SMS code is not being sent. Thank you.","ACCOUNT_ACCESS"
2607,"I wish the analytics page had a favorites list.","FEATURE_REQUEST"
2608,"Hi, Please add Italian language support.","FEATURE_REQUEST"
2609,"Any documentation on how to assign a task to a colleague?","HOW_TO_SUPPORT"
2610,"Hi there, Please get back to me when you can, I have a few questions.","OTHER"
2611,"I am getting a 502 bad gateway whenever I open the inbox. Let me know what to do.","TECHNICAL_ISSUE"
2612,"Hello, My username is not recognized on the login page. Please respond soon.","ACCOUNT_ACCESS"
2613,"Hi, I am getting a message that my account is temporarily locked, please help me get in.","ACCOUNT_ACCESS"
2614,"I was billed $49 twice for the same subscription.","BILLING_PAYMENT"
2615,"Data I entered yesterday diasppeared from the settings page.","TECHNICAL_ISSUE"
2616,"Hi team, Please stop future charges to my card and cancel my subscription. Thank you.","BILLING_PAYMENT"
2617,"Dear support team, Can you send me an invoice for the $49 payment","BILLING_PAYMENT"
2618,"The download link gives a blank white screen instead of the file.","TECHNICAL_ISSUE"
2619,"Do you offer any events or webinars? Thanks.","OTHER"
2620,"why is my account disabled? i need to get in right now. please advise.","ACCOUNT_ACCESS"
2621,"Add custom themes please, it is missing from the calendar. Please respond soon","FEATURE_REQUEST"
2622,"Dear support team, Data I entered yesterday disappeaerd from the billing page","TECHNICAL_ISSUE"
2623,"Hello support, Please get back to me when you can, I have a few questions.","OTHER"
2624,"Could you tell me how to change my time zone? Please advise.","HOW_TO_SUPPORT"
2625,"I am stuck in a loop where the site asks me to verify my email again and again. Please help.","ACCOUNT_ACCESS"
2626,"Hi there, Do you support customers based in Brazil? Regards","OTHER"
2627,"Hey, Thank you for your help, everything is fine now. Let me know what to do.","OTHER"
2628,"Could you add custom filters to the project board?","FEATURE_REQUEST"
2629,"Cuold you add dark mode to the project board? Please respond soon.","FEATURE_REQUEST"
2630,"Hello, I am not able to log in from my iPhone but it works on my computer.","ACCOUNT_ACCESS"
2631,"Hello team, The VAT number is missing from my invoice.","BILLING_PAYMENT"
2632,"Not sure how to change my time zone, can you point me to the right help article?","HOW_TO_SUPPORT"
2633,"Can you walk me through how to add a new team member?","HOW_TO_SUPPORT"
2634,"Good morning, How can I delete a workspace?","HOW_TO_SUPPORT"
2635,"can i know more aobut your service before deciding?","OTHER"
2636,"Good afternoon, I am writing to ask about internship opportunities. Please help.","OTHER"
2637,"I need to update the billing address on my invoice. Please help.","BILLING_PAYMENT"
2638,"A pop up with a blank white screen appears every time I try to upload","TECHNICAL_ISSUE"
2639,"Please send weekly team updates to my inbox automatically, it would help a lot.","FEATURE_REQUEST"
2640,"Please forward this messgae to the careers team. Please advise","OTHER"
2641,"How do I use the notifications panel to change my notification settings?","HOW_TO_SUPPORT"
2642,"It would be useful to receive weekly email digests by email. Regards.","FEATURE_REQUEST"
2643,"What are the steps to add a comment to a task?","HOW_TO_SUPPORT"
2644,"Please show me how to change the language of the interface.","HOW_TO_SUPPORT"
2645,"It would be helpful if the team page supported dark mode.","FEATURE_REQUEST"
2646,"Product idea: let us set custom roles for team members.","FEATURE_REQUEST"
2647,"Can I get a call back from somenoe on your team","OTHER"
2648,"Can you walk me through how to upload a company logo? Let me know what to do.","HOW_TO_SUPPORT"
2649,"The export button does nothing on the settings page.","TECHNICAL_ISSUE"
2650,"I represent a media outlet and want to reach out to the press team. Let me know what to do.","OTHER"
2651,"Hi, The password I created during sign up is not accepted at login. Thanks a lot.","ACCOUNT_ACCESS"
2652,"My renewal payment falied and now my subscription shows as past due.","BILLING_PAYMENT"
2653,"Which page lets me manage my profile information? Thanks.","HOW_TO_SUPPORT"
2654,"The autosave is broken and my work was lost since the latest update.","TECHNICAL_ISSUE"
2655,"Good morning, I saw your ad and want to learn more.","OTHER"
2656,"Hello support, Why is my account deactivated? I need to get in right now.","ACCOUNT_ACCESS"
2657,"Hey, Is there a guide that shows how to change my notification settings? Thank you.","HOW_TO_SUPPORT"
2658,"Please consider adding a way to filter by date range. Thank you.","FEATURE_REQUEST"
2659,"I would like to get in touch with the legal department. Thank you.","OTHER"
2660,"Hello team, I get a 502 bad gateway when I try to sync on the settings page.","TECHNICAL_ISSUE"
2661,"hello, the calendar becomes blank when i upload a spreadsheet.","TECHNICAL_ISSUE"
2662,"It would improve my workflow if I could mark items as favorites.","FEATURE_REQUEST"
2663,"Hi, I want a refund because I was billed after cancelling.","BILLING_PAYMENT"
2664,"Hi there, I cannot log in after changing my email address.","ACCOUNT_ACCESS"
2665,"Everything works on my computer but the project board crashes on my iPhone. Thanks a lot","TECHNICAL_ISSUE"
2666,"It would be great if we could set reminders on tasks.","FEATURE_REQUEST"
2667,"Hi team, After I reset my paswsord the new one is not accepted. Thank you.","ACCOUNT_ACCESS"
2668,"Hello, The reports page shows a 502 bad gateway since Monday.","TECHNICAL_ISSUE"
2669,"The login page keeps redirecting me back to the sign in screen. Please advise","ACCOUNT_ACCESS"
2670,"please send monthly usage summaries to my inbox automatically, it would help a lot.","FEATURE_REQUEST"
2671,"The team page shows a 502 bad gateway since last night. Please advise.","TECHNICAL_ISSUE"
2672,"I was charged $99 for a plan I never upgraded to. Thank you.","BILLING_PAYMENT"
2673,"It would be great to have saved views in the analytics page.","FEATURE_REQUEST"
2674,"I changed my pohne number and now I cannot get the login code.","ACCOUNT_ACCESS"
2675,"Why is my account blocked? I need to get in right now.","ACCOUNT_ACCESS"
2676,"Hello, How did your compnay start? I am curious.","OTHER"
2677,"Dear support team, The application crashes when I click download.","TECHNICAL_ISSUE"
2678,"I lost my phone and cannot receive the verification code to sign in","ACCOUNT_ACCESS"
2679,"Hello support, Where is your company located","OTHER"
2680,"Hi there, Could you add offline mode to the search page?","FEATURE_REQUEST"
2681,"Hello support, The sync between my devices has stopped working.","TECHNICAL_ISSUE"
2682,"The payment page rejects my card and I cannot renew my monthly plan. Thanks.","BILLING_PAYMENT"
2683,"Please add a Slack integration, our whole team uses it.","FEATURE_REQUEST"
2684,"I cannot log in since yesterday.","ACCOUNT_ACCESS"
2685,"Can you send me an invoice for the $24.99 payment?","BILLING_PAYMENT"
2686,"Hello team, Please add a Dropbox integration, our whole team uses it.","FEATURE_REQUEST"
2687,"The API returns a something went wrong message when I call the endpoint.","TECHNICAL_ISSUE"
2688,"Please add dark mode to the search page.","FEATURE_REQUEST"
2689,"I forgot the email I used to regsiter and cannot get into my account.","ACCOUNT_ACCESS"
2690,"Hello, My team would love to have a calendar view. Is it on the roadmap","FEATURE_REQUEST"
2691,"Good morning, Do you have any security certifications?","OTHER"
2692,"Can you rceommend which team I should contact for my request?","OTHER"
2693,"Hi, I need to talk to someone but I do not know what to select.","OTHER"
2694,"I am writing to ask about itnernship opportunities.","OTHER"
2695,"I saw your ad and want to laern more","OTHER"
2696,"I got a new phnoe and my authenticator app no longer works, so I cannot log in. Let me know what to do.","ACCOUNT_ACCESS"
2697,"Text is cut off and overlapping on the mobile app on my Android phone.","TECHNICAL_ISSUE"
2698,"Good morning, I do not have access to my old email address and need to recover my account.","ACCOUNT_ACCESS"
2699,"Hello team, Please credit my account for the payment error yesterday.","BILLING_PAYMENT"
2700,"Hello team, Are you planning to release a kanban view in the future?","FEATURE_REQUEST"
2701,"Hi team, Where is your company located? Please respond soon.","OTHER"
2702,"Can you build a favorites list into the notifications panel? Many users would benefit.","FEATURE_REQUEST"
2703,"Can I know more about your service before deciding? Please advise.","OTHER"
2704,"Hey, I cannot access my billing page because it says I do not have permission.","ACCOUNT_ACCESS"
2705,"Hello, I am new here, how do I export my data?","HOW_TO_SUPPORT"
2706,"Hello team, Please send weekly email digests to my inbox automatically, it would help a lot","FEATURE_REQUEST"
2707,"Good afternoon, Uploading a video file gets stuck at zero percent and never finishes.","TECHNICAL_ISSUE"
2708,"Please get back to me when you can, I have a few questions. Thanks.","OTHER"
2709,"Is there a guide that shows how to set my working hours? Regards.","HOW_TO_SUPPORT"
2710,"Good morning, I get a something went wrong message when I try to publish on the billing page.","TECHNICAL_ISSUE"
2711,"Dear support team, Can you tell me more about your privacy policy?","OTHER"
2712,"What is the easiest way to pin a dashboard as my home page","HOW_TO_SUPPORT"
2713,"I would like to speak with a sales repersentative about enterprise options.","OTHER"
2714,"What is the easiest way to create a custom report? Any help would be appreciated.","HOW_TO_SUPPORT"
2715,"hello support, which page lets me manage my profile information?","HOW_TO_SUPPORT"
2716,"Hello, Which page lets me manage my time zone settings?","HOW_TO_SUPPORT"
2717,"Data I entered yesterday disappeared from the mobile app.","TECHNICAL_ISSUE"
2718,"Could you please implement login alerts by email in a coming update?","FEATURE_REQUEST"
2719,"Data I entered yesterday disappeared from the search page.","TECHNICAL_ISSUE"
2720,"Hello support, I changed my email address and now I cannot access my account.","ACCOUNT_ACCESS"
2721,"Good afternoon, My account was hacked and I cannot log in anymore.","ACCOUNT_ACCESS"
2722,"Unable to sign in on Brave, it just keeps reloading the login page. Thanks","ACCOUNT_ACCESS"
2723,"Hi, The VAT number is misisng from my invoice.","BILLING_PAYMENT"
2724,"Hi there, Do you have a tutorial on how to set up my workspace for the first time?","HOW_TO_SUPPORT"
2725,"Hello, Is your service available in Kenya?","OTHER"
2726,"Dear support team, I want to switch to annual billing to get the discount, how is the payment handled?","BILLING_PAYMENT"
2727,"Can you walk me through how to link my account to Slack?","HOW_TO_SUPPORT"
2728,"Dear support team, Add a calendar view please, it is missing from the notiifcations panel","FEATURE_REQUEST"
2729,"Account recovery is not working, the SMS code is not being sent.","ACCOUNT_ACCESS"
2730,"Hi team, Please forward this message to your press team.","OTHER"
2731,"Hello team, The integration keeps disconnecting and shows an error each time.","TECHNICAL_ISSUE"
2732,"Hi team, Do you offer any events or webinars?","OTHER"
2733,"Hello team, Are you planning to release drag and drop in the future?","FEATURE_REQUEST"
2734,"Hey, Could you please implement an option to log out all devices in a coming update? Thanks a lot.","FEATURE_REQUEST"
2735,"Can you send me some information about what you offer? Thanks a lot.","OTHER"
2736,"Hey, I have some questions abuot your company before I proceed. Thanks a lot.","OTHER"
2737,"The system says the ZIP file format is not supported even though it is valid.","TECHNICAL_ISSUE"
2738,"My card was charged three times for March. Please help.","BILLING_PAYMENT"
2739,"Can someone explain how to use the amdin console?","HOW_TO_SUPPORT"
2740,"Hello, The app crashes every time I try to sync. Let me know what to do.","TECHNICAL_ISSUE"
2741,"Not sure how to restore a deleted file, can you point me to the rgiht help article?","HOW_TO_SUPPORT"
2742,"Please show me how to upload a company logo.","HOW_TO_SUPPORT"
2743,"I would like a refund for the $99 charge this week. Thanks in advance.","BILLING_PAYMENT"
2744,"What are the steps to import contacts from a CSV file? Please help","HOW_TO_SUPPORT"
2745,"Dear support team, I was billed $249 twice for the same subscription.","BILLING_PAYMENT"
2746,"Hello support, File uploads stay stuck at zero percent","TECHNICAL_ISSUE"
2747,"I cannot log in on my iPhone. Thanks a lot.","ACCOUNT_ACCESS"
2748,"Please add a HubSpot integration, our whole team uses it.","FEATURE_REQUEST"
2749,"I want to report something that does not fit any category. Thanks in advance.","OTHER"
2750,"Dear support team, Is your service available in the UAE? Any help would be appreciated.","OTHER"
2751,"Hi there, The sync between my devices has stopped working. Please respond soon.","TECHNICAL_ISSUE"
2752,"Good morning, The two-factor code is rejected every time I try to sign in. Thank you.","ACCOUNT_ACCESS"
2753,"The payment page rejects my card and I cannot reenw my Pro plan. Thanks a lot.","BILLING_PAYMENT"
2754,"My invitation link to join the team does not let me sign in. Thanks a lot.","ACCOUNT_ACCESS"
2755,"hello support, is it possible to add a comment to a task? i cannot find where.","HOW_TO_SUPPORT"
2756,"I am unalbe to sign in to my account since the latest update","ACCOUNT_ACCESS"
2757,"Hello, I want to leave general feedback about my experience. Let me know what to do.","OTHER"
2758,"I am not able to log in from my Windows laptop but it works on my computer. Thank you.","ACCOUNT_ACCESS"
2759,"I am getting a error 500 whenever I open the project board.","TECHNICAL_ISSUE"
2760,"Not sure how to assign a task to a colleague, can you point me to the right help article? Please respond soon.","HOW_TO_SUPPORT"
2761,"Hello, I get a error 404 when I try to print on the project board. Thanks in advance.","TECHNICAL_ISSUE"
2762,"How do I add a comment to a task?","HOW_TO_SUPPORT"
2763,"Hi, I cannot sign in with my Google account anymore.","ACCOUNT_ACCESS"
2764,"Login fails on Firefox with an authentication failed message. Thanks in advance.","ACCOUNT_ACCESS"
2765,"Dear support team, I was charged EUR 39 for a plan I never upgraded to.","BILLING_PAYMENT"
2766,"Thanks for the great support last week! Thanks in advance.","OTHER"
2767,"Dear support team, I was removed from the workspace by mistake and cannot get back in. Thanks a lot.","ACCOUNT_ACCESS"
2768,"I have been overcharged on the first of the month, please look into my billing.","BILLING_PAYMENT"
2769,"I am stuck in a loop where the site asks me to verfiy my email again and again.","ACCOUNT_ACCESS"
2770,"I cannot log into my account, it says the eamil address is not registered but I have used it before.","ACCOUNT_ACCESS"
2771,"Hi there, I want to leave general feedback about my experience.","OTHER"
2772,"Can you send me an invoice for the $59.99 payment? Thank you.","BILLING_PAYMENT"
2773,"Hi, I need to update the billing address on my invoice. Regards.","BILLING_PAYMENT"
2774,"Hi, The coupon code did not apply at checkout and I was charged the full price. Please respond soon.","BILLING_PAYMENT"
2775,"hi team, search returns no results even for items that i know exist.","TECHNICAL_ISSUE"
2776,"I am new here, how do I find my activity history?","HOW_TO_SUPPORT"
2777,"Hello team, I need help but I am not sure which option applies.","OTHER"
2778,"Greetings, It would be great if we could see who viewed a shared report.","FEATURE_REQUEST"
2779,"The discount promised to me is not reflected on my bill. Please help.","BILLING_PAYMENT"
2780,"I am not sure who to ask about this. Let me know what to do.","OTHER"
2781,"Hello support, Why was I bileld $24.99 when my plan should be cheaper? Thanks a lot.","BILLING_PAYMENT"
2782,"I cannot log into my account, it says the email address is not registeerd but I have used it before.","ACCOUNT_ACCESS"
2783,"Hi, Feature request: templates.","FEATURE_REQUEST"
2784,"Hello team, Is your service available in the United Kingdom?","OTHER"
2785,"My team would love to have a calendar view. Is it on the roadmap? Thank you.","FEATURE_REQUEST"
2786,"Hello team, Test message, please ignore.","OTHER"
2787,"Hi, It would be nice to have an option to log out all devices. Thanks in advance.","FEATURE_REQUEST"
2788,"hi team, the payment page rejects my card and i cannot renew my business plan.","BILLING_PAYMENT"
2789,"Everything on the team page is loading extremely slowly since last night.","TECHNICAL_ISSUE"
2790,"Greetings, Plesae get back to me when you can, I have a few questions.","OTHER"
2791,"Good morning, The site is down for me, I only see a error code 403.","TECHNICAL_ISSUE"
2792,"Where can I change my saved filters? Let me know what to do.","HOW_TO_SUPPORT"
2793,"Feature request: the abiilty to set reminders on tasks.","FEATURE_REQUEST"
2794,"My PayPal payment failed but the money left my account. Thanks a lot.","BILLING_PAYMENT"
2795,"good morning, please add a calendar view to the dashboard.","FEATURE_REQUEST"
2796,"I would like more information bfeore I create an account.","OTHER"
2797,"Can you explain how to set up a recurring report? Thank you.","HOW_TO_SUPPORT"
2798,"Good morning, The coupon code did not apply at checkout and I was charged the full price. Thanks a lot.","BILLING_PAYMENT"
2799,"Add an undo button please, it is missing from the notifications panel.","FEATURE_REQUEST"
2800,"Hi team, I want to leave general feedback about my experience.","OTHER"
2801,"can soemone explain how to use the dashboard?","HOW_TO_SUPPORT"
2802,"Greetings, I am writing to ask about internship opportunities.","OTHER"
2803,"Hello, My subscription renewed automatically and I did not want that, please refund me","BILLING_PAYMENT"
2804,"Could you tell me how to export my data","HOW_TO_SUPPORT"
2805,"Good morning, Please add support for exporting to Google Sheets and also a search bar.","FEATURE_REQUEST"
2806,"Good afternoon, I was charged $19 for a plan I never upgraded to.","BILLING_PAYMENT"
2807,"Hello, I was charged $49 this quarter but I expected a different amount.","BILLING_PAYMENT"
2808,"I was billed $24.99 twice for the same subscription. Let me know what to do","BILLING_PAYMENT"
2809,"Hello support, I want a refund because I was billed after cancelling. Let me know what to do.","BILLING_PAYMENT"
2810,"Hello, My card was charged twice last month","BILLING_PAYMENT"
2811,"Hey, Not sure how to change my password from the settings page, can you point me to the right help article?","HOW_TO_SUPPORT"
2812,"Can you recommend which team I should contact for my request? Any help would be appreciated.","OTHER"
2813,"Please reset my account access, I cannot get past the login screen. Thanks a lot.","ACCOUNT_ACCESS"
2814,"Do you support cusotmers based in Sri Lanka? Any help would be appreciated.","OTHER"
2815,"I am not able to log in from my Windows laptop but it works on my computer. Any help would be appreciated.","ACCOUNT_ACCESS"
2816,"Could someone give me an overview of what your company does? Regards","OTHER"
2817,"Good morning, I cannot access my admin cnosole because it says I do not have permission.","ACCOUNT_ACCESS"
2818,"Hello, Is your service available in Singapore?","OTHER"
2819,"Hi team, The confirmation email takes forever to arrive and then it has expired. Thanks a lot","ACCOUNT_ACCESS"
2820,"What are the steps to change the date format?","HOW_TO_SUPPORT"
2821,"Good afternoon, Hello, is anyone there?","OTHER"
2822,"Hello, Login fails on Opera with an authentication failed message.","ACCOUNT_ACCESS"
2823,"The app freezes when I try to delete a large CSV file.","TECHNICAL_ISSUE"
2824,"Hey, Account recovery is not working, the security code is not being sent.","ACCOUNT_ACCESS"
2825,"Hello team, Can I pay by bank transfer instead of card? My card keeps getting declined. Regards.","BILLING_PAYMENT"
2826,"Hello team, I got charged in the wrong currency for my Starter plan.","BILLING_PAYMENT"
2827,"Good afternoon, The team page shows a blank white screen since this morning.","TECHNICAL_ISSUE"
2828,"Hi there, Why did the price of my annual plan go up? Regards.","BILLING_PAYMENT"
2829,"I cannot log into my account, it says the email address is not registered but I have used it before. Thanks.","ACCOUNT_ACCESS"
2830,"Please reset my account access, I cannot get past the login screen","ACCOUNT_ACCESS"
2831,"My changes are not saved, the billing page reverts to the old values.","TECHNICAL_ISSUE"
2832,"How did your cmopany start? I am curious.","OTHER"
2833,"Good afternoon, Do you have a tutorial on how to link my account to Slack?","HOW_TO_SUPPORT"
2834,"Hello team, Could you plaese implement authenticator app support in a coming update? Please advise.","FEATURE_REQUEST"
2835,"Hi there, I want to leave general feedback about my experience. Please help.","OTHER"
2836,"My bank shows a pending charge of $29 that I do not recognize.","BILLING_PAYMENT"
2837,"Please forward this message to sales. Thanks a lot.","OTHER"
2838,"Add version history please, it is missing from the notifications panel.","FEATURE_REQUEST"
2839,"I am trying to share a dashboard with a client but I cannot find the option. Where is it?","HOW_TO_SUPPORT"
2840,"Hello support, Please let us epxort activity logs to Excel.","FEATURE_REQUEST"
2841,"Dear support team, I think I sent this to the wrong place, who is the right contact?","OTHER"
2842,"It would be helpful if the settings page supported a favorites list. Thank you","FEATURE_REQUEST"
2843,"hi, the dashboard is very slow and keeps freezing on my ipad.","TECHNICAL_ISSUE"
2844,"Please let us export reports to CSV.","FEATURE_REQUEST"
2845,"The exported spreadsheet is corrupted and cannot be opened.","TECHNICAL_ISSUE"
2846,"My card was charged twice last month.","BILLING_PAYMENT"
2847,"Greetings, I do not have access to my old email address and need to recover my account. Thanks a lot.","ACCOUNT_ACCESS"
2848,"Hi there, Video previews will not play in the admin console.","TECHNICAL_ISSUE"
2849,"Dear support team, The page shows an unexpected error 500 when I save my profile.","TECHNICAL_ISSUE"
2850,"Hey, Everything on the mobile app is loading extremely slowly since the latest update.","TECHNICAL_ISSUE"
2851,"I would like instructions on how to pin a dashboard as my home page.","HOW_TO_SUPPORT"
2852,"Please get back to me when you can, I have a few questions.","OTHER"
2853,"my payment keeps failing at checkout even though my card is valid. please help.","BILLING_PAYMENT"
2854,"Greetings, The payment page rejects my card and I cannot renew my Premium plan","BILLING_PAYMENT"
2855,"Why is my account blocked? I need access urgently.","ACCOUNT_ACCESS"
2856,"Hey, Can you recommend wihch team I should contact for my request","OTHER"
2857,"dear support team, i want a refund because i was billed after cancelling.","BILLING_PAYMENT"
2858,"Hi there, I am not sure who to ask about this","OTHER"
2859,"I have a general inquiry that does not fit any of the topics. Any help would be appreciated.","OTHER"
2860,"I have a general inquiry that does not fit any of the topics. Let me know what to do.","OTHER"
2861,"I am unable to sign in to my account since this morning. Thanks.","ACCOUNT_ACCESS"
2862,"Hello support, I am getting a message that my account is temporarily locked, please help me get in.","ACCOUNT_ACCESS"
2863,"Hey, How do I change my notification settings","HOW_TO_SUPPORT"
2864,"My card was charged three times on the first of the month. Please help.","BILLING_PAYMENT"
2865,"It would be helpful if the mobile app supported a favorites list.","FEATURE_REQUEST"
2866,"I cannot recover my account because the security questions are not working. Regards.","ACCOUNT_ACCESS"
2867,"Uploading a PDF gets stuck at 10 percent and never finishes.","TECHNICAL_ISSUE"
2868,"Why was I billed $120 when my plan should be cheaper? Please respond soon.","BILLING_PAYMENT"
2869,"Good morning, I wish the project board had an undo button. Let me know what to do.","FEATURE_REQUEST"
2870,"I am unable to sign in to my account an hour ago. Any help would be appreciated.","ACCOUNT_ACCESS"
2871,"hey, add saved views please, it is missing from the analytics page.","FEATURE_REQUEST"
2872,"The app freezes when I try to print a large JPEG photo.","TECHNICAL_ISSUE"
2873,"The mobile app clsoes immediately after opening on my iPhone.","TECHNICAL_ISSUE"
2874,"Not sure how to print a report, can you point me to the right help article?","HOW_TO_SUPPORT"
2875,"The page shows an unexpected timeout error when I save my profile. Thank you.","TECHNICAL_ISSUE"
2876,"dear support team, could you tell me how to change my time zone?","HOW_TO_SUPPORT"
2877,"Greetings, I am writnig to ask about internship opportunities.","OTHER"
2878,"Hi, Where can I find the privacy settings?","HOW_TO_SUPPORT"
2879,"Good morning, My renewal payment failed and now my subscription shows as past due. Let me know what to do.","BILLING_PAYMENT"
2880,"Please show me how to duplicate a project. Any help would be appreciated.","HOW_TO_SUPPORT"
2881,"Hi, Please reset my account access, I cannot get past the login screen.","ACCOUNT_ACCESS"
2882,"hi there, i changed my phone number and now i cannot get the login code. thanks in advance.","ACCOUNT_ACCESS"
2883,"It would be useful to receive monthly performance summaries by email.","FEATURE_REQUEST"
2884,"I was charged $249 this quarter but I expected a different amount.","BILLING_PAYMENT"
2885,"Text is cut off and overlapping on the inbox on my Linux machine.","TECHNICAL_ISSUE"
2886,"I would like instructions on how to add a comment to a task. Please help.","HOW_TO_SUPPORT"
2887,"The profile page does not display anything after the latest update.","TECHNICAL_ISSUE"
2888,"I am unable to sign in to my account since Monday. Thanks.","ACCOUNT_ACCESS"
2889,"I was charged $19 for my annual plan but I expected a different amount.","BILLING_PAYMENT"
2890,"Hi, How do I restore a deleetd file?","HOW_TO_SUPPORT"
2891,"Hello team, Can I know more about your service before deciding?","OTHER"
2892,"I paid for the Enterprise plan but my account still shows the free tier. Thank you.","BILLING_PAYMENT"
2893,"I do not have access to my old email address and need to recover my account. Please advise.","ACCOUNT_ACCESS"
2894,"hi, i get an access denied message when i try to open my workspace.","ACCOUNT_ACCESS"
2895,"Hello, I am writnig to ask about internship opportunities.","OTHER"
2896,"I would like instructions on how to export my data. Thanks.","HOW_TO_SUPPORT"
2897,"I have been overcharged this month, please look into my billing.","BILLING_PAYMENT"
2898,"Is your service availalbe in Brazil?","OTHER"
2899,"Hi, My payment was successful but my subscrpition is still inactive.","BILLING_PAYMENT"
2900,"Can you send me an invoice for the $249 payment? Thanks in advance.","BILLING_PAYMENT"
2901,"Do you support csutomers based in Canada? Thanks in advance.","OTHER"
2902,"Why did the price of my Premium plan go up? Thank you.","BILLING_PAYMENT"
2903,"Do you have a tutorial on how to find my activity history?","HOW_TO_SUPPORT"
2904,"Good afternoon, Could you add a compact layout to the workspace?","FEATURE_REQUEST"
2905,"Dear support team, An option for version history would make the product much better.","FEATURE_REQUEST"
2906,"Hey, It would be great if we could add comments to reports. Please help.","FEATURE_REQUEST"
2907,"Greetings, I would like instructions on how to find my activity history.","HOW_TO_SUPPORT"
2908,"Hello support, Not sure how to create a custom report, can you point me to the right help article?","HOW_TO_SUPPORT"
2909,"Hi team, Please send an invoice for my latest Premium subscription payment.","BILLING_PAYMENT"
2910,"I am unable to sign in to my account for two days.","ACCOUNT_ACCESS"
2911,"Hi, Data I entered yesterday disappeared from the notifications panel. Thanks a lot.","TECHNICAL_ISSUE"
2912,"What is the easiest way to change the date format?","HOW_TO_SUPPORT"
2913,"The project board does not display anything after the latest update. Thanks.","TECHNICAL_ISSUE"
2914,"Is it possible to create a template? I cannot find where.","HOW_TO_SUPPORT"
2915,"Hey, I saw your ad and want to learn more.","OTHER"
2916,"Dear support team, I was charged $9.99 for a plan I never upgraded to. Please advise.","BILLING_PAYMENT"
2917,"The verification step kepes failing when I try to sign in, since yesterday.","ACCOUNT_ACCESS"
2918,"Greetings, My account is locked and I need it restroed as soon as possible. Thanks.","ACCOUNT_ACCESS"
2919,"the integration keeps disconnecting and shows an error each time. thank you.","TECHNICAL_ISSUE"
2920,"Hello, Is there a guide that shows how to connect my calendar?","HOW_TO_SUPPORT"
2921,"Dear support team, Video previews will not play in the billing page.","TECHNICAL_ISSUE"
2922,"Please forward this message to the careers team. Thanks.","OTHER"
2923,"Dear support team, How can I rename a project?","HOW_TO_SUPPORT"
2924,"Hey, My session logs me out immediately afetr I sign in.","ACCOUNT_ACCESS"
2925,"Hi, I was removed from the workspace by mistake and cannot get back in. Please help.","ACCOUNT_ACCESS"
2926,"I do not have access to my old email address and need to recover my account. Thanks","ACCOUNT_ACCESS"
2927,"Hi, Could someone give me an overview of what your company does?","OTHER"
2928,"Dear support team, I was charged $120 for a plan I never upgraded to. Please help.","BILLING_PAYMENT"
2929,"I upgraded my plan but the charge shows the wrong amount. Let me know what to do.","BILLING_PAYMENT"
2930,"The payment went through but I did not get a confirmation and my account is not upgraded. Thanks.","BILLING_PAYMENT"
2931,"Can I pay by bank transfer instead of card? My card keeps getting declined. Please advise","BILLING_PAYMENT"
2932,"Hi, My account has been suspended and I do not know why.","ACCOUNT_ACCESS"
2933,"Good afternoon, I want to switch to annual billing to get the discount, how is the payment handled?","BILLING_PAYMENT"
2934,"Hi there, I cancelled my subscription weeks ago and you still took money from my account.","BILLING_PAYMENT"
2935,"Where can I change my time zone settings? Thank you.","HOW_TO_SUPPORT"
2936,"Good afternoon, My payment was successful but my subscription is still inactive.","BILLING_PAYMENT"
2937,"The page never finishes loading and only shows a error 500.","TECHNICAL_ISSUE"
2938,"The discount promised to me is not reflected on my bill. Let me know what to do.","BILLING_PAYMENT"
2939,"Where can I change my notification settings? Any help would be appreciated.","HOW_TO_SUPPORT"
2940,"I have a quesiton about your service. Thanks in advance.","OTHER"
2941,"I get a server error when I try to upload on the admin console. Regards.","TECHNICAL_ISSUE"
2942,"Hello support, Could someone give me an overview of what your company does? Thank you.","OTHER"
2943,"Feature request: a kanban view.","FEATURE_REQUEST"
2944,"hello team, i never received the activation email, i already checked my spam folder.","ACCOUNT_ACCESS"
2945,"Would you consider adding a Google Calendar connection to your product?","FEATURE_REQUEST"
2946,"The discount promised to me is not reflected on my bill. Thanks.","BILLING_PAYMENT"
2947,"Good afternoon, I was charged for extra seats that I did not add.","BILLING_PAYMENT"
2948,"Hello, What is the eaisest way to set my working hours?","HOW_TO_SUPPORT"
2949,"I think I sent this to the wrong place, who is the right contact? Thank you.","OTHER"
2950,"The search page becomes blank when I upload a Word document.","TECHNICAL_ISSUE"
2951,"I was charged for extra seats that I did not add. Thank you.","BILLING_PAYMENT"
2952,"Hello team, The invoice shows the wrong company name, please correct it.","BILLING_PAYMENT"
2953,"Hello support, Can you send me some information about what you offer?","OTHER"
2954,"Feature request: the ability to customzie the dashboard layout.","FEATURE_REQUEST"
2955,"The task list shows a server error since the latest update.","TECHNICAL_ISSUE"
2956,"Hello, Please unlock my account, I entered the wrong password several times.","ACCOUNT_ACCESS"
2957,"Suggestion: allow users to mark items as favorites.","FEATURE_REQUEST"
2958,"Please consider adding a way to duplicate an entire project.","FEATURE_REQUEST"
2959,"Do you support customers based in Germany? Please help.","OTHER"
2960,"It would be great to have a search bar in the billing page.","FEATURE_REQUEST"
2961,"I need a corrected invoice with our new comapny address.","BILLING_PAYMENT"
2962,"My PayPal payment failed but the mnoey left my account.","BILLING_PAYMENT"
2963,"Please show me how to share a dashboard with a client.","HOW_TO_SUPPORT"
2964,"The mobile app closes immediately after opening on my Windwos laptop.","TECHNICAL_ISSUE"
2965,"I would like to get in touch with the right department. Thanks a lot.","OTHER"
2966,"Charts on the billing page do not load.","TECHNICAL_ISSUE"
2967,"I need a corrected invoice with our new company address.","BILLING_PAYMENT"
2968,"could you tell me how to change the language of the interface? any help would be appreciated.","HOW_TO_SUPPORT"
2969,"Hey, I would like to get in touch with your press team.","OTHER"
2970,"Hello support, Please add a mobile widget to the profile page. Let me know what to do.","FEATURE_REQUEST"
2971,"Good morning, I want to report something that does not fit any category.","OTHER"
2972,"Which menu do I use to use filters on the dashboard? Let me know what to do.","HOW_TO_SUPPORT"
2973,"There is a bug where the notifications panel shows duplicate entries after I download.","TECHNICAL_ISSUE"
2974,"Can you exlpain how to remove a user from my team?","HOW_TO_SUPPORT"
2975,"I am new here, how do I restore a deleted file?","HOW_TO_SUPPORT"
2976,"what are your busienss hours? thanks.","OTHER"
2977,"I cannot log in after the latest update. Please help","ACCOUNT_ACCESS"
2978,"Hey, Thanks for the great support last week!","OTHER"
2979,"Good afternoon, I am trying to change my notification settings but I cannot find the option. Where is it?","HOW_TO_SUPPORT"
2980,"Hello support, I need a receipt for my payment on the first of the month for tax purposes. Please respond soon.","BILLING_PAYMENT"
2981,"hello support, my account is disabled and i need access urgently.","ACCOUNT_ACCESS"
2982,"Hello support, Add a search bar please, it is missing from the task list","FEATURE_REQUEST"
2983,"Hello, I have some questions about your company before I proceed.","OTHER"
2984,"I would like to speak with a sales representative about enterprise options. Let me know what to do.","OTHER"
2985,"Hello, I want to report something that does not fit any category. Thanks a lot.","OTHER"
2986,"Please send an inovice for my latest Premium subscription payment.","BILLING_PAYMENT"
2987,"I would like the option to add comments to reports in a future release. Let me know what to do.","FEATURE_REQUEST"
2988,"Just started using the product, need to know how to change my time zone.","HOW_TO_SUPPORT"
2989,"Good morning, I was charged $29 this month but I expected a different amount.","BILLING_PAYMENT"
2990,"Please add dark mode to the dashboard. Thanks","FEATURE_REQUEST"
2991,"Is it possible to restore a deleted file? I cannot find where.","HOW_TO_SUPPORT"
2992,"Hi team, There is a bug where the dashboard shows duplicate entries after I download.","TECHNICAL_ISSUE"
2993,"The coupon code did not apply at checkout and I was cahrged the full price. Please help.","BILLING_PAYMENT"
2994,"I was charged GBP 45 for June but I expected a different amount.","BILLING_PAYMENT"
2995,"buttons on the notifications panel do not resopnd when i click them.","TECHNICAL_ISSUE"
2996,"My team would love to have version history. Is it on the roadmap","FEATURE_REQUEST"
2997,"I would like more infomration before I create an account.","OTHER"
2998,"Just started using the product, need to know how to pin a dashboard as my home page.","HOW_TO_SUPPORT"
2999,"Is it possible to update my profile picture? I cannot find where.","HOW_TO_SUPPORT"
3000,"The analytics page shows a error code 403 since Monday.","TECHNICAL_ISSUE"
3001,"Where do I go in the task list to change my profile information?","HOW_TO_SUPPORT"
3002,"Feature request: a kanban view. Please advise.","FEATURE_REQUEST"
3003,"Could you add an undo button to the dashboard?","FEATURE_REQUEST"
3004,"The verification eamil takes forever to arrive and then it has expired.","ACCOUNT_ACCESS"
3005,"Hello team, I saw your ad and want to learn more.","OTHER"
3006,"Hello team, Do you have a tutorial on how to print a report?","HOW_TO_SUPPORT"
3007,"Hi, Are you currently hiring?","OTHER"
3008,"hello team, the page sohws an unexpected error 404 when i save my profile.","TECHNICAL_ISSUE"
3009,"We really need drag and drop on the profile page, please consider it.","FEATURE_REQUEST"
3010,"I would like to get in touch with your prses team.","OTHER"
3011,"Is your service available in Japan?","OTHER"
3012,"I need a receipt for my payment for June for tax purposes","BILLING_PAYMENT"
3013,"There is a bug where the billing page shows duplicate entries after I submit.","TECHNICAL_ISSUE"
3014,"Sign in with single sign-on fails and shows an unauthorized message. Let me know what to do.","ACCOUNT_ACCESS"
3015,"Hello, My bank shows a pending charge of EUR 15 that I do not recognize. Thanks.","BILLING_PAYMENT"
3016,"Any documentation on how to assign a task to a colleague? Please advise.","HOW_TO_SUPPORT"
3017,"Is it psosible to create a new project? I cannot find where.","HOW_TO_SUPPORT"
3018,"Please unlock my account, I entered the wrong password several times. Please respond soon.","ACCOUNT_ACCESS"
3019,"Greetings, I am writing to ask about internship opportunities. Please respond soon.","OTHER"
3020,"Hello support, Account recovery is not working, the one-time passcode is not being sent.","ACCOUNT_ACCESS"
3021,"Hello support, I represent a media outlet and want to reach out to the press team.","OTHER"
3022,"I am unable to sign in to my account since yesterday. Thanks in advance.","ACCOUNT_ACCESS"
3023,"Dear support team, I am unable to sign in to my account an hour ago.","ACCOUNT_ACCESS"
3024,"I would like the option to schedule reports in advance in a future release. Please help.","FEATURE_REQUEST"
3025,"Hi team, I cannot log into my account, it says the email address is not registered but I have used it before. Let me know what to do.","ACCOUNT_ACCESS"
3026,"Hey, Hello, is anyone there?","OTHER"
3027,"Good afternoon, My bank shows a pending charge of $99 that I do not recognize.","BILLING_PAYMENT"
3028,"Hello, Why was I billed $49 when my plan should be cheaper? Thanks in advance.","BILLING_PAYMENT"
3029,"Hey, I am not sure who to ask aobut this. Thanks.","OTHER"
3030,"Good morning, I get a 502 bad gateway when I try to import on the settings page.","TECHNICAL_ISSUE"
3031,"dear support team, i saw your ad and want to learn more.","OTHER"
3032,"The app freezes when I try to export a large spreadsheet. Let me know what to do.","TECHNICAL_ISSUE"
3033,"Just started using the product, need to know how to make a teammate an admin.","HOW_TO_SUPPORT"
3034,"Hi there, I cannot log in since last night.","ACCOUNT_ACCESS"
3035,"My account is blocked and I need it restored as soon as possible. Any help would be appreciated.","ACCOUNT_ACCESS"
3036,"How do I use the dashboard to find my activity history?","HOW_TO_SUPPORT"
3037,"Please show me how to set my working hours. Please advise.","HOW_TO_SUPPORT"
3038,"Hello, I changed my phone number and now I cannot get the login code.","ACCOUNT_ACCESS"
3039,"Thanks for the great support last week! Thank you.","OTHER"
3040,"My invitation link to join the team does not let me sign in. Any help would be appreciated.","ACCOUNT_ACCESS"
3041,"Good afternoon, Not sure how to link my account to Slack, can you point me to the right help article?","HOW_TO_SUPPORT"
3042,"Hello support, I am writing to ask about internship opportunities.","OTHER"
3043,"Hello support, My PayPal payment failed but the money left my account. Any help would be appreciated.","BILLING_PAYMENT"
3044,"Good afternoon, It would be useful to receive biweekly team updates by email.","FEATURE_REQUEST"
3045,"Hey, Images are not displaying correctly on the search page in Opera.","TECHNICAL_ISSUE"
3046,"Hi team, I cannot log in after resetting my password. Regards.","ACCOUNT_ACCESS"
3047,"I changed my eamil address and now I cannot access my account. Please help","ACCOUNT_ACCESS"
3048,"can you send me an invoice for the $29 payment? let me know what to do.","BILLING_PAYMENT"
3049,"Hello team, What is the easiest way to export my data?","HOW_TO_SUPPORT"
3050,"greetings, we really need offline mode on the settings page, please consider it.","FEATURE_REQUEST"
3051,"Hello, I would like to know who I should contact regarding a collaboration. Please help.","OTHER"
3052,"Hey, Would it be possible to tag items with labels? That would save us a lot of time.","FEATURE_REQUEST"
3053,"It would be great if we could schedule reports in advance.","FEATURE_REQUEST"
3054,"hello team, someone changed my password and i no longer have access to my account.","ACCOUNT_ACCESS"
3055,"Hello support, Please show me how to delete a workspace. Thanks in advance.","HOW_TO_SUPPORT"
3056,"Good afternoon, Can someone explain how to use the reports page? Let me know what to do.","HOW_TO_SUPPORT"
3057,"The website does not work properly in Edge, but it is fine in another browser.","TECHNICAL_ISSUE"
3058,"Can you send me an invoice for the $149 payment? Please respond soon.","BILLING_PAYMENT"
3059,"Where can I find the saved filters","HOW_TO_SUPPORT"
3060,"Hi there, The website does not work properly in Chrome, but it is fine in another browser. Let me know what to do.","TECHNICAL_ISSUE"
3061,"I would like instructions on how to assign a task to a colleague. Thanks a lot.","HOW_TO_SUPPORT"
3062,"Everything works on my computer but the admin console crashes on my iPad. Please advise.","TECHNICAL_ISSUE"
3063,"Greetings, Any plans to support Portuguese in the interface? Thank you.","FEATURE_REQUEST"
3064,"The import button does nothing on the notifications panel.","TECHNICAL_ISSUE"
3065,"Hey, Do you have any security certifications? Regards.","OTHER"
3066,"I cannot log in since Monday. Thank you.","ACCOUNT_ACCESS"
3067,"Can you recommend which team I should contact for my request? Thanks a lot.","OTHER"
3068,"Hello support, The page keeps refreshing by itself and I lose what I typed.","TECHNICAL_ISSUE"
3069,"Hi, Any documentation on how to create a template? Regards.","HOW_TO_SUPPORT"
3070,"Greetings, It would be useful to receive monthly activity reports by email.","FEATURE_REQUEST"
3071,"Greetings, I paid for the Pro plan but my account still shows the free tier","BILLING_PAYMENT"
3072,"Why is my account deactivated? I need it restored as soon as possible. Thanks a lot.","ACCOUNT_ACCESS"
3073,"Hello support, Text is cut off and overlapping on the analytics page on my iPad.","TECHNICAL_ISSUE"
3074,"We really need custom themes on the profile page, please consider it.","FEATURE_REQUEST"
3075,"I wish the mobile app had auto save","FEATURE_REQUEST"
3076,"Why is my account suspended? I need it restored as soon as possible.","ACCOUNT_ACCESS"
3077,"Hey, Can you explain how to export my data?","HOW_TO_SUPPORT"
3078,"hello support, just staretd using the product, need to know how to assign a task to a colleague.","HOW_TO_SUPPORT"
3079,"Hello team, Video previews will not play in the dashboard.","TECHNICAL_ISSUE"
3080,"My card was charged three times for my annual plan. Thanks a lot.","BILLING_PAYMENT"
3081,"Hello team, My account is suspended and I have a deadline today.","ACCOUNT_ACCESS"
3082,"I downgraded to the annual plan but I was still billed the higher price.","BILLING_PAYMENT"
3083,"Hi, Please add authenticator app support for account security.","FEATURE_REQUEST"
3084,"I am getting a something went wrong message whenever I open the billing page. Regards.","TECHNICAL_ISSUE"
3085,"I was billed $249 twice for the same subscription.","BILLING_PAYMENT"
3086,"The sync button does nothing on the profile page. Thanks in advance.","TECHNICAL_ISSUE"
3087,"Which menu do I use to change my display name? Thanks.","HOW_TO_SUPPORT"
3088,"hi there, where do i go in the inbox to change my email preferences?","HOW_TO_SUPPORT"
3089,"Not sure how to find my activity history, can you point me to the right help article?","HOW_TO_SUPPORT"
3090,"Hello team, I was charged after my free trial ended without any reminder.","BILLING_PAYMENT"
3091,"Hello, My account has been frozen and I do not know why.","ACCOUNT_ACCESS"
3092,"Dear support team, Unable to sign in on Edge, it just keeps reloading the login page.","ACCOUNT_ACCESS"
3093,"Hey, Video previews will not play in the analytics page.","TECHNICAL_ISSUE"
3094,"Hello team, Product idea: let us duplicate an entire project. Thank you.","FEATURE_REQUEST"
3095,"The API returns a error code 403 when I call the endpoint. Thanks.","TECHNICAL_ISSUE"
3096,"Good afternoon, Is it possible to update my profile picture? I cannot find where","HOW_TO_SUPPORT"
3097,"Why is my account frozen? I cannot do my work.","ACCOUNT_ACCESS"
3098,"I need to talk to someone but I do not know what to select. Thanks","OTHER"
3099,"How can I change my password from the settings page?","HOW_TO_SUPPORT"
3100,"Hi team, Please add dark mode to the dashboard.","FEATURE_REQUEST"
3101,"Dear support team, The invoice shows the wrong company name, please correct it.","BILLING_PAYMENT"
3102,"Hi, Could you add an optoin to export charts as PowerPoint?","FEATURE_REQUEST"
3103,"The settings page becomes blank when I upload a video file.","TECHNICAL_ISSUE"
3104,"What is the easiest way to set up my workspace for the first time?","HOW_TO_SUPPORT"
3105,"Can you walk me through how to change the date format?","HOW_TO_SUPPORT"
3106,"Hi, Do you have a tutorial on how to merge duplicate entries?","HOW_TO_SUPPORT"
3107,"Hi team, Everything on the task list is loading extremely slowly since this morning.","TECHNICAL_ISSUE"
3108,"Hi team, Where can I find the profile information? Let me know what to do.","HOW_TO_SUPPORT"
3109,"The discount promised to me is not reflected on my bill. Any help would be appreciated.","BILLING_PAYMENT"
3110,"Hello support, Do you have a partnership program?","OTHER"
3111,"What is the easiest way to update my proifle picture?","HOW_TO_SUPPORT"
3112,"hey, why did the price of my basic plan go up?","BILLING_PAYMENT"
3113,"greetings, i cannot sign in with my google account anymore. any help would be appreciated.","ACCOUNT_ACCESS"
3114,"It would be great to have saved views in the mobile app.","FEATURE_REQUEST"
3115,"It would be great if we could pin important items to the top.","FEATURE_REQUEST"
3116,"Do you support customers based in Japan?","OTHER"
3117,"Good afternoon, I was charged $49 for a plan I never upgraded to.","BILLING_PAYMENT"
3118,"Please add support for exporting to PowerPoint and also bulk actions.","FEATURE_REQUEST"
3119,"Hello, The dashboard becomes blank when I upload a Excel file. Thank you.","TECHNICAL_ISSUE"
3120,"Hi, Sign in with single sign-on fails and shows an unauthorized message.","ACCOUNT_ACCESS"
3121,"Are you planning to release a favorites list in the future?","FEATURE_REQUEST"
3122,"The verification step keeps failing when I try to sign in, since yesterday. Regards","ACCOUNT_ACCESS"
3123,"hello, unable to sign in on edge, it just keeps reloading the login page.","ACCOUNT_ACCESS"
3124,"I have a general inquiry that does not fit any of the topics. Please advise.","OTHER"
3125,"Hello, The submit button does nothing on the notifications panel.","TECHNICAL_ISSUE"
3126,"Hi there, Is it possible to set up a recurring report? I cannot find where.","HOW_TO_SUPPORT"
3127,"Hi there, I want a refund because I was billed after cancelling.","BILLING_PAYMENT"
3128,"Dear support team, I cannot log in on my Android phone.","ACCOUNT_ACCESS"
3129,"Thank you for your help, everything is fine now. Any help would be appreciated.","OTHER"
3130,"Good afternoon, I am getting a message that my account is temporarily locked, please help me get in. Thank you.","ACCOUNT_ACCESS"
3131,"Hi team, I cannot log in after changing my eamil address.","ACCOUNT_ACCESS"
3132,"I was charged $49 this quarter but I expected a different amount.","BILLING_PAYMENT"
3133,"please let us epxort reports to csv.","FEATURE_REQUEST"
3134,"Thanks for the great support last week! Regards.","OTHER"
3135,"Dear support team, Can you explain how to transfer ownership of a workspace? Thanks a lot.","HOW_TO_SUPPORT"
3136,"The exported ZIP file is corrupted and cannot be opened. Please advise.","TECHNICAL_ISSUE"
3137,"Hi, The verification step keeps failnig when I try to sign in, for a week.","ACCOUNT_ACCESS"
3138,"Hello support, The publish btuton does nothing on the reports page.","TECHNICAL_ISSUE"
3139,"Just started using the product, need to know how to change the date format. Any help would be appreciated.","HOW_TO_SUPPORT"
3140,"Where do I go in the calendar to change my email preferences? Please advise.","HOW_TO_SUPPORT"
3141,"I would like isntructions on how to add a comment to a task.","HOW_TO_SUPPORT"
3142,"why did the price of my starter plan go up? let me know what to do.","BILLING_PAYMENT"
3143,"Hi team, Can you help me regain access to my account? I canont reach my data.","ACCOUNT_ACCESS"
3144,"Hello, Do you support customers based in France?","OTHER"
3145,"Wehre do I go in the reports page to change my team permissions?","HOW_TO_SUPPORT"
3146,"Which page lets me manage my email preferences? Thanks a lot.","HOW_TO_SUPPORT"
3147,"I paid for the annual plan but my account still shows the free tier. Thank you.","BILLING_PAYMENT"
3148,"Good morning, I am unable to sign in to my account since last night.","ACCOUNT_ACCESS"
3149,"Hello, I upgraded my plan but the charge shows the wrong amount. Thank you.","BILLING_PAYMENT"
3150,"Good afternoon, I would like a refund for the $59.99 charge on the first of the month.","BILLING_PAYMENT"
3151,"Images are not displaying correctly on the reports page in Brave.","TECHNICAL_ISSUE"
3152,"Hello, Why was I billed EUR 15 when my plan should be cheaper?","BILLING_PAYMENT"
3153,"I was charged after my free trial enedd without any reminder.","BILLING_PAYMENT"
3154,"dear support team, can i know more about your service before deciding?","OTHER"
3155,"The API returns a error code 403 when I call the endpoint.","TECHNICAL_ISSUE"
3156,"I am not able to log in from my Android phone but it works on my computer.","ACCOUNT_ACCESS"
3157,"Unable to sign in on Brave, it just keeps reloading the login page. Please help.","ACCOUNT_ACCESS"
3158,"Hi team, Where can I find the team permissions?","HOW_TO_SUPPORT"
3159,"Hello, Please credit my account for the payment error for March.","BILLING_PAYMENT"
3160,"The app freezes when I try to import a large Word document.","TECHNICAL_ISSUE"
3161,"The login page keeps redirecting me back to the sign in screen. Thanks in advance.","ACCOUNT_ACCESS"
3162,"Greetings, There is an unknown charge of $149 from your company on my bank statement.","BILLING_PAYMENT"
3163,"Hey, Can someone explain how to use the inbox?","HOW_TO_SUPPORT"
3164,"The payment went through but I did not get a confirmation and my account is not upgraded. Any help would be appreciated.","BILLING_PAYMENT"
3165,"Hi, I do not have access to my old email address and need to recover my account","ACCOUNT_ACCESS"
3166,"I see a spinning loader that never finishes on the profile page. Thanks a lot.","TECHNICAL_ISSUE"
3167,"The login page keeps redirecting me back to the sign in screen. Regards.","ACCOUNT_ACCESS"
3168,"Can I pay by bank transfer instead of card? My card keeps getting declined","BILLING_PAYMENT"
3169,"Hello team, I downgraded to the monthly plan but I was still billed the higher price.","BILLING_PAYMENT"
3170,"hi there, text is cut off and overlapping on the inbox on my windows laptop. regards.","TECHNICAL_ISSUE"
3171,"Please add custom themes to the calendar. Please respond soon.","FEATURE_REQUEST"
3172,"Text is cut off and overlapping on the notifications panel on my Linux machine.","TECHNICAL_ISSUE"
3173,"What is the easiest way to duplicate a project?","HOW_TO_SUPPORT"
3174,"Hello team, I want to switch to annual billing to get the discount, how is the payment handled?","BILLING_PAYMENT"
3175,"The calendar beocmes blank when I upload a video file.","TECHNICAL_ISSUE"
3176,"The site is down for me, I only see a something went wrong message","TECHNICAL_ISSUE"
3177,"Dear support team, Suggestion: allow users to duplicate an entire project","FEATURE_REQUEST"
3178,"Hey, I would like to get in touch with the right department.","OTHER"
3179,"Hello team, The billing page is very slow and keeps freezing on my Windows laptop.","TECHNICAL_ISSUE"
3180,"Good afternoon, Why is my account locked? I need to get in right now. Thanks a lot.","ACCOUNT_ACCESS"
3181,"Plesae show me how to share a dashboard with a client.","HOW_TO_SUPPORT"
3182,"Hi there, The discount promised to me is not reflected on my bill. Thank you.","BILLING_PAYMENT"
3183,"Feature request: the ability to assign tasks to multiple people.","FEATURE_REQUEST"
3184,"Hey, There is a mistake in my latest invoice, the total does not match the plan price. Please respond soon.","BILLING_PAYMENT"
3185,"dear support team, i need a receipt for my payment this week for tax purposes.","BILLING_PAYMENT"
3186,"Hi there, I keep getting an invalid password message even though I am typing it correctly.","ACCOUNT_ACCESS"
3187,"Dear support team, Please credit my account for the payment error this week. Thanks in advance.","BILLING_PAYMENT"
3188,"Please add version history to the project board","FEATURE_REQUEST"
3189,"The password reset email never arrives in my inbox. Thanks in advance.","ACCOUNT_ACCESS"
3190,"hi there, please consider adding a way to use the product without an internet connection.","FEATURE_REQUEST"
3191,"Hi, Do you have any security certifications?","OTHER"
3192,"Hey, Could you add an option to epxort invoices as PDF?","FEATURE_REQUEST"
3193,"Good morning, Can I know more about your service before deciding? Thanks a lot.","OTHER"
3194,"The system says the video file format is not supported even thoguh it is valid.","TECHNICAL_ISSUE"
3195,"Can someone explain how to use the task list?","HOW_TO_SUPPORT"
3196,"Please consider adding a way to filter by date range","FEATURE_REQUEST"
3197,"Hello team, Not sure how to upload a company logo, can you point me to the right help article?","HOW_TO_SUPPORT"
3198,"Good morning, I cannot log in after turning on two-factor authentication. Regards.","ACCOUNT_ACCESS"
3199,"hello support, the discount promised to me is not reflected on my bill.","BILLING_PAYMENT"
3200,"Hello team, How do I use filters on the dashboard?","HOW_TO_SUPPORT"
3201,"Please add a Trello integration, our whloe team uses it.","FEATURE_REQUEST"
3202,"Hi team, Thanks for the great support last week! Thanks a lot","OTHER"
3203,"I am trying to use filters on the dashboard but I cannot find the option. Where is it","HOW_TO_SUPPORT"
3204,"Hi, I forgot the email I used to register and cannot get into my account. Please advise.","ACCOUNT_ACCESS"
3205,"Hello team, Why did the prcie of my Starter plan go up","BILLING_PAYMENT"
3206,"any documentation on how to print a report?","HOW_TO_SUPPORT"
3207,"I am new here, how do I archive old projects?","HOW_TO_SUPPORT"
3208,"I saw your ad and want to learn more. Please advise.","OTHER"
3209,"I am unable to sign in to my account since last night. Please help.","ACCOUNT_ACCESS"
3210,"Hi team, Do you have a tutorial on how to share a dashboard with a client?","HOW_TO_SUPPORT"
3211,"Where can I find the profile information? Thanks a lot","HOW_TO_SUPPORT"
3212,"Please add custom themes to the search page.","FEATURE_REQUEST"
3213,"good afternoon, i am unable to sign in to my account an hour ago.","ACCOUNT_ACCESS"
3214,"Hi there, The invoice shows the wrong company name, please correct it. Thanks.","BILLING_PAYMENT"
3215,"I think I sent this to the wrong place, who is the right contact? Regards.","OTHER"
3216,"Hello support, Thanks for the great support last week","OTHER"
3217,"Dear support team, I need a receipt for my payment this month for tax purposes.","BILLING_PAYMENT"
3218,"Hi team, Thanks for the great support last week! Please respond soon","OTHER"
3219,"Product idea: let us filter by date range.","FEATURE_REQUEST"
3220,"I would like the option to sort the list by multiple columns in a future release.","FEATURE_REQUEST"
3221,"Can someone explian how to use the analytics page? Thanks a lot.","HOW_TO_SUPPORT"
3222,"Which menu do I use to pin a dashboard as my home page? Thanks in advance.","HOW_TO_SUPPORT"
3223,"Hello team, The activation email never arrives in my inbox.","ACCOUNT_ACCESS"
3224,"Good afternoon, Can you send me some information about what you offer?","OTHER"
3225,"Can you tell me more aobut your privacy policy? Thank you.","OTHER"
3226,"Is your service available in Japan? Thanks","OTHER"
3227,"My account is deactivated and I need to get in right now.","ACCOUNT_ACCESS"
3228,"Hey, Everything works on my computer but the profile page crashes on my work computer.","TECHNICAL_ISSUE"
3229,"Everything works on my computer but the admin console crashes on my Windows laptop.","TECHNICAL_ISSUE"
3230,"Is your service available in Singapore? Any help would be appreciated.","OTHER"
3231,"Good afternoon, Suggestion: allow users to sort the list by multiple columns.","FEATURE_REQUEST"
3232,"Please add support for exporting to XML and also cutsom themes. Please advise.","FEATURE_REQUEST"
3233,"Uploading a Excel file gets stuck at 99 percent and never finishes.","TECHNICAL_ISSUE"
3234,"I was billed GBP 12 twice for the same subscription.","BILLING_PAYMENT"
3235,"My card was chagred three times for March.","BILLING_PAYMENT"
3236,"Hello team, Can you recommend which team I should contact for my request? Please respond soon.","OTHER"
3237,"I want to reprot something that does not fit any category.","OTHER"
3238,"I need a receipt for my payment this month for tax purposes. Let me know what to do.","BILLING_PAYMENT"
3239,"My card was charged twice this week.","BILLING_PAYMENT"
3240,"We really need auto save on the profile page, please consider it. Thank you.","FEATURE_REQUEST"
3241,"Dear support team, Is there someone I can meet in person to talk about your product? Let me know what to do.","OTHER"
3242,"The settings page is very slow and keeps freezing on my work computer.","TECHNICAL_ISSUE"
3243,"Would you consider adding a Outlook connection to your product?","FEATURE_REQUEST"
3244,"How do I set up my workspace for the first time?","HOW_TO_SUPPORT"
3245,"How do I use the notifications panel to set up my workspace for the first time","HOW_TO_SUPPORT"
3246,"Account recovery is not working, the password reset email is not being sent. Thank you.","ACCOUNT_ACCESS"
3247,"Hi there, I am writing to ask about internship opportunities. Thanks a lot.","OTHER"
3248,"The download link gives a server error instead of the file. Please advise.","TECHNICAL_ISSUE"
3249,"Hello team, I have some quesitons about your company before I proceed.","OTHER"
3250,"The dashboard becomes blank when I upload a video file.","TECHNICAL_ISSUE"
3251,"Hi there, Can you send me some information about what you offer? Any help would be appreciated.","OTHER"
3252,"My credit card was declined but my bank says three is no problem.","BILLING_PAYMENT"
3253,"Account recovery is not working, the login code is not being sent. Thank you.","ACCOUNT_ACCESS"
3254,"Good afternoon, What are the steps to create a custom report?","HOW_TO_SUPPORT"
3255,"Please show me how to merge duplicate entries.","HOW_TO_SUPPORT"
3256,"The project board becomes blank when I upload a PDF","TECHNICAL_ISSUE"
3257,"Is it possible to import contacts from a CSV file? I cannot find where.","HOW_TO_SUPPORT"
3258,"Good afternoon, I am stuck in a loop where the site asks me to verify my email again and again.","ACCOUNT_ACCESS"
3259,"Can you help me regain access to my account? I need it restored as soon as possible. Thanks in advance.","ACCOUNT_ACCESS"
3260,"Good afternoon, I get a error 500 when I try to delete on the calendar.","TECHNICAL_ISSUE"
3261,"Can you help me regain access to my account? I cannot reach my data. Please advise.","ACCOUNT_ACCESS"
3262,"Greetings, I was charged after my free trial ended without any reminder. Thank you","BILLING_PAYMENT"
3263,"any documentation on how to import contacts from a csv file? please help.","HOW_TO_SUPPORT"
3264,"Hello team, What is the easiest way to find my activity history?","HOW_TO_SUPPORT"
3265,"Hey, Is your service available in Germany?","OTHER"
3266,"Just started using the product, need to know how to update my profile picture.","HOW_TO_SUPPORT"
3267,"Please send biweekly team updates to my inbox automatically, it would help a lot.","FEATURE_REQUEST"
3268,"What is the easiest way to transfer ownership of a workspace? Any help would be appreciated","HOW_TO_SUPPORT"
3269,"Greetings, Test message, please ignore.","OTHER"
3270,"Good afternoon, Can you help me regain access to my account? I need to get in right now.","ACCOUNT_ACCESS"
3271,"Please add Arabic language support. Please advise.","FEATURE_REQUEST"
3272,"Which menu do I use to assign a task to a colleague?","HOW_TO_SUPPORT"
3273,"Hello, is anyone there? Let me know what to do.","OTHER"
3274,"Dear support team, I keep getting an invalid password message even though I am typing it correctly","ACCOUNT_ACCESS"
3275,"Greetings, I keep getting an invalid password messgae even though I am typing it correctly.","ACCOUNT_ACCESS"
3276,"Hey, Please let us export invoices to PDF.","FEATURE_REQUEST"
3277,"good afternoon, suggestion: allow users to assign tasks to multiple people.","FEATURE_REQUEST"
3278,"Greetings, Can I know more about your service before deciding?","OTHER"
3279,"Dear support team, I have a question about your service. Any help would be appreciated.","OTHER"
3280,"The print button does nothing on the profile page.","TECHNICAL_ISSUE"
3281,"Not sure how to turn on email alerts, can you point me to the rihgt help article?","HOW_TO_SUPPORT"
3282,"Can I get a call back from someone on your team? Please respond soon.","OTHER"
3283,"Notifications are not being delivered to my phone. Please help.","TECHNICAL_ISSUE"
3284,"Everything works on my computer but the mobile app crashes on my Linux machine. Any help would be appreciated.","TECHNICAL_ISSUE"
3285,"Good morning, Please add a Notion integration, our whole team uses it.","FEATURE_REQUEST"
3286,"Any documentation on how to set up a recurring report?","HOW_TO_SUPPORT"
3287,"Hello support, I am trying to change my time zone but I cannot find the option. Where is it?","HOW_TO_SUPPORT"
3288,"Good afternoon, I am a student working on a school project about your product, who can I talk to?","OTHER"
3289,"Hello, How do I pin a dashboard as my home page?","HOW_TO_SUPPORT"
3290,"Can you build a calendar view into the calendar? Many users would benefit","FEATURE_REQUEST"
3291,"Hello team, Any documentation on how to create a new project?","HOW_TO_SUPPORT"
3292,"My colleague left the company and I need access to the admin account. Regards.","ACCOUNT_ACCESS"
3293,"Hi team, I want to report something that does not fit any category. Please respond soon.","OTHER"
3294,"my account is blocked and i need access urgently.","ACCOUNT_ACCESS"
3295,"Good afternoon, Thanks for the great support last week! Thank you.","OTHER"
3296,"Hello support, The exported Excel file is corrupted and cannot be opened. Thanks.","TECHNICAL_ISSUE"
3297,"Add keyboard shortcuts please, it is missing from the team page.","FEATURE_REQUEST"
3298,"Good afternoon, Product idea: let us use the product without an internet connection","FEATURE_REQUEST"
3299,"could you add an option to export analytics data as powerpoint?","FEATURE_REQUEST"
3300,"I never received the verification email, I already checked my spam folder.","ACCOUNT_ACCESS"
3301,"Charts on the calnedar do not load.","TECHNICAL_ISSUE"
3302,"Greetings, Is there a guide that shows how to set up my workspace for the first time?","HOW_TO_SUPPORT"
3303,"I am new here, how do I change my password from the settings page?","HOW_TO_SUPPORT"
3304,"Hi, Thanks for the great support last week! Please advise.","OTHER"
3305,"I am not able to log in from my MacBook but it works on my computer. Any help would be appreciated.","ACCOUNT_ACCESS"
3306,"I would like to know who I should contact regarding a collaboration. Any help would be appreciated.","OTHER"
3307,"Hello support, I got charged in the wrong currency for my Basic plan. Let me know what to do.","BILLING_PAYMENT"
3308,"Do you support customers based in Canada?","OTHER"
3309,"Scheduled reports are not running at the set time. Any help would be appreciated.","TECHNICAL_ISSUE"
3310,"Hello, The mobile app becomes blank when I upload a PDF.","TECHNICAL_ISSUE"
3311,"Could you tell me how to add a comment to a task?","HOW_TO_SUPPORT"
3312,"Hi, Please refund my last payment, I did not use the service at all. Thanks.","BILLING_PAYMENT"
3313,"Hi, Please add support for exporting to Excel and also a search bar.","FEATURE_REQUEST"
3314,"Hello team, The VAT number is missing from my invoice. Thank you.","BILLING_PAYMENT"
3315,"Hi team, Can you walk me through how to delete a workspace? Any help would be appreciated.","HOW_TO_SUPPORT"
3316,"Hello team, Not sure how to change my notification settings, can you point me to the right help article","HOW_TO_SUPPORT"
3317,"Dear support team, The page never finishes loading and only shows a generic error message.","TECHNICAL_ISSUE"
3318,"I represent a media outlet and want to reach out to the perss team.","OTHER"
3319,"Good morning, Suggestion: allow users to assign tasks to multiple people","FEATURE_REQUEST"
3320,"Hello, The page shows an unexpected 502 bad gateway when I save my profile.","TECHNICAL_ISSUE"
3321,"Dear support team, I am trying to upload a company logo but I cannot find the option. Where is it?","HOW_TO_SUPPORT"
3322,"Good afternoon, The export button does nothing on the analytics page. Please advise.","TECHNICAL_ISSUE"
3323,"Can I get a call back from someone on your team? Thanks a lot.","OTHER"
3324,"I need to talk to somoene but I do not know what to select. Let me know what to do.","OTHER"
3325,"Hey, It would be helpful if the profile page supported a search bar. Regards.","FEATURE_REQUEST"
3326,"Hello support, Is your service available in Kenya? Please respond soon.","OTHER"
3327,"Everything on the workspace is loading extremely slowly an hour ago.","TECHNICAL_ISSUE"
3328,"Hi team, The autosave is broken and my work was lost since yesterday. Please respond soon.","TECHNICAL_ISSUE"
3329,"Greetings, I am not sure who to ask about this. Any help would be appreciated","OTHER"
3330,"Hi, I am not able to log in from my Linux machine but it works on my computer.","ACCOUNT_ACCESS"
3331,"Good morning, The analytics page is very slow and keeps freezing on my iPhone. Please advise.","TECHNICAL_ISSUE"
3332,"Please stop future charges to my card and cancel my subscription. Thanks.","BILLING_PAYMENT"
3333,"My changes are not saved, the analytics page reverts to the old values. Any help would be appreciated.","TECHNICAL_ISSUE"
3334,"Hello support, I want a refund because I was billed after cancelling. Please respond soon.","BILLING_PAYMENT"
3335,"good afternoon, an option for auto save would make the product much better.","FEATURE_REQUEST"
3336,"Hi team, Please add support for exporting to JSON and also a favorites list.","FEATURE_REQUEST"
3337,"hi, it would be useful to receive weekly team updates by email.","FEATURE_REQUEST"
3338,"Where can I find the export options?","HOW_TO_SUPPORT"
3339,"Good afternoon, Could someone give me an overview of what your company does?","OTHER"
3340,"There is a bug where the billing page shows duplicate entries after I import","TECHNICAL_ISSUE"
3341,"Hey, The payment went through but I did not get a confirmation and my account is not upgraded.","BILLING_PAYMENT"
3342,"The page shows an unexpected error 500 when I save my profile. Please respond soon.","TECHNICAL_ISSUE"
3343,"I cannot log in after the latest update. Please advise.","ACCOUNT_ACCESS"
3344,"Good morning, I keep getting an invalid password message even though I am typing it correctly. Thank you.","ACCOUNT_ACCESS"
3345,"Where do I go in the profile page to change my profile information? Thanks.","HOW_TO_SUPPORT"
3346,"I want a refund because I was billed after cancelling. Thank you.","BILLING_PAYMENT"
3347,"Good morning, The security code takes froever to arrive and then it has expired.","ACCOUNT_ACCESS"
3348,"Can you recommned which team I should contact for my request?","OTHER"
3349,"The coupon code did not apply at checkout and I was charged the full price. Thanks in advance.","BILLING_PAYMENT"
3350,"Are you planning to release custom themes in the future? Please respond soon","FEATURE_REQUEST"
3351,"Good morning, Is there a guide that shows how to change my display name?","HOW_TO_SUPPORT"
3352,"Hello team, There is an unknown charge of $19 from your company on my bank statement.","BILLING_PAYMENT"
3353,"Thanks for the great supoprt last week!","OTHER"
3354,"Hey, I need a receipt for my payment for March for tax purposes. Please respond soon.","BILLING_PAYMENT"
3355,"Uploading a PNG image gets stuck at 50 percent and never finishes. Please help.","TECHNICAL_ISSUE"
3356,"I am new here, how do I update my profile picture? Thank you.","HOW_TO_SUPPORT"
3357,"Dear support team, Is there a guide that shows how to remove a user from my team? Thanks a lot.","HOW_TO_SUPPORT"
3358,"Good morning, The system says the Word document format is not supported even though it is valid.","TECHNICAL_ISSUE"
3359,"is there a guide that shows how to duplicate a project?","HOW_TO_SUPPORT"
3360,"Hello team, My payment keeps failing at checkout even though my card is valid. Thanks.","BILLING_PAYMENT"
3361,"Hi team, I want to report something that does not fit any category. Thanks a lot.","OTHER"
3362,"Is there someone I can meet in person to talk about your product? Let me know what to do.","OTHER"
3363,"Hi team, My invtiation link to join the team does not let me sign in. Thank you.","ACCOUNT_ACCESS"
3364,"My username is not recognized on the login page.","ACCOUNT_ACCESS"
3365,"Hello, I am trying to duplicate a project but I cannot find the option. Where is it? Thanks a lot.","HOW_TO_SUPPORT"
3366,"Hi there, I am not able to log in from my tablet but it works on my computer. Let me know what to do.","ACCOUNT_ACCESS"
3367,"Hi there, I cannot log in after turning on two-factor authentication.","ACCOUNT_ACCESS"
3368,"Hello team, Can I pay by bank transfer instead of card? My card keeps getting declined","BILLING_PAYMENT"
3369,"hello team, i cannot log in since yesterday.","ACCOUNT_ACCESS"
3370,"Greetings, I would like a refund for the $59.99 charge on the first of the month.","BILLING_PAYMENT"
3371,"Please add a Microsoft Teams integration, our whole team uses it. Any help would be appreciated.","FEATURE_REQUEST"
3372,"Hello support, The website does not work properly in Edge, but it is fine in another browser.","TECHNICAL_ISSUE"
3373,"Greetings, I would like instructions on how to transfer ownership of a workspace.","HOW_TO_SUPPORT"
3374,"Hey, I was billed $24.99 twice for the same subscription.","BILLING_PAYMENT"
3375,"Greetings, Can you explain how to restore a deleted file?","HOW_TO_SUPPORT"
3376,"Hey, Where do I go in the admin console to change my notification settings?","HOW_TO_SUPPORT"
3377,"Hello team, My card was charged twice this month.","BILLING_PAYMENT"
3378,"I would like instructions on how to create a custom report","HOW_TO_SUPPORT"
3379,"Everything on the notifications panel is loading extremely slowly for the past few days.","TECHNICAL_ISSUE"
3380,"Please stop ftuure charges to my card and cancel my subscription.","BILLING_PAYMENT"
3381,"Dear support team, Where can I find the default dashboard? Thanks in advance","HOW_TO_SUPPORT"
3382,"Any documentation on how to connect my calendar? Thank you.","HOW_TO_SUPPORT"
3383,"my credit card was declined but my bank says tehre is no problem.","BILLING_PAYMENT"
3384,"we really need drag and drop on the search page, please consider it.","FEATURE_REQUEST"
3385,"How do I use the inbox to print a report? Regards.","HOW_TO_SUPPORT"
3386,"Hi, Is your service available in the UAE?","OTHER"
3387,"Can someone contact me about an issue? Regards.","OTHER"
3388,"Hello team, Please show me how to create a custom report.","HOW_TO_SUPPORT"
3389,"Hello team, The dashboard numbers are wrong and do not match the raw data.","TECHNICAL_ISSUE"
3390,"Hello team, The receipt email for my payment never arrived. Thanks in advance.","BILLING_PAYMENT"
3391,"Uploading a Excel file gets stuck at zero percent and never finishes.","TECHNICAL_ISSUE"
3392,"I want to switch to annual billing to get the discount, how is the payment handled?","BILLING_PAYMENT"
3393,"Hi there, I would like more information before I create an account.","OTHER"
3394,"The workspace shows a 502 bad gateway for a week.","TECHNICAL_ISSUE"
3395,"Dear support team, I was charged $14 this month but I expected a different amount.","BILLING_PAYMENT"
3396,"Why is my account suspended? I need access urgently. Please respond soon.","ACCOUNT_ACCESS"
3397,"Please add drag and drop to the search page.","FEATURE_REQUEST"
3398,"Dear support team, I am not sure who to ask about this.","OTHER"
3399,"Hi, Are you planinng to release a favorites list in the future?","FEATURE_REQUEST"
3400,"I was charged $120 for a plan I never upgraded to.","BILLING_PAYMENT"
3401,"I was charged for extra seats that I did not add. Thanks in advance","BILLING_PAYMENT"
3402,"I am writing to ask about intersnhip opportunities. Please advise.","OTHER"
3403,"We really need templates on the admin console, please consider it. Any help would be appreciated.","FEATURE_REQUEST"
3404,"The save button does nothing on the analytics page","TECHNICAL_ISSUE"
3405,"Hi, Text is cut off and overlapping on the worskpace on my Linux machine.","TECHNICAL_ISSUE"
3406,"I am writing to ask about itnernship opportunities. Thank you.","OTHER"
3407,"i wish the task list had dark mode.","FEATURE_REQUEST"
3408,"Can you walk me through how to transfer ownership of a workspace? Thanks.","HOW_TO_SUPPORT"
3409,"There is an unknown charge of $59.99 from your company on my bank statement.","BILLING_PAYMENT"
3410,"Hello, Images are not displaying correctly on the dashboard in Brave. Thank you.","TECHNICAL_ISSUE"
3411,"Good morning, Can you send me some information about what you offer","OTHER"
3412,"Greetings, The coupon code did not apply at checkout and I was charged the full price.","BILLING_PAYMENT"
3413,"The autosave is broken and my work was lost for two days.","TECHNICAL_ISSUE"
3414,"Hey, I have some questions about your company before I proceed.","OTHER"
3415,"I want to report something that does not fit any category. Thanks a lot.","OTHER"
3416,"The task list shows a 502 bad gateway for the past few days.","TECHNICAL_ISSUE"
3417,"The exported ZIP file is corrupted and cannot be opened.","TECHNICAL_ISSUE"
3418,"Hey, My payment keeps failing at checkout even though my card is valid.","BILLING_PAYMENT"
3419,"Everything works on my computer but the admin console crashes on my Linux machine. Thanks.","TECHNICAL_ISSUE"
3420,"Can you walk me through how to add a comment to a task?","HOW_TO_SUPPORT"
3421,"Can you help me regain access to my account? I need to get in right now. Any help would be appreciated.","ACCOUNT_ACCESS"
3422,"hi there, would it be possible to set reminders on tasks? that would save us a lot of time.","FEATURE_REQUEST"
3423,"Hi, It would improve my workflow if I could attach several files at once.","FEATURE_REQUEST"
3424,"My bank shows a pending charge of EUR 39 that I do not recognize. Any help would be appreciated.","BILLING_PAYMENT"
3425,"Hi, Thank you for your help, everything is fine now. Thank you.","OTHER"
3426,"I am not able to log in from my Windows laptop but it works on my computer.","ACCOUNT_ACCESS"
3427,"Hey, The login page keeps redirecting me back to the sign in screen","ACCOUNT_ACCESS"
3428,"How can I rename a project?","HOW_TO_SUPPORT"
3429,"A pop up with a error 500 appears every time I try to share. Thanks a lot.","TECHNICAL_ISSUE"
3430,"Buttons on the workspace do not respond when I click them. Please advise.","TECHNICAL_ISSUE"
3431,"Hello support, I am locked out after too many failed login attempts. Thanks in advance.","ACCOUNT_ACCESS"
3432,"Can someone explain how to use the billing page?","HOW_TO_SUPPORT"
3433,"A pop up with a server error appears every time I try to save","TECHNICAL_ISSUE"
3434,"Greetings, Please add single sign-on for account security.","FEATURE_REQUEST"
3435,"Hi, Feature request: saved views.","FEATURE_REQUEST"
3436,"Hello support, The app freezes when I try to import a large JPEG photo. Let me know what to do.","TECHNICAL_ISSUE"
3437,"Dear support team, I cannot log in after turning on two-factor authentication.","ACCOUNT_ACCESS"
3438,"Please forward this message to sales.","OTHER"
3439,"Hey, It would be useful to receive biweekly performance summaries by email.","FEATURE_REQUEST"
3440,"Good afternoon, Please forward this message to the legal department. Please advise.","OTHER"
3441,"Where can I change my report templates?","HOW_TO_SUPPORT"
3442,"A pop up with a blank white screen appears every time I try to print. Thanks.","TECHNICAL_ISSUE"
3443,"Where do I go in the mobile app to change my default dashboard?","HOW_TO_SUPPORT"
3444,"Is there somoene I can meet in person to talk about your product","OTHER"
3445,"My invitation link to join the team does not let me sign in. Let me know what to do.","ACCOUNT_ACCESS"
3446,"Hi there, Where can I change my profile information?","HOW_TO_SUPPORT"
3447,"Greetings, The analytics page becomes blank when I upload a JPEG photo.","TECHNICAL_ISSUE"
3448,"Hey, The verification step keeps failing when I try to sign in, for the past few days.","ACCOUNT_ACCESS"
3449,"The download link gives a generic error message instead of the file. Please respond soon.","TECHNICAL_ISSUE"
3450,"Please send weekly email digests to my inbox automatically, it would help a lot.","FEATURE_REQUEST"
3451,"Hey, Please show me how to use filters on the dashboard.","HOW_TO_SUPPORT"
3452,"Hello, I am new here, how do I update my profile picture?","HOW_TO_SUPPORT"
3453,"Could you please implement authenticator app support in a comnig update?","FEATURE_REQUEST"
3454,"Hi, Scheduled reports are not running at the set time","TECHNICAL_ISSUE"
3455,"My bank shows a pending charge of GBP 12 that I do not recognize.","BILLING_PAYMENT"
3456,"The mobile app closes immediately after opening on my tablet.","TECHNICAL_ISSUE"
3457,"Greetings, The verification step keeps failing when I try to sign in, an hour ago. Regards.","ACCOUNT_ACCESS"
3458,"Good morning, Is your service available in Germany","OTHER"
3459,"hi, i never received the magic link, i already checked my spam folder.","ACCOUNT_ACCESS"
3460,"hi, please show me how to change the language of the interface.","HOW_TO_SUPPORT"
3461,"Hello, Thank you for your help, eveyrthing is fine now. Let me know what to do.","OTHER"
3462,"Plesae send weekly performance summaries to my inbox automatically, it would help a lot.","FEATURE_REQUEST"
3463,"Can you build templates into the mobile app? Many users would benefit.","FEATURE_REQUEST"
3464,"i would like instructions on how to create a new project. please advise.","HOW_TO_SUPPORT"
3465,"Hi, Please stop future charegs to my card and cancel my subscription.","BILLING_PAYMENT"
3466,"I see a spinning loader that never finishes on the reports page.","TECHNICAL_ISSUE"
3467,"Greetings, I cannot access my profile page because it says I do not have permission.","ACCOUNT_ACCESS"
3468,"Why was I billed $9.99 when my plan should be cheaper","BILLING_PAYMENT"
3469,"An option for a mobile widget would make the product much better. Please advise","FEATURE_REQUEST"
3470,"Hello support, I changed my phone number and now I cannot get the login code.","ACCOUNT_ACCESS"
3471,"How do I reanme a project?","HOW_TO_SUPPORT"
3472,"Hey, The inbox is very slow and keeps freezing on my Linux machine. Thanks in advance.","TECHNICAL_ISSUE"
3473,"Good morning, Which page lets me manage my email preferences?","HOW_TO_SUPPORT"
3474,"What are your businses hours? Let me know what to do.","OTHER"
3475,"Please add a Trello integration, our whole team uses it. Please respond soon.","FEATURE_REQUEST"
3476,"Hello team, I forgot the email I used to register and cannot get into my account. Please help.","ACCOUNT_ACCESS"
3477,"Hey, I am getting a message that my account is temporarily locked, please help me get in.","ACCOUNT_ACCESS"
3478,"What are the steps to transfer ownership of a workspace?","HOW_TO_SUPPORT"
3479,"I cannot log in on my Android phone.","ACCOUNT_ACCESS"
3480,"Can you recommend which team I should contact for my request? Please help.","OTHER"
3481,"I am a student working on a school project about your product, who can I talk to? Thanks.","OTHER"
3482,"greetings, i have been overcharged this quarter, please look into my billing. regards.","BILLING_PAYMENT"
3483,"How do I invite a member to my workspace? Please help.","HOW_TO_SUPPORT"
3484,"Good morning, The payment went through but I did not get a confirmation and my account is not upgraded. Let me know what to do.","BILLING_PAYMENT"
3485,"Hey, I upgraded my plan but the charge shows the wrong amount.","BILLING_PAYMENT"
3486,"Hello team, The mobile app closes immediately after opening on my Windows laptop.","TECHNICAL_ISSUE"
3487,"Hey, The verification step keeps failing when I try to sign in, since the latest update. Let me know what to do.","ACCOUNT_ACCESS"
3488,"The download link gives a server error instead of the file.","TECHNICAL_ISSUE"
3489,"Good morning, Please consider adding a way to pin important items to the top.","FEATURE_REQUEST"
3490,"Hi there, Payment stauts says pending for days, and my subscription is still not active.","BILLING_PAYMENT"
3491,"Can you send me an invoice for the $19 payment?","BILLING_PAYMENT"
3492,"Data I entered yesterday disappeared from the workspace.","TECHNICAL_ISSUE"
3493,"Can you recommned which team I should contact for my request? Any help would be appreciated.","OTHER"
3494,"Hey, I would love to see an integraiton with Zapier.","FEATURE_REQUEST"
3495,"What is the easiest way to use filters on the dashboard?","HOW_TO_SUPPORT"
3496,"Hi team, I am not sure who to ask about this","OTHER"
3497,"Please consider adding a way to pin important items to the top. Any help would be appreciated.","FEATURE_REQUEST"
3498,"Hey, I represent a media outlet and want to reach out to the press team.","OTHER"
3499,"It would be helpful if the admin console supported bulk actions.","FEATURE_REQUEST"
3500,"Hi there, Please forward this message to a manager.","OTHER"
3501,"Add keyboard shortcuts please, it is missing from the search page. Please help.","FEATURE_REQUEST"
3502,"The import button does nothing on the workspace.","TECHNICAL_ISSUE"
3503,"How do I use the calendar to set up a recurring report?","HOW_TO_SUPPORT"
3504,"I have been overcharged yesterday, please look into my billing.","BILLING_PAYMENT"
3505,"Dear support team, I am not sure who to ask about this. Thank you.","OTHER"
3506,"Where can I change my language settings? Please help.","HOW_TO_SUPPORT"
3507,"I was charged EUR 15 this month but I expected a different amount.","BILLING_PAYMENT"
3508,"Feature request: drag and drop.","FEATURE_REQUEST"
3509,"Greetings, Product idea: let us schedule reports in advance. Please help.","FEATURE_REQUEST"
3510,"Dear support team, Can I pay by bank transfer instead of card? My card keeps getting declined. Thanks a lot.","BILLING_PAYMENT"
3511,"Uploading a video file gets stuck at 50 percent and never finishes.","TECHNICAL_ISSUE"
3512,"Hello support, Where do I go in the inbox to change my privacy settings?","HOW_TO_SUPPORT"
3513,"Good afternoon, The mobile app closes immediately after opening on my Android phone.","TECHNICAL_ISSUE"
3514,"can you build keyboard shortcuts into the team page? many users would benefit.","FEATURE_REQUEST"
3515,"Scheduled rpeorts are not running at the set time. Thanks.","TECHNICAL_ISSUE"
3516,"I downgraded to the Enterprise plan but I was still billed the higher price. Any help would be appreciated.","BILLING_PAYMENT"
3517,"Hi team, Please send an invoice for my latest annual subscription payment. Let me know what to do.","BILLING_PAYMENT"
3518,"Hi there, Is your service available in Singapore?","OTHER"
3519,"Hello, Do you offer any events or webinars?","OTHER"
3520,"I would like to get in touch with a manager.","OTHER"
3521,"Hi there, I got charged in the wrong currency for my Basic plan.","BILLING_PAYMENT"
3522,"I would like a refund for the $149 charge for March.","BILLING_PAYMENT"
3523,"Good morning, The payment went through but I did not get a confirmation and my account is not upgraded.","BILLING_PAYMENT"
3524,"Good morning, I cannot log in after the latest update","ACCOUNT_ACCESS"
3525,"Why did the price of my Enterprise plan go up? Let me know what to do.","BILLING_PAYMENT"
3526,"Everything on the admin console is loading extremely slowly for a week.","TECHNICAL_ISSUE"
3527,"Hello team, Can someone contact me about an issue?","OTHER"
3528,"Greetings, I need to update the billing address on my invoice.","BILLING_PAYMENT"
3529,"Hi there, Images are not displaying correctly on the workspace in Edge.","TECHNICAL_ISSUE"
3530,"Hi, I downgraded to the Enterprise plan but I was sitll billed the higher price.","BILLING_PAYMENT"
3531,"The app crashes every time I try to import.","TECHNICAL_ISSUE"
3532,"Good afternoon, A pop up with a server error appears every time I try to save.","TECHNICAL_ISSUE"
3533,"can you explain how to find my activity history? regards.","HOW_TO_SUPPORT"
3534,"I cannot log in since last night. Thanks in advance.","ACCOUNT_ACCESS"
3535,"hi, is your servcie available in france?","OTHER"
3536,"Data I entered yesterday disappeared from the analytics page.","TECHNICAL_ISSUE"
3537,"Can you build auto save into the search page? Many users would benefit. Any help would be appreciated.","FEATURE_REQUEST"
3538,"not sure how to assign a task to a colleague, can you point me to the right help article?","HOW_TO_SUPPORT"
3539,"The two-factor code is rejected every time I try to sign in. Let me know what to do.","ACCOUNT_ACCESS"
3540,"can i know more about your srevice before deciding?","OTHER"
3541,"Hello, There is a mitsake in my latest invoice, the total does not match the plan price. Please help.","BILLING_PAYMENT"
3542,"Hello team, Thank you for your help, everytihng is fine now.","OTHER"
3543,"Hi team, I downgraded to the monthly plan but I was still billed the higher price.","BILLING_PAYMENT"
3544,"I am not able to log in from my Android phone but it works on my computer. Any help would be appreciated.","ACCOUNT_ACCESS"
3545,"Hi, I cannot log in on my tablet.","ACCOUNT_ACCESS"
3546,"Hi, Would you consider adding a Jira connection to your product? Please help.","FEATURE_REQUEST"
3547,"I lost my phone and cannot receive the verification code to sign in. Let me know what to do.","ACCOUNT_ACCESS"
3548,"hey, the vat number is missing from my invoice. regards.","BILLING_PAYMENT"
3549,"The sync between my devices has stopped working. Thanks in advance.","TECHNICAL_ISSUE"
3550,"The app crashes eevry time I try to delete.","TECHNICAL_ISSUE"
3551,"Hello team, I cannot recover my account because the security questions are not working.","ACCOUNT_ACCESS"
3552,"Hello team, I have a question about your service.","OTHER"
3553,"Where do I go in the workspace to change my report templates?","HOW_TO_SUPPORT"
3554,"hello support, i would like to know who i should contact regarding a collaboration.","OTHER"
3555,"Hello support, Test message, please ignore. Thanks.","OTHER"
3556,"Hi, File uploads stay stuck at zero percent.","TECHNICAL_ISSUE"
3557,"Thank you for your help, everything is fine now. Please help","OTHER"
3558,"Greetings, I was billed $99 twice for the same subscription.","BILLING_PAYMENT"
3559,"I would like a refund for the EUR 39 charge for my annual plan.","BILLING_PAYMENT"
3560,"Uploading a video file gets stuck at 45 pecrent and never finishes.","TECHNICAL_ISSUE"
3561,"Good morning, I need a corrected invoice with our new company address.","BILLING_PAYMENT"
3562,"Dear support team, My account is suspended and I need access urgently.","ACCOUNT_ACCESS"
3563,"Add a search bar please, it is missing from the profile page.","FEATURE_REQUEST"
3564,"The site is down for me, I only see a server error.","TECHNICAL_ISSUE"
3565,"An opiton for dark mode would make the product much better. Regards.","FEATURE_REQUEST"
3566,"I downgraded to the Enterprise plan but I was still billed the higher price. Thanks.","BILLING_PAYMENT"
3567,"please add drag and drop to the reports page. please help.","FEATURE_REQUEST"
3568,"Hey, I have been overcharged last month, please look into my billing. Thanks in advance","BILLING_PAYMENT"
3569,"Where do I go in the billing page to change my report templates","HOW_TO_SUPPORT"
3570,"Hi there, My colleague left the company and I need access to the admin account. Please advise.","ACCOUNT_ACCESS"
3571,"Greetings, Images are not displaying correctly on the calendar in Brave.","TECHNICAL_ISSUE"
3572,"It would be helpful if the profile page supported auto save.","FEATURE_REQUEST"
3573,"My card was charged three tmies last month. Thank you.","BILLING_PAYMENT"
3574,"I see a spinning loader that never finishes on the calendar.","TECHNICAL_ISSUE"
3575,"Hi there, Where can I change my report templates?","HOW_TO_SUPPORT"
3576,"Please let us export invoices to Excel.","FEATURE_REQUEST"
3577,"Uploading a Word document gets stuck at 1 percent and never finishes.","TECHNICAL_ISSUE"
3578,"Hello team, Can I get a call back from someone on your team? Thanks.","OTHER"
3579,"My card was charged three tiems this quarter.","BILLING_PAYMENT"
3580,"Dear support team, I wish the settings page had dark mode. Thanks in advance.","FEATURE_REQUEST"
3581,"Hi, Is your service available in Kenya?","OTHER"
3582,"please consider adding a way to see who viewed a shared report.","FEATURE_REQUEST"
3583,"Dear support team, Can you walk me through how to update my profile picture?","HOW_TO_SUPPORT"
3584,"Good morning, Can I know more about your service before deciding?","OTHER"
3585,"Hi, Why was I billed $14 when my plan should be cheaper?","BILLING_PAYMENT"
3586,"my bank shows a pending charge of $120 that i do not recognize.","BILLING_PAYMENT"
3587,"Hello support, I am not able to log in from my iPad but it works on my computer.","ACCOUNT_ACCESS"
3588,"I am getting a something went wrong mesasge whenever I open the reports page.","TECHNICAL_ISSUE"
3589,"I would like the option to set reminders on tasks in a future release. Any help would be appreciated.","FEATURE_REQUEST"
3590,"the inbox becomes blank when i upload a video file.","TECHNICAL_ISSUE"
3591,"Hey, The two-factor code is rejected every time I try to sign in. Thanks","ACCOUNT_ACCESS"
3592,"I paid for the Starter plan but my account still shows the free tier. Thank you.","BILLING_PAYMENT"
3593,"Images are not displaying correctly on the project board in Safari.","TECHNICAL_ISSUE"
3594,"good morning, the page shows an unexpected generic error message when i save my profile. let me know what to do.","TECHNICAL_ISSUE"
3595,"My crdeit card was declined but my bank says there is no problem","BILLING_PAYMENT"
3596,"I would like the option to filter by date range in a future release.","FEATURE_REQUEST"
3597,"Greetings, My subscription renewed automatically and I did not want that, please refund me.","BILLING_PAYMENT"
3598,"any plans to support arabic in the interface?","FEATURE_REQUEST"
3599,"Hi there, I want to report something that does not fit any category.","OTHER"
3600,"Dear support team, The download link gives a server error instead of the file.","TECHNICAL_ISSUE"
3601,"The sync button does nothing on the project board.","TECHNICAL_ISSUE"
3602,"I want a refund because I was billed after cancelling. Any help would be appreciated.","BILLING_PAYMENT"
3603,"The page never finishes loading and only shows a timeuot error.","TECHNICAL_ISSUE"
3604,"Everything works on my computer but the notifications panel crashes on my Linux machine","TECHNICAL_ISSUE"
3605,"Hello support, The analytics page is very slow and keeps freezing on my Linux machine.","TECHNICAL_ISSUE"
3606,"How do I use the porfile page to turn on email alerts?","HOW_TO_SUPPORT"
3607,"Please consider adding a way to set custom rloes for team members.","FEATURE_REQUEST"
3608,"I am stuck in a loop where the site asks me to verify my emial again and again. Any help would be appreciated.","ACCOUNT_ACCESS"
3609,"it would improve my workflow if i cuold filter by date range.","FEATURE_REQUEST"
3610,"How did your company start? I am curious. Thanks a lot.","OTHER"
3611,"Hi, I do not have access to my old eamil address and need to recover my account.","ACCOUNT_ACCESS"
3612,"The payment went through but I did not get a confirmation and my account is not upgraded. Please advise.","BILLING_PAYMENT"
3613,"Good morning, Plesae get back to me when you can, I have a few questions.","OTHER"
3614,"Greetings, I would like to know who I should contact regarding a collaboration. Thanks a lot.","OTHER"
3615,"My account is deactivated and I need access urgently.","ACCOUNT_ACCESS"
3616,"Suggestion: allow users to add comments to reports. Thank you","FEATURE_REQUEST"
3617,"Data I entered yesterday disappeared from the settings page.","TECHNICAL_ISSUE"
3618,"Can you walk me through how to create a template? Please advise.","HOW_TO_SUPPORT"
3619,"It would be helpful if the inbox supported a compact layout.","FEATURE_REQUEST"
3620,"Hello, The sync between my devices has stopped working.","TECHNICAL_ISSUE"
3621,"Greetings, An option for a calendar view would make the product much better.","FEATURE_REQUEST"
3622,"I changed my email address and now I cannot access my account. Please advise.","ACCOUNT_ACCESS"
3623,"Could you please implement passkey support in a coming update? Thanks in advance.","FEATURE_REQUEST"
3624,"Good morning, I was charged for extra seats that I did not add. Any help would be appreciated","BILLING_PAYMENT"
3625,"I never received the one-time passcode, I already checked my spam folder","ACCOUNT_ACCESS"
3626,"hello support, we really need a search bar on the task list, please consider it.","FEATURE_REQUEST"
3627,"my account is deactivated and i cannot do my work. please help.","ACCOUNT_ACCESS"
3628,"Any plans to support Snihala in the interface?","FEATURE_REQUEST"
3629,"Can you send me an invoice for the GBP 12 payment? Any help would be appreciated.","BILLING_PAYMENT"
3630,"I have some questions about your comapny before I proceed.","OTHER"
3631,"Test message, please ignore. Thanks in advance.","OTHER"
3632,"Hey, Suggestion: allow users to filter by date range.","FEATURE_REQUEST"
3633,"Greetings, The sync between my devices has stopped working.","TECHNICAL_ISSUE"
3634,"Hi there, Not sure how to invite a member to my workspace, can you point me to the right help article?","HOW_TO_SUPPORT"
3635,"Hello, Thank you for your help, everything is fine now. Let me know what to do","OTHER"
3636,"Please add support for exporting to CSV and also an undo button.","FEATURE_REQUEST"
3637,"The payment page rejects my card and I cannot renew my annual plan. Any help would be appreciated.","BILLING_PAYMENT"
3638,"Test message, please ignore. Let me know what to do","OTHER"
3639,"Please refund my last payment, I did not use the service at all. Please advise.","BILLING_PAYMENT"
3640,"Hi there, I would like to know who I should contact regarding a collaboration","OTHER"
3641,"Greetings, I wish the billing page had a favorites list. Thanks a lot.","FEATURE_REQUEST"
3642,"I want to switch to annual bliling to get the discount, how is the payment handled?","BILLING_PAYMENT"
3643,"Greetings, Just started using the product, need to know how to duplicate a project.","HOW_TO_SUPPORT"
3644,"Could you add saved views to the admin console?","FEATURE_REQUEST"
3645,"Hello support, The exported JPEG photo is corrupted and cannot be opened.","TECHNICAL_ISSUE"
3646,"I get a error 404 when I try to submit on the mobile app.","TECHNICAL_ISSUE"
3647,"It would be great to have a kanban view in the task list.","FEATURE_REQUEST"
3648,"I would like a refund for the GBP 45 charge yesterday.","BILLING_PAYMENT"
3649,"How can I add a comment to a task? Regards.","HOW_TO_SUPPORT"
3650,"It would be nice to have IP allow listing. Please advise.","FEATURE_REQUEST"
3651,"Good morning, Where can I change my saved filters?","HOW_TO_SUPPORT"
3652,"Good afternoon, My card was charged three times last month. Thanks.","BILLING_PAYMENT"
3653,"Hello, The autosave is broken and my work was lost for two days.","TECHNICAL_ISSUE"
3654,"Dear support team, Images are not displaying correctly on the profile page in Edge.","TECHNICAL_ISSUE"
3655,"Where can I change my workspace name?","HOW_TO_SUPPORT"
3656,"Hello team, I was billed $19 twice for the same subscription. Thanks a lot.","BILLING_PAYMENT"
3657,"Good morning, Buttons on the dashboard do not respond when I click them.","TECHNICAL_ISSUE"
3658,"Hi there, Do you support customers based in Canada? Thank you.","OTHER"
3659,"Good afternoon, I am getting a error 500 whenever I open the task list.","TECHNICAL_ISSUE"
3660,"Hey, The password I created during sign up is not accepted at login. Please respond soon.","ACCOUNT_ACCESS"
3661,"Good afternoon, Why did the price of my monthly plan go up? Regards.","BILLING_PAYMENT"
3662,"The page never finishes loaidng and only shows a something went wrong message. Thanks a lot.","TECHNICAL_ISSUE"
3663,"Could someone give me an overview of what your company does? Please advise.","OTHER"
3664,"Dear support team, How do I use the dashboard to set my working hours?","HOW_TO_SUPPORT"
3665,"I am trying to make a teammate an admin but I cannot find the option. Where is it?","HOW_TO_SUPPORT"
3666,"I never received the login code, I already checked my spam folder","ACCOUNT_ACCESS"
3667,"Hi team, Can you explain how to download a report?","HOW_TO_SUPPORT"
3668,"hi there, i cannot log in on my tablet. thank you.","ACCOUNT_ACCESS"
3669,"Hi, Which page lets me manage my workspace name?","HOW_TO_SUPPORT"
3670,"Can you explain how to restore a deleted file?","HOW_TO_SUPPORT"
3671,"Everything on the calendar is loading extremely slowly an hour ago","TECHNICAL_ISSUE"
3672,"Hello support, I would like the option to sort the list by multiple columns in a future release.","FEATURE_REQUEST"
3673,"Dear support team, Please unlock my account, I entered the wrong password several times.","ACCOUNT_ACCESS"
3674,"Could you add a compact layout to the profile page?","FEATURE_REQUEST"
3675,"I changed my phone number and now I cannot get the login code. Thanks in advance.","ACCOUNT_ACCESS"
3676,"greetings, i am trying to invite a member to my workspace but i cannot find the option. where is it?","HOW_TO_SUPPORT"
3677,"The task list is very slow and keeps freezing on my tablet.","TECHNICAL_ISSUE"
3678,"The exported Word document is corrupted and cannot be opened. Thanks.","TECHNICAL_ISSUE"
3679,"It would be great to have auto save in the settings page.","FEATURE_REQUEST"
3680,"My account was hacked and I cannot log in anymore. Please respond soon.","ACCOUNT_ACCESS"
3681,"An option for version history would make the product much better.","FEATURE_REQUEST"
3682,"I have some questions about your company before I proceed. Thank you.","OTHER"
3683,"Why did the price of my Premuim plan go up? Thanks a lot.","BILLING_PAYMENT"
3684,"Hello, Please add login alerts by email for account security.","FEATURE_REQUEST"
3685,"Greetings, I cannot log in since last night.","ACCOUNT_ACCESS"
3686,"The two-factor code is rejected every time I try to sign in. Please advise.","ACCOUNT_ACCESS"
3687,"Please add support for exporting to Excel and also a compact layout.","FEATURE_REQUEST"
3688,"The integration keeps disconnecting and shows an error each time. Regards.","TECHNICAL_ISSUE"
3689,"Hello team, Why was I billed $49 when my plan should be cheaper? Any help would be appreciated.","BILLING_PAYMENT"
3690,"Hi team, I get an access denied message when I try to open my workspace.","ACCOUNT_ACCESS"
3691,"Thank you for your help, evreything is fine now.","OTHER"
3692,"Are you planning to release templates in the future?","FEATURE_REQUEST"
3693,"Hi, Is your service available in South Africa?","OTHER"
3694,"Please let us export charts to PDF.","FEATURE_REQUEST"
3695,"Plesae add dark mode to the dashboard.","FEATURE_REQUEST"
3696,"Hi, Please let us export charts to PDF.","FEATURE_REQUEST"
3697,"Hi, The mobile app closes immediately after opening on my iPhone.","TECHNICAL_ISSUE"
3698,"Video previews will not play in the reports page. Let me know what to do.","TECHNICAL_ISSUE"
3699,"I have a general inquiry that does not fit any of the topics.","OTHER"
3700,"I cnanot log in on my Android phone. Regards","ACCOUNT_ACCESS"
3701,"The discount promised to me is not reflected on my bill. Thanks a lot.","BILLING_PAYMENT"
3702,"The payment went trhough but I did not get a confirmation and my account is not upgraded.","BILLING_PAYMENT"
3703,"Hi, Why did the price of my Premium plan go up? Thanks.","BILLING_PAYMENT"
3704,"Everything works on my computer but the project board crashes on my MacBook.","TECHNICAL_ISSUE"
3705,"The download link gives a error 404 instead of the file. Thanks a lot","TECHNICAL_ISSUE"
3706,"My username is not recognized on the login page. Thank you.","ACCOUNT_ACCESS"
3707,"Hey, There is a mistake in my latest invoice, the total does not match the plan price.","BILLING_PAYMENT"
3708,"There is an unknown charge of $29 from your company on my bank statement.","BILLING_PAYMENT"
3709,"Hello, The analytics page shows a error 500 since this morning.","TECHNICAL_ISSUE"
3710,"We really need an undo button on the search page, please consider it. Please advise.","FEATURE_REQUEST"
3711,"Hello team, Which menu do I use to find my activity history? Any help would be appreciated.","HOW_TO_SUPPORT"
3712,"Do you have any security certifications? Please advise.","OTHER"
3713,"Are you currently hiring? Thanks.","OTHER"
3714,"I see a spinning loader that never finishes on the mobile app.","TECHNICAL_ISSUE"
3715,"I represent a media outlet and want to reach out to the press team.","OTHER"
3716,"why is my account disabled? i need to get in right now. please respond soon.","ACCOUNT_ACCESS"
3717,"I think I sent this to the wrong place, who is the right contact? Thanks in advance.","OTHER"
3718,"The profile page is very slow and keeps freezing on my Linux machine.","TECHNICAL_ISSUE"
3719,"I was charged $24.99 for a plan I never upgraded to.","BILLING_PAYMENT"
3720,"Feature request: dark mode.","FEATURE_REQUEST"
3721,"Not sure how to create a new project, can you point me to the right help article?","HOW_TO_SUPPORT"
3722,"Hello, is anyone there? Thanks a lot.","OTHER"
3723,"My renewal payment failed and now my subscription shows as past due.","BILLING_PAYMENT"
3724,"The verification email never arrives in my inbox.","ACCOUNT_ACCESS"
3725,"dear support team, the api returns a server error when i call the endpoint.","TECHNICAL_ISSUE"
3726,"Charts on the billing page do not load. Thanks a lot","TECHNICAL_ISSUE"
3727,"Do you have a tutorial on how to change my notification settings?","HOW_TO_SUPPORT"
3728,"I get a 502 bad gtaeway when I try to sync on the task list","TECHNICAL_ISSUE"
3729,"Greetings, I would like to know who I should contact regarding a collaboration.","OTHER"
3730,"The payment page rejects my card and I cannot reenw my Business plan.","BILLING_PAYMENT"
3731,"The system says the PNG image format is not suppotred even though it is valid.","TECHNICAL_ISSUE"
3732,"Colud you please implement single sign-on in a coming update?","FEATURE_REQUEST"
3733,"Why was I billed GBP 12 when my plan should be cheaper? Thank you.","BILLING_PAYMENT"
3734,"Dear support team, The sync between my devices has stopped working","TECHNICAL_ISSUE"
3735,"Hello support, My username is not recognized on the login page.","ACCOUNT_ACCESS"
3736,"I am writing to ask about internship opportunities. Any help would be appreciated.","OTHER"
3737,"Which menu do I use to change the date format?","HOW_TO_SUPPORT"
3738,"hi, unable to sign in on edge, it just keeps reloading the login page.","ACCOUNT_ACCESS"
3739,"I was billed $9.99 twice for the same subscription. Thanks in advance.","BILLING_PAYMENT"
3740,"My subscription renweed automatically and I did not want that, please refund me.","BILLING_PAYMENT"
3741,"Good afternoon, What is the easiest way to add a new team member?","HOW_TO_SUPPORT"
3742,"just started using the product, need to know how to delete a workspace.","HOW_TO_SUPPORT"
3743,"Good morning, The dashboard numbers are wrong and do not match the raw data","TECHNICAL_ISSUE"
3744,"I wish the team page had offline mode.","FEATURE_REQUEST"
3745,"Add keyboard shortcuts please, it is missing from the task list.","FEATURE_REQUEST"
3746,"I get a generic error message when I try to delete on the analytics page.","TECHNICAL_ISSUE"
3747,"Please forward this message to the right department.","OTHER"
3748,"Good morning, Do you have a partnership program","OTHER"
3749,"Login fails on Opera with an authentication failed message. Please advise.","ACCOUNT_ACCESS"
3750,"Hello, My account was hacked and I cannot log in anymore.","ACCOUNT_ACCESS"
3751,"Sign in with single sign-on fails and shows an unauthorized message. Please advise.","ACCOUNT_ACCESS"
3752,"Can I know more about your service before deciding? Please respond soon.","OTHER"
3753,"Which page lets me manage my integration settings?","HOW_TO_SUPPORT"
3754,"Hello team, My bank shows a pending charge of $9.99 that I do not recognize. Please advise.","BILLING_PAYMENT"
3755,"Hello team, How can I connect my calendar?","HOW_TO_SUPPORT"
3756,"My payment was successful but my subscription is still inactive. Please respond soon.","BILLING_PAYMENT"
3757,"Hello, is aynone there?","OTHER"
3758,"Hi there, I paid for the Basic plan but my account still shows the free tier.","BILLING_PAYMENT"
3759,"Can someone explain how to use the inbox?","HOW_TO_SUPPORT"
3760,"Please send an invoice for my latest Premium subscription payment. Let me know what to do.","BILLING_PAYMENT"
3761,"hello team, there is an unknown charge of $120 from your company on my bank statement.","BILLING_PAYMENT"
3762,"What are the steps to download a report","HOW_TO_SUPPORT"
3763,"What are your business hours? Regards","OTHER"
3764,"Hi, I need to update the billing address on my invoice. Thanks in advance.","BILLING_PAYMENT"
3765,"A pop up with a blank white screen appears every time I try to upload. Any help would be appreciated.","TECHNICAL_ISSUE"
3766,"The VAT number is missing from my invoice. Please advise.","BILLING_PAYMENT"
3767,"Could you add an option to export invoices as Google Sheets?","FEATURE_REQUEST"
3768,"Good afternoon, I am not able to log in from my Windows laptop but it works on my computer","ACCOUNT_ACCESS"
3769,"I am locked out after too many failed loign attempts","ACCOUNT_ACCESS"
3770,"I was charged $19 for a plan I never upgraded to. Regards.","BILLING_PAYMENT"
3771,"greetings, please let us export contact lists to word.","FEATURE_REQUEST"
3772,"Text is cut off and overlapping on the reports page on my Linux machine.","TECHNICAL_ISSUE"
3773,"What is the easiest way to add a new team member?","HOW_TO_SUPPORT"
3774,"Is there a guide that shows how to restore a deleted file?","HOW_TO_SUPPORT"
3775,"I was charged EUR 15 for a plan I never uprgaded to.","BILLING_PAYMENT"
3776,"Where can I change my export options? Thanks.","HOW_TO_SUPPORT"
3777,"i would like to get in touch with a product specialist. let me know what to do.","OTHER"
3778,"Good afternoon, Please let us export activity logs to XML. Thanks.","FEATURE_REQUEST"
3779,"Good morning, My card was charged three times last month. Please help.","BILLING_PAYMENT"
3780,"Hey, The coupon code did not apply at checkout and I was charged the full price. Regards.","BILLING_PAYMENT"
3781,"Hello team, There is a bug where the workspace shows duplicate entries after I submit. Thank you.","TECHNICAL_ISSUE"
3782,"Could you tell me how to transfer ownership of a workspace?","HOW_TO_SUPPORT"
3783,"Dear support team, Data I entered yesterday disappeared from the calendar.","TECHNICAL_ISSUE"
3784,"How do I use the billing page to import contacts from a CSV file?","HOW_TO_SUPPORT"
3785,"Good afternoon, The verification step keeps failing when I try to sign in, for a week.","ACCOUNT_ACCESS"
3786,"Hi, Can you walk me through how to create a custom report","HOW_TO_SUPPORT"
3787,"Hi team, Could you add dark mode to the analytics page?","FEATURE_REQUEST"
3788,"Hello support, I cannot log in after changing my email address. Please advise.","ACCOUNT_ACCESS"
3789,"Can you build offline mode into the mobile app? Many users would benefit.","FEATURE_REQUEST"
3790,"What is the easiest way to change my time zone? Please respond soon.","HOW_TO_SUPPORT"
3791,"Hi there, Which page lets me manage my export options?","HOW_TO_SUPPORT"
3792,"What is the easiest way to create a template","HOW_TO_SUPPORT"
3793,"Can you explain how to export my data? Regards.","HOW_TO_SUPPORT"
3794,"I am unable to sign in to my account for a week.","ACCOUNT_ACCESS"
3795,"Hello, I got charged in the wrong currency for my Team plan. Thank you.","BILLING_PAYMENT"
3796,"I need to upadte the billing address on my invoice. Please advise.","BILLING_PAYMENT"
3797,"Dear support team, The mobile app becomes blank when I upload a spreadsheet.","TECHNICAL_ISSUE"
3798,"Hi, Notifications are not being delivered to my phone. Thanks a lot","TECHNICAL_ISSUE"
3799,"Hey, Can you tell me more about your privacy policy?","OTHER"
3800,"A pop up with a blank white screen appears every time I try to export.","TECHNICAL_ISSUE"
3801,"The profile page is very slow and keeps freezing on my Windows laptop","TECHNICAL_ISSUE"
3802,"Can I pay by bank transfer instead of card? My card keeps getting declined. Let me know what to do.","BILLING_PAYMENT"
3803,"Video previews will not play in the project board. Regards.","TECHNICAL_ISSUE"
3804,"My session logs me out immediately after I sign in. Please advise.","ACCOUNT_ACCESS"
3805,"hello support, can someone explain how to use the profile page? regards.","HOW_TO_SUPPORT"
3806,"I am new here, how do I upload a company logo","HOW_TO_SUPPORT"
3807,"Good afternoon, I would like instructions on how to transfer ownership of a workspace.","HOW_TO_SUPPORT"
3808,"Good morning, I paid for the Basic plan but my account still shows the free tier.","BILLING_PAYMENT"
3809,"the app freezes when i try to download a large spreadsheet.","TECHNICAL_ISSUE"
3810,"It would be great to have templates in the task list.","FEATURE_REQUEST"
3811,"Hi team, Why is my account frozen? I need to get in right now.","ACCOUNT_ACCESS"
3812,"Greetings, Can you walk me through how to set up my workspace for the first time? Any help would be appreciated.","HOW_TO_SUPPORT"
3813,"I cannot log into my account, it says the email address is not registered but I have used it before. Please advise.","ACCOUNT_ACCESS"
3814,"Good morning, I changed my email address and now I cannot access my account. Please respond soon.","ACCOUNT_ACCESS"
3815,"I would like to get in touch with the right department.","OTHER"
3816,"Can you explain how to download a report? Please respond soon.","HOW_TO_SUPPORT"
3817,"Good morning, Feature request: the ability to customize the dashboard layout.","FEATURE_REQUEST"
3818,"Are you planning to release keyboard shortcuts in the future?","FEATURE_REQUEST"
3819,"The site is down for me, I only see a error code 403. Please respond soon.","TECHNICAL_ISSUE"
3820,"Hi team, I have a question about your service. Please advise.","OTHER"
3821,"Greetings, My team would love to have saved views. Is it on the roadmap? Please respond soon.","FEATURE_REQUEST"
3822,"please add an option to log out all devices for account security. thanks in advance.","FEATURE_REQUEST"
3823,"Can someone contact me about an issue? Thanks in advance.","OTHER"
3824,"I forgot the email I used to register and cannot get into my account. Thanks a lot.","ACCOUNT_ACCESS"
3825,"Dear support team, I need to change the credit card used for my subscription payments.","BILLING_PAYMENT"
3826,"i would like a refund for the $99 charge for march.","BILLING_PAYMENT"
3827,"Could you tell me how to merge duplicate entries?","HOW_TO_SUPPORT"
3828,"Hello support, I cancelled my subscription weeks ago and you still took money from my account. Please respond soon.","BILLING_PAYMENT"
3829,"Hi there, Charts on the billing page do not load.","TECHNICAL_ISSUE"
3830,"Hello support, I have a question about your service.","OTHER"
3831,"Charts on the dashboard do not load. Any help would be appreciated.","TECHNICAL_ISSUE"
3832,"Hey, My account is disabled and I need it restored as soon as possible. Please advise.","ACCOUNT_ACCESS"
3833,"I am locked out after too many faield login attempts. Please help.","ACCOUNT_ACCESS"
3834,"i am not sure who to ask abuot this. thanks.","OTHER"
3835,"Would it be possible to schedule reports in advance? That would save us a lot of time. Please help.","FEATURE_REQUEST"
3836,"I cannot log in after the latest update. Thank you.","ACCOUNT_ACCESS"
3837,"Suggestion: allow users to mark items as favorites. Please respond soon.","FEATURE_REQUEST"
3838,"The reports page is very slow and keeps freezing on my Linux machine. Thanks.","TECHNICAL_ISSUE"
3839,"My account has been frozen and I do not know why. Thanks.","ACCOUNT_ACCESS"
3840,"I would like a refund for the $99 charge for June.","BILLING_PAYMENT"
3841,"Hi team, Could someone give me an overview of what your company does?","OTHER"
3842,"The discount promised to me is not reflected on my bill.","BILLING_PAYMENT"
3843,"The payment page rejects my card and I cannot renew my Basic plan. Thanks in advance","BILLING_PAYMENT"
3844,"How do I upload a company logo","HOW_TO_SUPPORT"
3845,"Hello, Test message, please ignore.","OTHER"
3846,"where can i find the display name?","HOW_TO_SUPPORT"
3847,"Dear support team, There is a mistake in my latest invoice, the total does not match the plan price. Let me know what to do.","BILLING_PAYMENT"
3848,"The verification step keeps failing when I try to sign in, for a week.","ACCOUNT_ACCESS"
3849,"Hi there, Where can I change my saved filters?","HOW_TO_SUPPORT"
3850,"How can I create a custom report?","HOW_TO_SUPPORT"
3851,"Good afternoon, Why is my account suspended? I have a deadline today.","ACCOUNT_ACCESS"
3852,"Where do I go in the team page to change my notification settings?","HOW_TO_SUPPORT"
3853,"I cancelled my subscription weeks ago and you still took money from my account. Please advise.","BILLING_PAYMENT"
3854,"Hi team, Why was I billed $99 when my plan should be cheaper?","BILLING_PAYMENT"
3855,"I want to switch to annual billing to get the discount, how is the payment handled? Thanks.","BILLING_PAYMENT"
3856,"Where do I go in the profile page to change my export options?","HOW_TO_SUPPORT"
3857,"Hello, Could you tell me how to change the language of the interface?","HOW_TO_SUPPORT"
3858,"Hello support, I have a general inquiry that does not fit any of the topics.","OTHER"
3859,"Hey, Someone changed my password and I no longer have access to my account.","ACCOUNT_ACCESS"
3860,"I cannot log in for the past few days. Thanks a lot.","ACCOUNT_ACCESS"
3861,"Please credit my account for the payment error for June. Thanks a lot.","BILLING_PAYMENT"
3862,"Hi, Data I entered yesterday disappeared from the notifications panel.","TECHNICAL_ISSUE"
3863,"Can you walk me through how to change my display name?","HOW_TO_SUPPORT"
3864,"I cannot log in after the latest update. Let me know what to do.","ACCOUNT_ACCESS"
3865,"Hi, Why did the price of my Buisness plan go up? Please help.","BILLING_PAYMENT"
3866,"Hey, I want a refund because I was billed after cancelling.","BILLING_PAYMENT"
3867,"Hi team, My changes are not saved, the admin console reverts to the old values.","TECHNICAL_ISSUE"
3868,"Which menu do I use to duplicate a project?","HOW_TO_SUPPORT"
3869,"I need to change the credit card used for my subscription payments. Please help.","BILLING_PAYMENT"
3870,"Please add custom filters to the mobile app.","FEATURE_REQUEST"
3871,"The dashboard is very slow and keeps freezing on my iPad.","TECHNICAL_ISSUE"
3872,"Chatrs on the analytics page do not load.","TECHNICAL_ISSUE"
3873,"Greetings, Can you explain how to invite a member to my workspace?","HOW_TO_SUPPORT"
3874,"Hello team, I need to updtae the billing address on my invoice. Please respond soon.","BILLING_PAYMENT"
3875,"Please let us export contact lists to Google Sheets. Regards.","FEATURE_REQUEST"
3876,"Why did the price of my monthly plan go up? Please advise.","BILLING_PAYMENT"
3877,"There is a bug where the reports page shows duplicate entries after I print.","TECHNICAL_ISSUE"
3878,"Greetings, I do not have access to my old email address and need to recover my account. Regards.","ACCOUNT_ACCESS"
3879,"Hey, Do you support customers based in Germany?","OTHER"
3880,"I never received the password reset email, I already checked my spam folder","ACCOUNT_ACCESS"
3881,"Please send quarterly performance summaries to my inbox automatically, it would help a lot.","FEATURE_REQUEST"
3882,"Hi there, My payment keeps failing at checkout even though my card is valid. Let me know what to do.","BILLING_PAYMENT"
3883,"Just started using the product, need to know how to download a report.","HOW_TO_SUPPORT"
3884,"Hey, Are you currently hiring?","OTHER"
3885,"Is there a guide that shows how to link my account to Slack?","HOW_TO_SUPPORT"
3886,"hi there, is there someone i can meet in person to talk about your product? regards.","OTHER"
3887,"The application crashes when I click sync.","TECHNICAL_ISSUE"
3888,"Greetings, Can you tell me more about your privacy policy?","OTHER"
3889,"The sync button does nothing on the notifications panel.","TECHNICAL_ISSUE"
3890,"Hi there, Is there a guide that shows how to export my data?","HOW_TO_SUPPORT"
3891,"The app freezes when I try to upload a large Word document.","TECHNICAL_ISSUE"
3892,"How can I update my profile picture? Please respond soon.","HOW_TO_SUPPORT"
3893,"How do I merge duplicate entries?","HOW_TO_SUPPORT"
3894,"Good afternoon, Do you spuport customers based in Canada? Please respond soon.","OTHER"
3895,"Where can I change my team permissions? Any help would be appreciated.","HOW_TO_SUPPORT"
3896,"I want to report something that does not fit any category. Regards.","OTHER"
3897,"Hi, The verification step keeps failnig when I try to sign in, since Monday. Please advise","ACCOUNT_ACCESS"
3898,"Product idea: let us mark items as favorites. Please respond soon.","FEATURE_REQUEST"
3899,"Where do I go in the project board to change my export options? Please advise.","HOW_TO_SUPPORT"
3900,"Can someone explain how to use the project board?","HOW_TO_SUPPORT"
3901,"Dear support team, I need a receipt for my payment this quarter for tax purposes.","BILLING_PAYMENT"
3902,"Hello support, It would improve my workflow if I could see who viewed a shared report.","FEATURE_REQUEST"
3903,"Hello support, Can you explain how to pin a dashboard as my home page? Please help.","HOW_TO_SUPPORT"
3904,"i upgraded my plan but the cahrge shows the wrong amount.","BILLING_PAYMENT"
3905,"Can you tell me more about your privacy policy? Thanks a lot.","OTHER"
3906,"Hi, Can you build bulk actions into the search page? Many users would benefit.","FEATURE_REQUEST"
3907,"Hi there, Please let us export reports to PDF.","FEATURE_REQUEST"
3908,"It would be great to have a favorites list in the inbox.","FEATURE_REQUEST"
3909,"Hi, What are your business hours?","OTHER"
3910,"Product idea: let us attach several files at once. Please help.","FEATURE_REQUEST"
3911,"Where can I find the team permissions?","HOW_TO_SUPPORT"
3912,"Hello, The system says the video file format is not supported even though it is valid. Please help.","TECHNICAL_ISSUE"
3913,"Please consider adding a way to use the product without an internet connection.","FEATURE_REQUEST"
3914,"I have some questions about your company before I proceed.","OTHER"
3915,"Account recovery is not working, the one-time passcode is not being sent.","ACCOUNT_ACCESS"
3916,"Greetings, Can I pay by bank transfer instead of card? My card keeps getting declined. Let me know what to do","BILLING_PAYMENT"
3917,"The download link gives a error 404 instead of the file.","TECHNICAL_ISSUE"
3918,"Are you currenlty hiring? Thanks in advance.","OTHER"
3919,"Good morning, The website does not work properly in Chrome, but it is fine in another browser.","TECHNICAL_ISSUE"
3920,"Please forward this message to the careers team. Thanks in advance.","OTHER"
3921,"Greetings, Video previews will not play in the project board","TECHNICAL_ISSUE"
3922,"hi there, i have been overcharged this month, please look into my billing.","BILLING_PAYMENT"
3923,"Dear support team, The integration keeps disconnecting and shows an error each time. Regards.","TECHNICAL_ISSUE"
3924,"Hi team, The page keeps refreshing by itself and I lose what I typed. Thank you","TECHNICAL_ISSUE"
3925,"How do I use the team page to find my activity history? Thanks.","HOW_TO_SUPPORT"
3926,"Good morning, Where do I go in the task list to change my email preferences?","HOW_TO_SUPPORT"
3927,"Hey, Can I get a call back from someone on your team?","OTHER"
3928,"My renewal payment failed and now my subscription shows as past due. Let me know what to do.","BILLING_PAYMENT"
3929,"Dear support team, I cannot log in on my Linux machine. Regards.","ACCOUNT_ACCESS"
3930,"Hello, I would like the option to filter by date rnage in a future release.","FEATURE_REQUEST"
3931,"Hello, Search returns no results even for items that I know exist.","TECHNICAL_ISSUE"
3932,"Hello team, I want to leave general feedback about my experience.","OTHER"
3933,"Hi, Why was I billed $24.99 when my plan should be cheaper?","BILLING_PAYMENT"
3934,"Dear support team, Can you walk me through how to add a new team member? Thanks in advance.","HOW_TO_SUPPORT"
3935,"I need a receipt for my payment for March for tax purposes.","BILLING_PAYMENT"
3936,"Can you send me an ivnoice for the $24.99 payment? Please help","BILLING_PAYMENT"
3937,"The payment page rejects my card and I cannot renew my monthly plan. Thanks a lot.","BILLING_PAYMENT"
3938,"Buttons on the dashboard do not respond when I click them. Please advise.","TECHNICAL_ISSUE"
3939,"do you have a tutorial on how to use filters on the dashboard?","HOW_TO_SUPPORT"
3940,"Notifications are not being dleivered to my phone. Please respond soon.","TECHNICAL_ISSUE"
3941,"I want to leave gneeral feedback about my experience.","OTHER"
3942,"Everything works on my computer but the workspace crashes on my Linux machine","TECHNICAL_ISSUE"
3943,"Please consider adding a way to duplicate an entire project. Thanks in advance.","FEATURE_REQUEST"
3944,"Hello support, I upgraded my plan but the cahrge shows the wrong amount","BILLING_PAYMENT"
3945,"Why is my account locked? I cannot reach my data.","ACCOUNT_ACCESS"
3946,"Hello, I wuold love to see an integration with GitHub.","FEATURE_REQUEST"
3947,"We really need dark mode on the workspace, please consider it.","FEATURE_REQUEST"
3948,"Dear support team, I am unable to sign in to my account since the latest update. Thanks.","ACCOUNT_ACCESS"
3949,"My colleague left the company and I need access to the admin account. Any help would be appreciated.","ACCOUNT_ACCESS"
3950,"Please add a Salesfocre integration, our whole team uses it.","FEATURE_REQUEST"
3951,"Dear support team, The reset link does nothing when I click it. Thank you","ACCOUNT_ACCESS"
3952,"How do I add a comment to a task? Please help.","HOW_TO_SUPPORT"
3953,"I was billed $24.99 twice for the same subscription. Thank you.","BILLING_PAYMENT"
3954,"Greetings, Do you have a tutorial on how to create a template?","HOW_TO_SUPPORT"
3955,"Do you have a tutorial on how to add a comment to a task? Thank you.","HOW_TO_SUPPORT"
3956,"Hi, Can you walk me through how to invite a member to my workspace","HOW_TO_SUPPORT"
3957,"Can you tell me more about your privacy policy? Thanks","OTHER"
3958,"Can someone explain how to use the analytics page?","HOW_TO_SUPPORT"
3959,"Hello, Is your service available in the UAE? Regards.","OTHER"
3960,"Hi there, My credit card was declined but my bank says there is no problem.","BILLING_PAYMENT"
3961,"Where can I find the language settings? Regards.","HOW_TO_SUPPORT"
3962,"Good morning, It would be great to have offline mode in the inbox. Thanks.","FEATURE_REQUEST"
3963,"Hi, The exported ZIP file is corrupted and cannot be opened.","TECHNICAL_ISSUE"
3964,"Where do I go in the project board to change my email preferences? Thank you.","HOW_TO_SUPPORT"
3965,"Thank you for your help, eevrything is fine now.","OTHER"
3966,"Good afternoon, Can you help me regain access to my account? I cannot reach my data.","ACCOUNT_ACCESS"
3967,"Which menu do I use to pin a dashboard as my home page? Thanks.","HOW_TO_SUPPORT"
3968,"Images are not displaying correctly on the inbox in Firefox.","TECHNICAL_ISSUE"
3969,"Dear support team, Can you explain how to use filters on the dashboard?","HOW_TO_SUPPORT"
3970,"The API returns a somethnig went wrong message when I call the endpoint.","TECHNICAL_ISSUE"
3971,"Please forward this message to sales. Thanks.","OTHER"
3972,"Hi, What is the easiest way to share a dashboard with a client?","HOW_TO_SUPPORT"
3973,"I cannot log into my account, it says the email address is not registered but I have used it before. Any help would be appreciated.","ACCOUNT_ACCESS"
3974,"Please add Spanish language support.","FEATURE_REQUEST"
3975,"It would be useful to receive weekly progress reports by email. Thanks.","FEATURE_REQUEST"
3976,"The password I created druing sign up is not accepted at login.","ACCOUNT_ACCESS"
3977,"Good afternoon, I cannot access my settings page because it says I do not have permission.","ACCOUNT_ACCESS"
3978,"Can I get a call back from someone on your team?","OTHER"
3979,"I want to switch to annual billing to get the discount, how is the payment handled? Regards.","BILLING_PAYMENT"
3980,"can i know more about your service before deciding? regards.","OTHER"
3981,"Hello support, A pop up with a generic error message appears every time I try to submit.","TECHNICAL_ISSUE"
3982,"Hello, Please send biweekly activity reports to my inbox automatically, it would help a lot.","FEATURE_REQUEST"
3983,"My team would love to have a calendar view. Is it on the roadmap? Please respond soon","FEATURE_REQUEST"
3984,"hello, please credit my account for the payment error this month. let me know what to do.","BILLING_PAYMENT"
3985,"Hey, I would like a refund for the GBP 45 charge yesterday.","BILLING_PAYMENT"
3986,"Can someone explain how to use the mobile app? Any help would be appreciated.","HOW_TO_SUPPORT"
3987,"I would like to know who I should contact regarding a collaboration. Regards.","OTHER"
3988,"Hi team, Could someone give me an overview of what your company does? Please help.","OTHER"
3989,"Just started uisng the product, need to know how to add a new team member","HOW_TO_SUPPORT"
3990,"It would be great if we could set reminders on tasks. Thank you","FEATURE_REQUEST"
3991,"Hi there, How did your company start? I am curious.","OTHER"
3992,"My card was charged three times for June. Please help.","BILLING_PAYMENT"
3993,"I am locekd out after too many failed login attempts.","ACCOUNT_ACCESS"
3994,"Please add a GitHub integration, our whole team uses it.","FEATURE_REQUEST"
3995,"The integration keeps disconnecting and shows an error each time. Let me know what to do.","TECHNICAL_ISSUE"
3996,"i am not able to log in from my android phone but it works on my computer. regards.","ACCOUNT_ACCESS"
3997,"How do I use the admin console to assign a task to a colleague?","HOW_TO_SUPPORT"
3998,"Feature request: the ability to see who viewed a shared report. Thanks.","FEATURE_REQUEST"
3999,"Hi, I am stuck in a loop where the site asks me to verify my email aagin and again","ACCOUNT_ACCESS"
4000,"i got a new phone and my authneticator app no longer works, so i cannot log in.","ACCOUNT_ACCESS"
4001,"Hello team, The workspace does not display anything after the latest update.","TECHNICAL_ISSUE"
4002,"The app crashes every time I try to refresh.","TECHNICAL_ISSUE"
4003,"Where can I find the language settings?","HOW_TO_SUPPORT"
4004,"I wish the team page had a search bar.","FEATURE_REQUEST"
4005,"How do I use the profile page to upload a company logo? Let me know what to do.","HOW_TO_SUPPORT"
4006,"The app crashes evrey time I try to sync.","TECHNICAL_ISSUE"
4007,"Hey, File uploads stay sutck at zero percent.","TECHNICAL_ISSUE"
4008,"Thank you for your help, everything is fine now. Thanks","OTHER"
4009,"Please forward this message to the partnerships team. Any help would be appreciated.","OTHER"
4010,"Dear support team, Any documentation on how to change the date format?","HOW_TO_SUPPORT"
4011,"Hello, My accuont was hacked and I cannot log in anymore.","ACCOUNT_ACCESS"
4012,"Hi team, I upgraded my plan but the charge shows the wrong amount.","BILLING_PAYMENT"
4013,"My card was charged three times last month. Please advise","BILLING_PAYMENT"
4014,"The mobile app becomes blank when I upload a ZIP file.","TECHNICAL_ISSUE"
4015,"hello, my account is suspended and i need it restored as soon as possible.","ACCOUNT_ACCESS"
4016,"Hi there, I need to talk to someone but I do not know what to select. Please help.","OTHER"
4017,"Scheduled reports are not rnuning at the set time. Please help.","TECHNICAL_ISSUE"
4018,"The API returns a blank whtie screen when I call the endpoint.","TECHNICAL_ISSUE"
4019,"Hi team, I have a question about your service. Any help would be appreciated","OTHER"
4020,"Is there a guide that shows how to change the language of the interface?","HOW_TO_SUPPORT"
4021,"How did your company start? I am curious. Thanks.","OTHER"
4022,"I was billed $149 twice for the same subscription.","BILLING_PAYMENT"
4023,"Product idea: let us add comments to reports.","FEATURE_REQUEST"
4024,"We really need a kanban view on the analytics page, please consider it.","FEATURE_REQUEST"
4025,"Do you support customers based in Nigeria? Thank you.","OTHER"
4026,"Please consider adding a way to set custom roles for team members. Please advise.","FEATURE_REQUEST"
4027,"Hello support, Not sure how to upload a company logo, can you point me to the right help article?","HOW_TO_SUPPORT"
4028,"The project board becomes blank when I upload a Word document.","TECHNICAL_ISSUE"
4029,"Good morning, Can you help me regain access to my account? I cnanot reach my data.","ACCOUNT_ACCESS"
4030,"Please stop future charges to my card and cancel my subscription. Let me know what to do.","BILLING_PAYMENT"
4031,"Hey, The dashboard numbers are wrong and do not match the raw data. Please respond soon.","TECHNICAL_ISSUE"
4032,"Hi team, I cannot log in after the laetst update. Please help.","ACCOUNT_ACCESS"
4033,"i cannot log in after chagning my email address.","ACCOUNT_ACCESS"
4034,"Everything on the search page is loading extremely slowly for a week.","TECHNICAL_ISSUE"
4035,"Hello support, The notifications panel is very slow and keeps freezing on my work computer.","TECHNICAL_ISSUE"
4036,"could you tell me how to pin a dashboard as my home page?","HOW_TO_SUPPORT"
4037,"My team would love to have a kanban view. Is it on the roadmap?","FEATURE_REQUEST"
4038,"Greetings, Please add dark mode to the dashboard. Let me know what to do.","FEATURE_REQUEST"
4039,"Do you support customers based in France?","OTHER"
4040,"Hello support, Please credit my account for the payment error for March.","BILLING_PAYMENT"
4041,"Please reset my account access, I cannot get past the login screen. Please respond soon.","ACCOUNT_ACCESS"
4042,"Hi there, Where is your company located?","OTHER"
4043,"Where can I change my language settings?","HOW_TO_SUPPORT"
4044,"I am new here, how do I connect my calendar?","HOW_TO_SUPPORT"
4045,"The login code never arrives in my inbox. Please help.","ACCOUNT_ACCESS"
4046,"Hello, My card was charged twice for March. Thanks in advance.","BILLING_PAYMENT"
4047,"Hi team, I never received the one-time passcode, I already checked my spam folder. Please advise.","ACCOUNT_ACCESS"
4048,"I never received the SMS code, I already checked my spam folder.","ACCOUNT_ACCESS"
4049,"Good afternoon, Any documentation on how to print a report?","HOW_TO_SUPPORT"
4050,"Feature request: the ability to set custom roles for team members.","FEATURE_REQUEST"
4051,"File uploads stay stuck at zero percent. Please respond soon.","TECHNICAL_ISSUE"
4052,"Please consider adding a way to add custom fields to every project. Thanks.","FEATURE_REQUEST"
4053,"Account recovery is not working, the verification email is not being sent. Please help","ACCOUNT_ACCESS"
4054,"Could you add an option to export invoices as PowerPoint?","FEATURE_REQUEST"
4055,"Good morning, I was charged after my free trial ended without any reminder. Any help would be appreciated","BILLING_PAYMENT"
4056,"Uploading a Excel file gets stuck at 100 percent and never finishes.","TECHNICAL_ISSUE"
4057,"Hello support, Please add Korean language support.","FEATURE_REQUEST"
4058,"My invittaion link to join the team does not let me sign in.","ACCOUNT_ACCESS"
4059,"Hi there, The receipt email for my payment never arrived.","BILLING_PAYMENT"
4060,"Unable to sign in on Brave, it just keeps reloading the login page. Please respond soon","ACCOUNT_ACCESS"
4061,"Dear support team, I have a question about your service.","OTHER"
4062,"Hi there, I cannot log in after the latest update","ACCOUNT_ACCESS"
4063,"Dear support team, I wish the project board had a favorites list.","FEATURE_REQUEST"
4064,"Hi, I would like to get in touch with a manager. Thanks a lot","OTHER"
4065,"Dear support team, How do I use the admin console to print a report? Please respond soon.","HOW_TO_SUPPORT"
4066,"I was charged EUR 39 this month but I expected a different amount. Any help would be appreciated","BILLING_PAYMENT"
4067,"A pop up with a error code 403 appears every time I try to delete. Please advise.","TECHNICAL_ISSUE"
4068,"Hi there, Are you currently hiring","OTHER"
4069,"i would love to see an integration with google calendar.","FEATURE_REQUEST"
4070,"My card was charged three times this month. Thank you.","BILLING_PAYMENT"
4071,"Hello, Why did the price of my Basic plan go up?","BILLING_PAYMENT"
4072,"Is there a guide that shows how to merge duplicate entries?","HOW_TO_SUPPORT"
4073,"Good morning, My card was charged twice this month. Thanks in advance.","BILLING_PAYMENT"
4074,"The analytics page does not display anything after the latest update.","TECHNICAL_ISSUE"
4075,"Please forward this message to the right department. Regards.","OTHER"
4076,"Greetings, I see a spinning loader that never finishes on the mobile app.","TECHNICAL_ISSUE"
4077,"File upolads stay stuck at zero percent.","TECHNICAL_ISSUE"
4078,"I do not have acecss to my old email address and need to recover my account.","ACCOUNT_ACCESS"
4079,"My team would love to have bulk actions. Is it on the roadmap? Thanks in advance.","FEATURE_REQUEST"
4080,"Can you walk me through how to upload a company logo?","HOW_TO_SUPPORT"
4081,"Hello support, I have some questions about your company before I proceed. Thanks in advance.","OTHER"
4082,"There is an unknown charge of EUR 15 from your company on my bank statement.","BILLING_PAYMENT"
4083,"Good morning, A pop up with a timeout error appears every time I try to share. Thanks in advance","TECHNICAL_ISSUE"
4084,"The analytics page shows a generic error message since yesterday.","TECHNICAL_ISSUE"
4085,"How do I restore a deleted file? Regards","HOW_TO_SUPPORT"
4086,"Good morning, I saw your ad and want to laern more.","OTHER"
4087,"The verification step keeps failing when I try to sign in, since last night. Let me know what to do.","ACCOUNT_ACCESS"
4088,"I would like the option to assign tasks to multiple people in a future release. Please advise","FEATURE_REQUEST"
4089,"Dear support team, Please add dark mode to the dashboard.","FEATURE_REQUEST"
4090,"Hey, Can I know more about your service before deciding?","OTHER"
4091,"Feature request: a mobile widget. Let me know what to do","FEATURE_REQUEST"
4092,"hi there, can you walk me through how to connect my calendar?","HOW_TO_SUPPORT"
4093,"Is there a guide that shows how to share a dashboard with a client?","HOW_TO_SUPPORT"
4094,"Dear support team, Can someone explain how to use the settings page? Thanks in advance.","HOW_TO_SUPPORT"
4095,"Could you tell me how to make a teammate an admin?","HOW_TO_SUPPORT"
4096,"Can you build custom themes into the dashboard? Many users would benefit.","FEATURE_REQUEST"
4097,"There is an unknown charge of GBP 45 from your company on my bank statement. Please help","BILLING_PAYMENT"
4098,"Dear support team, Thanks for the great support last week!","OTHER"
4099,"Please add Italian language support.","FEATURE_REQUEST"
4100,"hi, please send an invoice for my latest pro subscription payment. any help would be appreciated.","BILLING_PAYMENT"
4101,"The API returns a something went wrong mesasge when I call the endpoint. Please help.","TECHNICAL_ISSUE"
4102,"Hello, I paid for the Team plan but my account still shows the free tier.","BILLING_PAYMENT"
4103,"Hi, Why is my account suspended? I need it restored as soon as possible.","ACCOUNT_ACCESS"
4104,"Hi team, Can you build templates into the team page? Many users would benefit. Thanks a lot.","FEATURE_REQUEST"
4105,"The discount promised to me is not reflected on my bill. Please advise.","BILLING_PAYMENT"
4106,"Good morning, Please refund my last payment, I did not use the servcie at all.","BILLING_PAYMENT"
4107,"Greetings, Images are not displaying correctly on the dashboard in Opera.","TECHNICAL_ISSUE"
4108,"Hello team, The payment went through but I did not get a confirmation and my account is not upgraded.","BILLING_PAYMENT"
4109,"Greetings, Please show me how to use filters on the dashboard. Thanks.","HOW_TO_SUPPORT"
4110,"Hello support, Which page lets me manage my privacy settings?","HOW_TO_SUPPORT"
4111,"Is it possible to add a comment to a task? I cnanot find where.","HOW_TO_SUPPORT"
4112,"Greetings, Any documentation on how to change my time zone?","HOW_TO_SUPPORT"
4113,"Greetings, I am not able to log in from my MacBook but it works on my computer","ACCOUNT_ACCESS"
4114,"The app crashes every time I try to sync.","TECHNICAL_ISSUE"
4115,"I lost my phone and cannot receive the verification code to sign in. Thank you","ACCOUNT_ACCESS"
4116,"Good morning, I would like to speak with a sales representative about enterprise options. Thank you.","OTHER"
4117,"Good afternoon, Can you recommend which team I should conatct for my request?","OTHER"
4118,"Hi there, I am getting a error 500 whenever I open the admin console.","TECHNICAL_ISSUE"
4119,"Hey, Is your service available in Sri Lanka?","OTHER"
4120,"Can you send me some information about what you offer? Please help.","OTHER"
4121,"Hi team, I got charged in the wrong currency for my Pro plan","BILLING_PAYMENT"
4122,"Greetings, The integration keeps disconnecting and shows an error each time.","TECHNICAL_ISSUE"
4123,"I would like the opiton to set custom roles for team members in a future release.","FEATURE_REQUEST"
4124,"Please show me how to duplicate a project.","HOW_TO_SUPPORT"
4125,"Uploading a Word document gets stuck at 45 percent and never finishes.","TECHNICAL_ISSUE"
4126,"The page keeps refreshing by itself and I lose what I typed. Thanks.","TECHNICAL_ISSUE"
4127,"Why did the pirce of my Team plan go up? Any help would be appreciated.","BILLING_PAYMENT"
4128,"Are you currnetly hiring?","OTHER"
4129,"Test message, please ignore. Please respond soon.","OTHER"
4130,"Good afternoon, I was charged for extra setas that I did not add.","BILLING_PAYMENT"
4131,"Hi team, I cancelled my subscription weeks ago and you still took money from my account.","BILLING_PAYMENT"
4132,"Uploading a ZIP file gets stuck at 100 percent and never finishes.","TECHNICAL_ISSUE"
4133,"Hello, I am trying to create a custom report but I cannot find the option. Where is it?","HOW_TO_SUPPORT"
4134,"I forgot my password and the reset link says it has expired.","ACCOUNT_ACCESS"
4135,"I need a receipt for my payment for June for tax purposes. Thanks a lot.","BILLING_PAYMENT"
4136,"Hi, What is the easiest way to restore a deleted file?","HOW_TO_SUPPORT"
4137,"Good afternoon, Is there a guide that shows how to archive old projects?","HOW_TO_SUPPORT"
4138,"Good morning, I cannot log in on my MacBook.","ACCOUNT_ACCESS"
4139,"Hi there, Search returns no results even for items that I know exist.","TECHNICAL_ISSUE"
4140,"Could you tell me how to change the date format","HOW_TO_SUPPORT"
4141,"Hello, Is your service available in Nigeria? Regards","OTHER"
4142,"Please add support for exporting to XML and also keyboard shortcuts.","FEATURE_REQUEST"
4143,"Greetings, Would it be possible to fliter by date range? That would save us a lot of time","FEATURE_REQUEST"
4144,"Please let us export charts to CSV.","FEATURE_REQUEST"
4145,"my sessoin logs me out immediately after i sign in. let me know what to do.","ACCOUNT_ACCESS"
4146,"Why was I billed $249 when my plan should be cheaper?","BILLING_PAYMENT"
4147,"Greetings, Please send quarterly progress reports to my inbox automatically, it would help a lot.","FEATURE_REQUEST"
4148,"I would like to speak with a sales representative about enterprise options.","OTHER"
4149,"my session logs me out immediately after i sign in.","ACCOUNT_ACCESS"
4150,"Good morning, Please refund my last payment, I did not use the service at all.","BILLING_PAYMENT"
4151,"I need to update the billing address on my invoice. Any help would be appreciated.","BILLING_PAYMENT"
4152,"Please let us export activity logs to CSV. Please advise.","FEATURE_REQUEST"
4153,"Hello, Charts on the mobile app do not load.","TECHNICAL_ISSUE"
4154,"Good morning, The page keeps refreshing by itself and I lose what I typed.","TECHNICAL_ISSUE"
4155,"I paid for the Business plan but my account still shows the free tier. Thanks a lot","BILLING_PAYMENT"
4156,"Could you add a search bar to the reports page?","FEATURE_REQUEST"
4157,"Hello team, Can you explain how to set up a recurring report?","HOW_TO_SUPPORT"
4158,"Why did the price of my Pro plan go up?","BILLING_PAYMENT"
4159,"Can you walk me through how to turn on emial alerts?","HOW_TO_SUPPORT"
4160,"I cannot log in since last night. Let me know what to do.","ACCOUNT_ACCESS"
4161,"Hi, I have been overcharged on the first of the month, please look into my billing.","BILLING_PAYMENT"
4162,"Good morning, The verification step keeps failing when I try to sign in, since this morning.","ACCOUNT_ACCESS"
4163,"Greetings, Charts on the profile page do not load.","TECHNICAL_ISSUE"
4164,"Dear support team, Test message, please ignore. Thanks in advance.","OTHER"
4165,"Hello team, Add drag and drop please, it is msising from the inbox. Please respond soon.","FEATURE_REQUEST"
4166,"I was charged $99 this month but I expected a different amount.","BILLING_PAYMENT"
4167,"I am getting a generic error message whenever I open the settings page. Let me know what to do.","TECHNICAL_ISSUE"
4168,"Good afternoon, The page keeps refreshing by itself and I lose what I typed.","TECHNICAL_ISSUE"
4169,"Hello, Images are not displaying correctly on the settings page in Brave.","TECHNICAL_ISSUE"
4170,"Hello, I got a new phone and my authenticator app no longer works, so I cannot log in.","ACCOUNT_ACCESS"
4171,"I am getting a error 404 whenever I open the profile page.","TECHNICAL_ISSUE"
4172,"Is your service available in Brazil? Regards.","OTHER"
4173,"Greetings, Please show me how to restore a deleted file. Any help would be appreciated","HOW_TO_SUPPORT"
4174,"The site is down for me, I only see a timeout error.","TECHNICAL_ISSUE"
4175,"I have been overcharged for March, please look into my billing.","BILLING_PAYMENT"
4176,"The coupon code did not aplpy at checkout and I was charged the full price.","BILLING_PAYMENT"
4177,"Hello support, How do I use the task list to set up my workspace for the first time? Please advise.","HOW_TO_SUPPORT"
4178,"Hello, I cannot log in since Monday. Thank you","ACCOUNT_ACCESS"
4179,"The payment page rejects my card and I cannot renew my Basic plan. Thank you.","BILLING_PAYMENT"
4180,"Where do I go in the calendar to change my notification settings?","HOW_TO_SUPPORT"
4181,"whree do i go in the analytics page to change my report templates? any help would be appreciated.","HOW_TO_SUPPORT"
4182,"Hi, Is there a guide that shows how to invite a member to my workspace?","HOW_TO_SUPPORT"
4183,"dear support team, the exported png image is corrupted and cannot be opened. please help.","TECHNICAL_ISSUE"
4184,"I need a corrected invocie with our new company address.","BILLING_PAYMENT"
4185,"Which menu do I use to add a comment to a task?","HOW_TO_SUPPORT"
4186,"Could you add custom themes to the inbox?","FEATURE_REQUEST"
4187,"It would improve my workflow if I cuold assign tasks to multiple people.","FEATURE_REQUEST"
4188,"I was charged $14 on the first of the month but I expected a different amount.","BILLING_PAYMENT"
4189,"hey, i cannot log in on my work computer.","ACCOUNT_ACCESS"
4190,"Please consider adding a way to sort the list by multiple columns.","FEATURE_REQUEST"
4191,"Good morning, Could someone give me an overview of what your company does?","OTHER"
4192,"Add a mobile widget please, it is missing from the inbox.","FEATURE_REQUEST"
4193,"The API returns a server error when I call the endpoint. Thank you.","TECHNICAL_ISSUE"
4194,"There is a bug where the mobile app shows duplicate entries after I save.","TECHNICAL_ISSUE"
4195,"Where do I go in the settings page to change my privacy settings? Thanks in advance.","HOW_TO_SUPPORT"
4196,"Hi team, It would be great if we could duplicate an entire project. Thanks a lot","FEATURE_REQUEST"
4197,"Please add support for exporting to Excel and also a calendar view.","FEATURE_REQUEST"
4198,"Hi there, How do I link my account to Slack?","HOW_TO_SUPPORT"
4199,"Can someone contact me about an issue? Thanks a lot.","OTHER"
4200,"Good afternoon, Please show me how to create a new project.","HOW_TO_SUPPORT"
4201,"Hi there, Where can I find the time zone settings? Please help.","HOW_TO_SUPPORT"
4202,"Hello, I need a corrected invoice with our new company address.","BILLING_PAYMENT"
4203,"The two-factor code is rejected every time I try to sign in.","ACCOUNT_ACCESS"
4204,"Please let us export charts to PowerPoint. Thanks a lot.","FEATURE_REQUEST"
4205,"Dear support team, Please show me how to link my account to Slack.","HOW_TO_SUPPORT"
4206,"Hey, I have a question about your service.","OTHER"
4207,"What is the easiest way to create a new project?","HOW_TO_SUPPORT"
4208,"Charts on the settings page do not load. Thanks in advance.","TECHNICAL_ISSUE"
4209,"It would be great if we could mark items as favorites.","FEATURE_REQUEST"
4210,"I got charged in the wrong currency for my Enterprise plan. Regards.","BILLING_PAYMENT"
4211,"Hi, Thanks for the great support last week!","OTHER"
4212,"Hello support, How can I chagne my display name","HOW_TO_SUPPORT"
4213,"Good afternoon, I cannot log into my account, it says the email address is not registered but I have used it before.","ACCOUNT_ACCESS"
4214,"It would be great to have custom themes in the project board.","FEATURE_REQUEST"
4215,"I changed my email address and now I cannot access my account. Thanks.","ACCOUNT_ACCESS"
4216,"Hey, Unable to sign in on Firefox, it just keeps reloading the login page","ACCOUNT_ACCESS"
4217,"Hello, I want to leave general feedback about my experience. Regards.","OTHER"
4218,"I am new here, how do I create a template?","HOW_TO_SUPPORT"
4219,"Someone changed my password and I no logner have access to my account.","ACCOUNT_ACCESS"
4220,"Is it possible to rename a project? I cannot find where.","HOW_TO_SUPPORT"
4221,"Hi there, Do you offer any events or webinars?","OTHER"
4222,"I never received the verification email, I already checked my spam folder. Please advise.","ACCOUNT_ACCESS"
4223,"I got charged in the wrong currency for my annual plan. Thanks in advance.","BILLING_PAYMENT"
4224,"My card was charged twcie this quarter.","BILLING_PAYMENT"
4225,"Good afternoon, I have been overcharged last month, please look into my billing.","BILLING_PAYMENT"
4226,"Hello, The verification step keeps faliing when I try to sign in, since Monday. Let me know what to do","ACCOUNT_ACCESS"
4227,"Please send biweekly usage summaries to my inbox automatically, it would help a lot. Please help.","FEATURE_REQUEST"
4228,"My payment was successful but my subscription is still inactive. Thanks.","BILLING_PAYMENT"
4229,"The payment page rejects my card and I cannot renew my Pro plan. Thanks a lot.","BILLING_PAYMENT"
4230,"We really need drag and drop on the reports page, please consider it.","FEATURE_REQUEST"
4231,"How do I export my data? Thanks in advance.","HOW_TO_SUPPORT"
4232,"I am unable to sign in to my account since yesterday. Thanks a lot.","ACCOUNT_ACCESS"
4233,"Good afternoon, The exported video file is corrupted and cannot be opened.","TECHNICAL_ISSUE"
4234,"Hello team, I represent a media outlet and want to reach out to the press team.","OTHER"
4235,"Hello team, Video previews will not play in the search page.","TECHNICAL_ISSUE"
4236,"Good afternoon, There is a mistake in my latest invoice, the total does not match the plan price.","BILLING_PAYMENT"
4237,"Where do I go in the workspace to change my export options","HOW_TO_SUPPORT"
4238,"Why did the price of my Business plan go up? Thanks.","BILLING_PAYMENT"
4239,"hi, feature request: the ability to pin important items to the top.","FEATURE_REQUEST"
4240,"Hello, I would like instructions on how to duplicate a project.","HOW_TO_SUPPORT"
4241,"I would like instructions on how to create a template.","HOW_TO_SUPPORT"
4242,"colud someone give me an overview of what your company does?","OTHER"
4243,"My account is disabled and I have a deadline today.","ACCOUNT_ACCESS"
4244,"Hello team, Could someone give me an overview of what your company does? Any help would be appreciated.","OTHER"
4245,"Dear support team, My card was charged three times for my annual plan.","BILLING_PAYMENT"
4246,"Hi team, I was charged for extra seats that I did not add. Thanks in advance.","BILLING_PAYMENT"
4247,"Hi there, My changes are not saved, the admin console reverts to the old values.","TECHNICAL_ISSUE"
4248,"Hi there, It would be nice to have authenticator app support. Please respond soon.","FEATURE_REQUEST"
4249,"Good afternoon, I wish the profile page had saved views.","FEATURE_REQUEST"
4250,"The magic link never arrives in my inbox. Let me know what to do.","ACCOUNT_ACCESS"
4251,"Could you tell me how to set up a recurring report? Let me know what to do.","HOW_TO_SUPPORT"
4252,"Please send an invoice for my latest Basic subscription payment.","BILLING_PAYMENT"
4253,"Hi, Cuold you tell me how to connect my calendar? Thanks a lot.","HOW_TO_SUPPORT"
4254,"Hi, Unalbe to sign in on Firefox, it just keeps reloading the login page.","ACCOUNT_ACCESS"
4255,"I cannot log in after the latest update. Regards.","ACCOUNT_ACCESS"
4256,"Greetings, Product idea: let us set reminders on tasks. Any help would be appreciated","FEATURE_REQUEST"
4257,"the project board shows a error 404 since last night.","TECHNICAL_ISSUE"
4258,"Data I entered yesterday disappeared from the team page.","TECHNICAL_ISSUE"
4259,"I would like a refund for the $120 charge for my annual plan.","BILLING_PAYMENT"
4260,"Hello, I cannot log in on my tablet.","ACCOUNT_ACCESS"
4261,"Hi team, Can you send me an invoice for the $24.99 payment?","BILLING_PAYMENT"
4262,"Hi, I would like to know who I should contact regarding a collaboration. Regards.","OTHER"
4263,"Hello support, Suggestion: allow users to add comments to reports.","FEATURE_REQUEST"
4264,"hey, my subscription renewed automatically and i did not want that, please refund me. let me know what to do.","BILLING_PAYMENT"
4265,"good afternoon, i want to leave general feedback about my experience.","OTHER"
4266,"please show me how to create a new project.","HOW_TO_SUPPORT"
4267,"My username is not recognized on the loign page.","ACCOUNT_ACCESS"
4268,"Hi team, I want to switch to annual billing to get the discount, how is the payment handled?","BILLING_PAYMENT"
4269,"Hi there, Account recovery is not working, the activation email is not being sent.","ACCOUNT_ACCESS"
4270,"Images are not displaying correctly on the search page in Chrome.","TECHNICAL_ISSUE"
4271,"File uploads stay stuck at zero percent. Thanks.","TECHNICAL_ISSUE"
4272,"An option for saved views would make the product much better.","FEATURE_REQUEST"
4273,"The app crashes every time I try to delete.","TECHNICAL_ISSUE"
4274,"There is a bug where the billing page shows duplicate entries after I sync.","TECHNICAL_ISSUE"
4275,"Good morning, I am unable to sign in to my account an hour ago.","ACCOUNT_ACCESS"
4276,"i wish the team page had a favorites list.","FEATURE_REQUEST"
4277,"I changed my email address and now I cannot access my account. Please help.","ACCOUNT_ACCESS"
4278,"hello, what are your business hours?","OTHER"
4279,"Hey, Not sure how to add a new team member, can you point me to the right help article?","HOW_TO_SUPPORT"
4280,"Dear support team, Could you please implement login alerts by email in a coming update?","FEATURE_REQUEST"
4281,"Hello, It would be nice to have IP allow listing. Please advise.","FEATURE_REQUEST"
4282,"Hi, I forgot the email I used to register and cannot get into my account.","ACCOUNT_ACCESS"
4283,"do you have any security certifications? any help would be appreciated.","OTHER"
4284,"Hi, The autosave is broken and my work was lost for the past few days.","TECHNICAL_ISSUE"
4285,"I need a crorected invoice with our new company address.","BILLING_PAYMENT"
4286,"Greetings, It would be great to have keyboard shortcuts in the settings page. Let me know what to do.","FEATURE_REQUEST"
4287,"It would be great if we could filter by date range.","FEATURE_REQUEST"
4288,"good afternoon, please show me how to set up a recurring report.","HOW_TO_SUPPORT"
4289,"Dear support team, Please unlock my account, I entered the wrong password several times. Regards.","ACCOUNT_ACCESS"
4290,"I do not have access to my old email address and need to recover my account. Thanks in advance.","ACCOUNT_ACCESS"
4291,"hey, notifications are not being delivered to my phone. thanks a lot.","TECHNICAL_ISSUE"
4292,"Hello team, Where is your company located? Please advise.","OTHER"
4293,"I want to switch to annual billing to get the discount, how is the payment handled? Thanks in advance.","BILLING_PAYMENT"
4294,"The calendar is very slow and keeps freezing on my iPad.","TECHNICAL_ISSUE"
4295,"Please consider adding a way to set reminders on tasks.","FEATURE_REQUEST"
4296,"Hi team, The website does not work properly in Edge, but it is fine in another browser. Please help.","TECHNICAL_ISSUE"
4297,"The payment page rejects my card and I cannot renew my annual plan.","BILLING_PAYMENT"
4298,"greetings, i am writing to ask about internship opportunities. let me know what to do.","OTHER"
4299,"Product idea: let us duplicate an entire project. Regards.","FEATURE_REQUEST"
4300,"It would be nice to have passkey support. Regards","FEATURE_REQUEST"
4301,"Can you send me an invoice for the $24.99 payment? Let me know what to do","BILLING_PAYMENT"
4302,"could you please implement an option to log out all deivces in a coming update?","FEATURE_REQUEST"
4303,"Wihch page lets me manage my display name?","HOW_TO_SUPPORT"
4304,"Why did the price of my Team plan go up? Let me know what to do.","BILLING_PAYMENT"
4305,"Hi there, Can you explain how to archive old projects","HOW_TO_SUPPORT"
4306,"Hi team, Thanks for the great support last week!","OTHER"
4307,"Which page lets me manage my saved filters?","HOW_TO_SUPPORT"
4308,"hello team, text is cut off and overlapping on the caelndar on my iphone.","TECHNICAL_ISSUE"
4309,"Good afternoon, Text is cut off and overlapping on the ibnox on my Android phone.","TECHNICAL_ISSUE"
4310,"I cannot log in since last night. Regards.","ACCOUNT_ACCESS"
4311,"There is an unknown charge of $120 from your company on my bank statement.","BILLING_PAYMENT"
4312,"Good afternoon, Is there a guide that shows how to share a dashboard with a client?","HOW_TO_SUPPORT"
4313,"Hello team, I think I sent this to the wrong place, who is the right contact? Please help.","OTHER"
4314,"Hi team, How did your company start? I am curious. Thanks a lot.","OTHER"
4315,"Hi, Are you currently hiring? Thanks a lot.","OTHER"
4316,"Plaese add support for exporting to PDF and also an undo button. Thanks in advance.","FEATURE_REQUEST"
4317,"The app freezes when I try to sync a large CSV file","TECHNICAL_ISSUE"
4318,"Hi, Thank you for your help, everything is fine now.","OTHER"
4319,"Hello, Are you currently hiring? Regards.","OTHER"
4320,"Text is cut off and overlapping on the project board on my iPhone.","TECHNICAL_ISSUE"
4321,"Hello team, The mobile app closes immediately after opening on my Android phone.","TECHNICAL_ISSUE"
4322,"I am locked out after too many failed login attempts. Please advise.","ACCOUNT_ACCESS"
4323,"the dashboard does not display anything after the latest update.","TECHNICAL_ISSUE"
4324,"Greetings, I was charged $14 for a plan I never upgraded to.","BILLING_PAYMENT"
4325,"My account was hakced and I cannot log in anymore.","ACCOUNT_ACCESS"
4326,"Just started using the product, need to know how to archive old projects.","HOW_TO_SUPPORT"
4327,"Three is a mistake in my latest invoice, the total does not match the plan price.","BILLING_PAYMENT"
4328,"Can you explain how to turn on email alerts?","HOW_TO_SUPPORT"
4329,"Is there someone I can meet in person to talk about your product? Please respond soon.","OTHER"
4330,"Please add support for exporting to Word and also a favorites list. Regards.","FEATURE_REQUEST"
4331,"uploading a jpeg photo gets stuck at zero percent and never finishes.","TECHNICAL_ISSUE"
4332,"Please let us export project lists to Google Sheets.","FEATURE_REQUEST"
4333,"Greetings, Sign in with single sign-on fails and shows an unauthorized message.","ACCOUNT_ACCESS"
4334,"Can you send me some information about what you offer? Please advise.","OTHER"
4335,"It would be useful to receive monthly activity reports by email.","FEATURE_REQUEST"
4336,"Charts on the mobile app do not load.","TECHNICAL_ISSUE"
4337,"The site is down for me, I only see a error 404","TECHNICAL_ISSUE"
4338,"What are the steps to connect my calendar?","HOW_TO_SUPPORT"
4339,"Dear support team, How do I set up a recurring report","HOW_TO_SUPPORT"
4340,"It wuold be useful to receive weekly progress reports by email.","FEATURE_REQUEST"
4341,"I get a error 404 when I try to import on the project board.","TECHNICAL_ISSUE"
4342,"Hello, Can I know more about your service before deciding? Let me know what to do.","OTHER"
4343,"There is an unknown charge of GBP 12 from your company on my bank statement. Thanks.","BILLING_PAYMENT"
4344,"Hello, The refresh button does nothing on the admin console. Please respond soon.","TECHNICAL_ISSUE"
4345,"Do you have a tutorial on how to import contacts from a CSV file? Any help would be appreciated.","HOW_TO_SUPPORT"
4346,"Hi there, My card was charged three times for March.","BILLING_PAYMENT"
4347,"Is there someone I can meet in person to talk about your product? Please advise.","OTHER"
4348,"Can someone contact me about an issue? Please advise.","OTHER"
4349,"hi, data i entered yesterday disappeared from the dashboard.","TECHNICAL_ISSUE"
4350,"I got charged in the wrong currency for my Enterprise plan. Please help.","BILLING_PAYMENT"
4351,"Hi team, Video previews will not play in the mobile app.","TECHNICAL_ISSUE"
4352,"Hi team, Are you planning to release an undo button in the future? Let me know what to do.","FEATURE_REQUEST"
4353,"Please add saved views to the billing page","FEATURE_REQUEST"
4354,"Hi there, The inbox becomes blank when I upload a CSV file.","TECHNICAL_ISSUE"
4355,"The password I created during sign up is not accepted at login. Regards.","ACCOUNT_ACCESS"
4356,"How do I rename a project? Thanks in advance.","HOW_TO_SUPPORT"
4357,"Good morning, The two-factor code is rejected every time I try to sign in.","ACCOUNT_ACCESS"
4358,"Hi there, Can someone contact me abuot an issue?","OTHER"
4359,"Search returns no results even for items that I know exist. Any help would be appreciated.","TECHNICAL_ISSUE"
4360,"Could you add an option to export reports as Google Sheets? Please advise.","FEATURE_REQUEST"
4361,"Hi team, Thank you for your help, everything is fine now.","OTHER"
4362,"My account is locked and I need it restored as soon as possible.","ACCOUNT_ACCESS"
4363,"Text is cut off and overlapping on the billing page on my iPhone. Regards.","TECHNICAL_ISSUE"
4364,"Hello team, Could you add auto save to the settings page? Please respond soon.","FEATURE_REQUEST"
4365,"Hi team, Would you consider adding a Google Drive connection to your product?","FEATURE_REQUEST"
4366,"Hey, I am a stduent working on a school project about your product, who can I talk to?","OTHER"
4367,"How do I use the notifications panel to change my display name?","HOW_TO_SUPPORT"
4368,"Could you add saved views to the workspace? Please respond soon.","FEATURE_REQUEST"
4369,"Hello, I get an access denied message when I try to open my workspace.","ACCOUNT_ACCESS"
4370,"Where can I change my default dashboard?","HOW_TO_SUPPORT"
4371,"Dear support team, My team would love to have auto save. Is it on the roadmap?","FEATURE_REQUEST"
4372,"The API retunrs a generic error message when I call the endpoint","TECHNICAL_ISSUE"
4373,"Hi team, The integration keeps disconnecting and shows an error each time.","TECHNICAL_ISSUE"
4374,"Product idea: let us duplicate an entire project.","FEATURE_REQUEST"
4375,"Can I pay by bank transfer intsead of card? My card keeps getting declined. Any help would be appreciated.","BILLING_PAYMENT"
4376,"I get an access denied message when I try to open my workspace. Please respond soon.","ACCOUNT_ACCESS"
4377,"The app freezes when I try to import a large PDF. Thank you.","TECHNICAL_ISSUE"
4378,"Feature request: the ability to see who viewed a shared report. Thanks in advance.","FEATURE_REQUEST"
4379,"Unable to sign in on Opera, it just keeps reloaidng the login page. Let me know what to do.","ACCOUNT_ACCESS"
4380,"Text is cut off and overlapping on the task list on my Windows laptop.","TECHNICAL_ISSUE"
4381,"Hello team, The page keeps refreshing by itself and I lose what I typed.","TECHNICAL_ISSUE"
4382,"The notifications panel does not display anything after the latest update.","TECHNICAL_ISSUE"
4383,"Not sure how to download a report, can you point me to the right help article? Please advise","HOW_TO_SUPPORT"
4384,"Hello support, I was charged for extra seats that I did not add. Any help would be appreciated.","BILLING_PAYMENT"
4385,"I would like to speak with a sales representative about enterprise options. Thanks in advance.","OTHER"
4386,"Hello, My payment was successful but my subscription is still inactive.","BILLING_PAYMENT"
4387,"Good morning, I see a spinning loader that never finishes on the analytics page.","TECHNICAL_ISSUE"
4388,"I would like a refund for the $99 charge this week.","BILLING_PAYMENT"
4389,"How do I use the reports page to chagne the language of the interface?","HOW_TO_SUPPORT"
4390,"Hi there, Please consider adding a way to duplicate an entire project. Regards.","FEATURE_REQUEST"
4391,"The page keeps refreshing by itself and I lose what I typed. Please respond soon.","TECHNICAL_ISSUE"
4392,"Everything on the profile page is loading extremely slowly since yesterday.","TECHNICAL_ISSUE"
4393,"good afternoon, i was billed $19 twice for the same subscription.","BILLING_PAYMENT"
4394,"Hi there, Is there a guide that shows how to pin a dashboard as my home page?","HOW_TO_SUPPORT"
4395,"i was charged after my free trial ended without any reminder. please help.","BILLING_PAYMENT"
4396,"Hello, Is your service available in Australia? Thanks a lot.","OTHER"
4397,"Hello, I want a refund because I was billed after cancelling.","BILLING_PAYMENT"
4398,"Please add German language support. Any help would be appreciated.","FEATURE_REQUEST"
4399,"Hi there, The website does not work properly in Chrome, but it is fine in another browser. Thanks a lot.","TECHNICAL_ISSUE"
4400,"Please let us export analytics data to PDF","FEATURE_REQUEST"
4401,"Account recovery is not working, the login code is not being sent. Regards.","ACCOUNT_ACCESS"
4402,"Hi, I upgraded my plan but the charge shows the wrong amount.","BILLING_PAYMENT"
4403,"I would love to see an integration with Zapier","FEATURE_REQUEST"
4404,"Just started using the product, need to know how to link my account to Slack.","HOW_TO_SUPPORT"
4405,"Hello team, The admin console does not display anything after the latest update.","TECHNICAL_ISSUE"
4406,"Good afternoon, Charts on the team page do not load.","TECHNICAL_ISSUE"
4407,"File uploads stay stuck at zero percent. Thanks in advance.","TECHNICAL_ISSUE"
4408,"Do you support customers based in Kenya? Thanks in advance.","OTHER"
4409,"I would like to speak with a sales representative about etnerprise options.","OTHER"
4410,"Hi team, My account is deactivated and I need it restored as soon as possible.","ACCOUNT_ACCESS"
4411,"A pop up with a something went wrong message appears every time I try to upload.","TECHNICAL_ISSUE"
4412,"My PayPal payment failed but the money left my account. Regards.","BILLING_PAYMENT"
4413,"Good afternoon, Data I entered yesterday disappeared from the reports page.","TECHNICAL_ISSUE"
4414,"Good morning, What is the easiest way to change my password from the settings page?","HOW_TO_SUPPORT"
4415,"Good morning, I would like a refund for the $24.99 charge for March.","BILLING_PAYMENT"
4416,"Greetings, I would like instructions on how to change the language of the interface.","HOW_TO_SUPPORT"
4417,"The save button does nothing on the settings page.","TECHNICAL_ISSUE"
4418,"My account is locked and I cannot reach my data.","ACCOUNT_ACCESS"
4419,"Product idea: let us tag items with labels.","FEATURE_REQUEST"
4420,"Good afternoon, Please refund my last payment, I did not use the service at all.","BILLING_PAYMENT"
4421,"Can you build offline mode into the workspace? Many users would benefit. Please respond soon.","FEATURE_REQUEST"
4422,"My username is not recognized on the login page. Please help.","ACCOUNT_ACCESS"
4423,"Greetings, I saw your ad and want to learn more. Let me know what to do.","OTHER"
4424,"Good morning, Sign in with single sign-on fails and shows an unauthorized message.","ACCOUNT_ACCESS"
4425,"Dear support team, Please reset my account access, I cannot get past the login screen.","ACCOUNT_ACCESS"
4426,"I am new here, how do I print a report","HOW_TO_SUPPORT"
4427,"How do I use the team page to update my profile picture? Let me know what to do.","HOW_TO_SUPPORT"
4428,"Greetings, My PayPal payment failed but the money left my account","BILLING_PAYMENT"
4429,"Hello support, Why is my account locked? I cannot do my work.","ACCOUNT_ACCESS"
4430,"Good morning, Login fails on Opera with an authentication failed message. Please advise.","ACCOUNT_ACCESS"
4431,"My account has been deactivated and I do not know why. Please help.","ACCOUNT_ACCESS"
4432,"Hi team, Which menu do I use to change my password from the settings page? Thanks in advance","HOW_TO_SUPPORT"
4433,"Hello team, I want to leave general feedback about my experience. Please help.","OTHER"
4434,"The profile page becomes blank when I upload a JPEG photo.","TECHNICAL_ISSUE"
4435,"The app freezes when I try to share a large video file.","TECHNICAL_ISSUE"
4436,"The autosave is broken and my work was lost for a week. Any help would be appreciated.","TECHNICAL_ISSUE"
4437,"Good morning, The login code takes forever to arrive and then it has expired.","ACCOUNT_ACCESS"
4438,"How do I share a dashboard with a client? Thanks in advance.","HOW_TO_SUPPORT"
4439,"Hi, Suggestion: allow users to assign tasks to multiple people. Please respond soon","FEATURE_REQUEST"
4440,"Hi team, I am getting a error code 403 whenever I open the project board.","TECHNICAL_ISSUE"
4441,"Dear support team, The VAT number is missing from my invoice.","BILLING_PAYMENT"
4442,"Greetings, My colleague left the company and I need access to the admin account. Thank you.","ACCOUNT_ACCESS"
4443,"Good afternoon, I need to talk to someone but I do not know what to select.","OTHER"
4444,"Hello team, I was charged after my free trial ended without any reminder. Let me know what to do","BILLING_PAYMENT"
4445,"hi, how do i export my data? thanks a lot.","HOW_TO_SUPPORT"
4446,"Good morning, I would like the option to filter by date range in a future release.","FEATURE_REQUEST"
4447,"Everything works on my computer but the search page crashes on my Linux machine.","TECHNICAL_ISSUE"
4448,"Greetings, I have been overcharged for March, please look into my billing. Thanks.","BILLING_PAYMENT"
4449,"my account is blocked and i cannot do my work. thanks a lot.","ACCOUNT_ACCESS"
4450,"Hello support, I need to update the billing address on my invoice.","BILLING_PAYMENT"
4451,"Suggestion: allow users to attach several files at once. Regards.","FEATURE_REQUEST"
4452,"Uploading a JPEG photo gets stuck at 10 percent and never finishes. Thanks a lot.","TECHNICAL_ISSUE"
4453,"Good afternoon, I cancelled my subscription weeks ago and you still took money from my account. Please respond soon.","BILLING_PAYMENT"
4454,"Hello support, Wehre is your company located? Thank you.","OTHER"
4455,"Greetings, I am trying to assign a task to a colleague but I cannot find the option. Where is it?","HOW_TO_SUPPORT"
4456,"I got charged in the wrong currency for my annual plan.","BILLING_PAYMENT"
4457,"Can you recommend which team I should contact for my request?","OTHER"
4458,"It would improve my workflow if I could customize the dashboard layout. Thanks.","FEATURE_REQUEST"
4459,"Hi team, I would like to know who I should contact regarding a collaboration. Thank you.","OTHER"
4460,"My session logs me out immediately afetr I sign in.","ACCOUNT_ACCESS"
4461,"How do I use the profile page to import contacts from a CSV file?","HOW_TO_SUPPORT"
4462,"Feature request: bulk actions.","FEATURE_REQUEST"
4463,"Hi team, I am unable to sign in to my account for the past few days.","ACCOUNT_ACCESS"
4464,"I need a receipt for my payment last month for tax purposes.","BILLING_PAYMENT"
4465,"Good morning, Are you currently hiring? Thank you","OTHER"
4466,"Hi, Do you have a partenrship program? Please advise.","OTHER"
4467,"Can you build dark mode into the porfile page? Many users would benefit.","FEATURE_REQUEST"
4468,"It would be great if we could use the product without an internet connection.","FEATURE_REQUEST"
4469,"The admin console is very slow and keeps freezing on my Linux machine. Any help would be appreciated.","TECHNICAL_ISSUE"
4470,"Hi, Where do I go in the calendar to change my default dashboard?","HOW_TO_SUPPORT"
4471,"How do I use the workspace to restore a deleted file","HOW_TO_SUPPORT"
4472,"I have some questions about your company before I proceed. Please advise","OTHER"
4473,"Do you have a partnership program? Let me know what to do.","OTHER"
4474,"It would be nice to have biometric login.","FEATURE_REQUEST"
4475,"The coupon code did not apply at cehckout and I was charged the full price.","BILLING_PAYMENT"
4476,"Hello team, Account recovery is not working, the one-time passcode is not being sent.","ACCOUNT_ACCESS"
4477,"Payment status says pending for days, and my subscription is still not active. Let me know what to do.","BILLING_PAYMENT"
4478,"There is a mistake in my latest invoice, the total does not match the plan price. Please respond soon.","BILLING_PAYMENT"
4479,"The reset link does nothing when I click it.","ACCOUNT_ACCESS"
4480,"I have some questions about your company before I proceed. Thanks in advance.","OTHER"
4481,"I never received the verification email, I already checked my spam folder. Any help would be appreciated.","ACCOUNT_ACCESS"
4482,"Hello, I am new here, how do I add a new team member? Please help.","HOW_TO_SUPPORT"
4483,"dear support team, how can i change my display name?","HOW_TO_SUPPORT"
4484,"Hello support, I would like the option to set custom roles for team members in a future release.","FEATURE_REQUEST"
4485,"Can you explain how to improt contacts from a CSV file?","HOW_TO_SUPPORT"
4486,"Can you walk me through how to set up my workspace for the first time?","HOW_TO_SUPPORT"
4487,"Dear support team, How can I invite a member to my workspace?","HOW_TO_SUPPORT"
4488,"The API returns a error 500 when I call the endpoint.","TECHNICAL_ISSUE"
4489,"The app freezes when I try to submit a large PDF.","TECHNICAL_ISSUE"
4490,"Hi team, I never received the SMS code, I already checked my spam folder.","ACCOUNT_ACCESS"
4491,"I need to talk to someone but I do not know what to select. Please advise","OTHER"
4492,"I would like a refund for the $49 charge for my annual plan.","BILLING_PAYMENT"
4493,"I am unable to sign in to my account since yesterday.","ACCOUNT_ACCESS"
4494,"Please reset my account access, I cannot get past the login screen. Let me know what to do.","ACCOUNT_ACCESS"
4495,"i am a student working on a school project about your product, who can i talk to?","OTHER"
4496,"Hi there, Please reset my accuont access, I cannot get past the login screen. Let me know what to do.","ACCOUNT_ACCESS"
4497,"the exported spreadsheet is corrputed and cannot be opened.","TECHNICAL_ISSUE"
4498,"Would you consider adding a Microsoft Teams connection to your product?","FEATURE_REQUEST"
4499,"I am getting a timeout error whenever I open the task list.","TECHNICAL_ISSUE"
4500,"Hey, Where do I go in the mobile app to change my email preferences?","HOW_TO_SUPPORT"
4501,"just started using the product, need to know how to turn on email alerts. thanks.","HOW_TO_SUPPORT"
4502,"Dear support team, I was charged $19 this week but I expected a different amount.","BILLING_PAYMENT"
4503,"Can you explain how to duplicate a project?","HOW_TO_SUPPORT"
4504,"a pop up with a blank white screen appears every time i try to publish.","TECHNICAL_ISSUE"
4505,"Payment status says pending for days, and my subscription is still not active. Regards.","BILLING_PAYMENT"
4506,"Greetings, Feature request: saved views.","FEATURE_REQUEST"
4507,"Greetings, Can you build version history into the profile page? Many users would benefit.","FEATURE_REQUEST"
4508,"Good morning, I want to reoprt something that does not fit any category.","OTHER"
4509,"I cannot log in on my work computer.","ACCOUNT_ACCESS"
4510,"Hello team, Notifications are not being delivered to my phone.","TECHNICAL_ISSUE"
4511,"Please send quarterly progress reports to my inobx automatically, it would help a lot.","FEATURE_REQUEST"
4512,"The notifications panel does not display anything after the latest update. Thank you","TECHNICAL_ISSUE"
4513,"Do you have any securtiy certifications?","OTHER"
4514,"I need a receipt for my payment this quarter for tax purposes. Thanks in advance.","BILLING_PAYMENT"
4515,"Hello, Feature request: the ability to set reminders on tasks. Please respond soon.","FEATURE_REQUEST"
4516,"I need to change the credit card used for my subscription payments. Let me know what to do.","BILLING_PAYMENT"
4517,"It would be great if we could add comments to reports.","FEATURE_REQUEST"
4518,"Good afternoon, The system says the PNG image format is not supported even though it is valid.","TECHNICAL_ISSUE"
4519,"Greetings, Do you support customers based in Canada?","OTHER"
4520,"Good afternoon, My team would love to have bulk actions. Is it on the roadmap?","FEATURE_REQUEST"
4521,"The payment page rejects my card and I cannot renew my Basic plan. Please help.","BILLING_PAYMENT"
4522,"Someone changed my password and I no longer have access to my account. Thanks in advance.","ACCOUNT_ACCESS"
4523,"Text is cut off and overlapping on the inbox on my Windows laptop.","TECHNICAL_ISSUE"
4524,"everything works on my computer but the project board crashes on my ipad.","TECHNICAL_ISSUE"
4525,"I was charged $9.99 last month but I expected a different amount","BILLING_PAYMENT"
4526,"Greetings, My bank shows a pending charge of $49 that I do not recognize.","BILLING_PAYMENT"
4527,"Hey, Just started using the product, need to know how to add a comment to a task","HOW_TO_SUPPORT"
4528,"I represent a mdeia outlet and want to reach out to the press team.","OTHER"
4529,"Hi team, My payment keeps failing at checkout even though my card is valid. Please advise.","BILLING_PAYMENT"
4530,"Sign in with single sign-on fails and shows an unauthorized message. Thanks in advance.","ACCOUNT_ACCESS"
4531,"Dear support team, I changed my email address and now I cannot access my account. Please respond soon.","ACCOUNT_ACCESS"
4532,"There is a bug where the billing page shows duplicate entries after I print.","TECHNICAL_ISSUE"
4533,"Hello team, I am not able to log in from my iPad but it works on my computer. Thanks in advance.","ACCOUNT_ACCESS"
4534,"do you support customers based in india? thank you.","OTHER"
4535,"My card was charged twice yesterday.","BILLING_PAYMENT"
4536,"The autosave is broken and my work was lost for a week","TECHNICAL_ISSUE"
4537,"Can you recommend which team I should contact for my request? Please respond soon.","OTHER"
4538,"Good morning, Just started using the product, need to know how to add a new team member.","HOW_TO_SUPPORT"
4539,"Good morning, I need a corrected invoice with our new company address. Let me know what to do.","BILLING_PAYMENT"
4540,"Hi team, I am a student working on a school project about your product, who can I talk to? Please advise.","OTHER"
4541,"Is there a guide that shows how to set up a recurring report?","HOW_TO_SUPPORT"
4542,"Hi team, Do you have a tutorial on how to remove a user from my team? Please help.","HOW_TO_SUPPORT"
4543,"Hello, The receipt email for my payment never arrived. Thanks in advance.","BILLING_PAYMENT"
4544,"Hello, Why was I bileld $99 when my plan should be cheaper","BILLING_PAYMENT"
4545,"It would improve my workflow if I could customize the dashboard layout.","FEATURE_REQUEST"
4546,"It would be helpful if the notifications panel supported offline mode.","FEATURE_REQUEST"
4547,"Dear support team, The system says the PNG image format is not supported even though it is valid. Any help would be appreciated.","TECHNICAL_ISSUE"
4548,"Good morning, Pelase stop future charges to my card and cancel my subscription.","BILLING_PAYMENT"
4549,"dear support team, can you send me an invoice for the $59.99 payment?","BILLING_PAYMENT"
4550,"It would improve my workflow if I could add comments to reports. Please respond soon.","FEATURE_REQUEST"
4551,"Good morning, Please unlock my account, I entered the wrong password several times. Thanks in advance.","ACCOUNT_ACCESS"
4552,"Hey, Please send an invoice for my latest Starter subscription payment","BILLING_PAYMENT"
4553,"I have a general inquiry that does not fit any of the topics. Please help.","OTHER"
4554,"Greetings, Payment status says pending for days, and my subscription is still not active. Thanks.","BILLING_PAYMENT"
4555,"Any plans to support Italian in the interface?","FEATURE_REQUEST"
4556,"Dear support team, The workspace does not display anything after the latest update. Please help.","TECHNICAL_ISSUE"
4557,"Good afternoon, Are you currently hiring? Thanks.","OTHER"
4558,"Good afternoon, The calendar becomes blank when I upload a ZIP file.","TECHNICAL_ISSUE"
4559,"dear support team, i cannot recover my account because the security questions are not working. please help.","ACCOUNT_ACCESS"
4560,"I have a general inquiry that does not fit any of the topics. Thank you.","OTHER"
4561,"Hi there, My payment keeps failing at checkout even though my card is valid. Please advise.","BILLING_PAYMENT"
4562,"The billing page does not display anything after the latest update.","TECHNICAL_ISSUE"
4563,"Hello support, Test message, please ignore. Please advise.","OTHER"
4564,"Good afternoon, Do you support customers based in Canada?","OTHER"
4565,"Good morning, Please show me how to connect my calendar.","HOW_TO_SUPPORT"
4566,"The download link gives a error code 403 instead of the file.","TECHNICAL_ISSUE"
4567,"Where can I find the team permissions? Thanks a lot.","HOW_TO_SUPPORT"
4568,"Suggestion: allow users to see who viewed a shared report.","FEATURE_REQUEST"
4569,"Where do I go in the reports page to change my saved filters","HOW_TO_SUPPORT"
4570,"Hi team, The application crashes when I click share. Thank you.","TECHNICAL_ISSUE"
4571,"Good afternoon, I cannot log into my account, it says the email address is not registered but I have used it before. Please advise.","ACCOUNT_ACCESS"
4572,"Hello support, How do I add a comment to a task?","HOW_TO_SUPPORT"
4573,"I cannot access my notifications pnael because it says I do not have permission. Thanks in advance.","ACCOUNT_ACCESS"
4574,"I was charged $99 for a plan I never upgraded to.","BILLING_PAYMENT"
4575,"Hey, Is there someone I can meet in person to talk about your product?","OTHER"
4576,"How do I use the inbox to add a new team member? Please help","HOW_TO_SUPPORT"
4577,"Please show me how to export my data.","HOW_TO_SUPPORT"
4578,"Good morning, Do you offer any events or webinars? Thanks a lot.","OTHER"
4579,"The submit button does nothing on the profile page. Any help would be appreciated.","TECHNICAL_ISSUE"
4580,"I was charged EUR 39 for June but I expected a different amount.","BILLING_PAYMENT"
4581,"The sync between my deviecs has stopped working.","TECHNICAL_ISSUE"
4582,"My account is deactivated and I have a deadline today. Thank you.","ACCOUNT_ACCESS"
4583,"hello team, suggestion: allow users to add custom fileds to every project.","FEATURE_REQUEST"
4584,"Product idea: let us set reminders on tasks. Thank you","FEATURE_REQUEST"
4585,"Dear support team, The integration keeps disconnecting and shows an error each time. Please advise.","TECHNICAL_ISSUE"
4586,"Hi there, My bank shows a pending chrage of $249 that I do not recognize.","BILLING_PAYMENT"
4587,"Hello support, I saw your ad and want to learn more.","OTHER"
4588,"Good afternoon, The payment page rejects my card and I cannot renew my Pro plan.","BILLING_PAYMENT"
4589,"Dear support team, I cannot recover my account because the security questions are not working.","ACCOUNT_ACCESS"
4590,"Hi team, Data I entered yesterday disappeared from the analytics page.","TECHNICAL_ISSUE"
4591,"I would like a refund for the $14 charge on the first of the month.","BILLING_PAYMENT"
4592,"Hello support, I was billed GBP 12 twice for the same subscription.","BILLING_PAYMENT"
4593,"Hey, Any documentation on how to pin a dashboard as my home page?","HOW_TO_SUPPORT"
4594,"Dear support team, Data I entered yestreday disappeared from the workspace.","TECHNICAL_ISSUE"
4595,"Hey, Add dark mode please, it is missing from the notifications panel. Thanks a lot.","FEATURE_REQUEST"
4596,"Greetings, There is a mistake in my latest invoice, the total does not match the plan price.","BILLING_PAYMENT"
4597,"The verification step keeps failing when I try to sign in, for two days.","ACCOUNT_ACCESS"
4598,"My payment keeps failing at checkout even though my card is valid. Thanks a lot.","BILLING_PAYMENT"
4599,"I would like the option to tag items with labels in a future release. Thank you.","FEATURE_REQUEST"
4600,"Please send an invoice for my latest monthly subscription payment.","BILLING_PAYMENT"
4601,"Hello support, My account has been blocked and I do not know why. Thank you.","ACCOUNT_ACCESS"
4602,"Hello, The site is down for me, I only see a timeout error. Any help would be appreciated.","TECHNICAL_ISSUE"
4603,"I was chraged for extra seats that I did not add.","BILLING_PAYMENT"
4604,"I think I sent this to the wrong place, who is the rgiht contact?","OTHER"
4605,"Hello support, Suggestion: allow users to filter by date range.","FEATURE_REQUEST"
4606,"Dear support team, The application crashes when I click share.","TECHNICAL_ISSUE"
4607,"Hello support, My changes are not saved, the profile page reverts to the old values.","TECHNICAL_ISSUE"
4608,"Why is my account frozen? I cannot reach my data.","ACCOUNT_ACCESS"
4609,"I would like instructions on how to download a report.","HOW_TO_SUPPORT"
4610,"i am writing to ask about internship opportunities. regards.","OTHER"
4611,"Could you tell me how to pin a dashboard as my home page? Please advise.","HOW_TO_SUPPORT"
4612,"Hey, I wish the admin console had a favorites list.","FEATURE_REQUEST"
4613,"Good afternoon, I was billed $9.99 twice for the same subscription.","BILLING_PAYMENT"
4614,"How do I add a new team member? Thank you.","HOW_TO_SUPPORT"
4615,"Hi team, How do I duplicate a project?","HOW_TO_SUPPORT"
4616,"Dear support team, Text is cut off and overlapping on the calendar on my Windows laptop. Thanks in advance.","TECHNICAL_ISSUE"
4617,"Dear support team, Account recovery is not working, the confirmation email is not being sent.","ACCOUNT_ACCESS"
4618,"Can you build custom filters into the settings page? Many users would benefit.","FEATURE_REQUEST"
4619,"I am trying to transfer ownership of a workspace but I cannot find the option. Where is it? Regards.","HOW_TO_SUPPORT"
4620,"Please add a mboile widget to the notifications panel.","FEATURE_REQUEST"
4621,"There is a bug where the inbox shows duplicate entries after I refresh.","TECHNICAL_ISSUE"
4622,"I am getting a generic error message whenever I open the dashboard.","TECHNICAL_ISSUE"
4623,"Everything works on my computer but the notifications panel crashes on my Android phone. Regards.","TECHNICAL_ISSUE"
4624,"My inivtation link to join the team does not let me sign in. Let me know what to do.","ACCOUNT_ACCESS"
4625,"Can you build a search bar into the billing page? Many users would benefit.","FEATURE_REQUEST"
4626,"I have some questions about your copmany before I proceed.","OTHER"
4627,"I paid for the Team plan but my account still shows the free tier. Thanks.","BILLING_PAYMENT"
4628,"the upload button does nothing on the task list.","TECHNICAL_ISSUE"
4629,"My subscrpition renewed automatically and I did not want that, please refund me.","BILLING_PAYMENT"
4630,"Hello support, Feature request: saved views","FEATURE_REQUEST"
4631,"It would be great to have keyboard shortcuts in the billing page.","FEATURE_REQUEST"
4632,"Can you build version history into the reports page? Many users would benefit. Thanks in advance","FEATURE_REQUEST"
4633,"I need to change the credit card used for my subscription payments. Please respond soon.","BILLING_PAYMENT"
4634,"Hello support, My card was charged twice for March.","BILLING_PAYMENT"
4635,"Hello, My username is not recognized on the login page. Please help.","ACCOUNT_ACCESS"
4636,"My team wolud love to have drag and drop. Is it on the roadmap?","FEATURE_REQUEST"
4637,"I am not able to log in from my iPad but it works on my computer.","ACCOUNT_ACCESS"
4638,"Greetings, My team would love to have a favorites list. Is it on the roadmap?","FEATURE_REQUEST"
4639,"Why is my account locked? I have a deadline today.","ACCOUNT_ACCESS"
4640,"how can i upload a company logo?","HOW_TO_SUPPORT"
4641,"dear support team, the site is down for me, i only see a error 500.","TECHNICAL_ISSUE"
4642,"I would like to know who I sohuld contact regarding a collaboration.","OTHER"
4643,"Why was I billed $249 when my plan should be cheaper? Please advise.","BILLING_PAYMENT"
4644,"Hey, Do you have a tutorial on how to invite a member to my workspace?","HOW_TO_SUPPORT"
4645,"The app freezes when I try to save a large ZIP file.","TECHNICAL_ISSUE"
4646,"I am getting a server error whenever I open the analytics page.","TECHNICAL_ISSUE"
4647,"Hello, Can you help me regain access to my account? I cannot do my work. Regards.","ACCOUNT_ACCESS"
4648,"Can you explain how to change the language of the interface?","HOW_TO_SUPPORT"
4649,"Is there a guide that shows how to print a report?","HOW_TO_SUPPORT"
4650,"Good afternoon, I got charged in the wrong currency for my monthly plan","BILLING_PAYMENT"
4651,"Hi, The mobile app closes immediately after opening on my Android phone. Let me know what to do.","TECHNICAL_ISSUE"
4652,"Hi team, There is a mistake in my latest invoice, the total does not match the plan price.","BILLING_PAYMENT"
4653,"Please send daily usage summaries to my inbox automatically, it would help a lot.","FEATURE_REQUEST"
4654,"Hello support, The coupon code did not apply at checkout and I was charged the full price. Regards.","BILLING_PAYMENT"
4655,"Why is my account blocked? I cannot do my work. Please help.","ACCOUNT_ACCESS"
4656,"I cannot log into my account, it says the email address is not registered but I have used it before. Please help.","ACCOUNT_ACCESS"
4657,"payment status says pending for days, and my subscription is still not active. thanks a lot.","BILLING_PAYMENT"
4658,"Good morning, Product idea: let us customize the dashboard layout","FEATURE_REQUEST"
4659,"Hi there, Please add Spanish language support.","FEATURE_REQUEST"
4660,"The payment page rejects my card and I cannot renew my Business plan. Thank you.","BILLING_PAYMENT"
4661,"could you add an option to exprot reports as pdf?","FEATURE_REQUEST"
4662,"I paid for the Premium plan but my account still shows the free tier.","BILLING_PAYMENT"
4663,"Greetings, Can you send me some information about what you offer? Thanks in advance.","OTHER"
4664,"Hey, I need a receipt for my payment this month for tax purposes.","BILLING_PAYMENT"
4665,"The two-factor code is rejetced every time I try to sign in. Thanks in advance.","ACCOUNT_ACCESS"
4666,"Hello support, Product idea: let us duplicate an entire project. Please advise","FEATURE_REQUEST"
4667,"Greetings, I am not able to log in from my Linux machine but it works on my computer. Thanks.","ACCOUNT_ACCESS"
4668,"Greetings, My payment was successful but my subscription is still inactive.","BILLING_PAYMENT"
4669,"I am getting a message that my acconut is temporarily locked, please help me get in.","ACCOUNT_ACCESS"
4670,"Why is my account frozen? I need to get in right now.","ACCOUNT_ACCESS"
4671,"There is an unknown charge of EUR 39 from your company on my bank statement.","BILLING_PAYMENT"
4672,"The settings page shows a something went wrong message since yesterday. Please help.","TECHNICAL_ISSUE"
4673,"Good morning, I need to talk to someone but I do not know what to select. Let me know what to do.","OTHER"
4674,"Buttons on the inbox do not respond when I click them. Please respond soon.","TECHNICAL_ISSUE"
4675,"It would improve my workflow if I could add comments to reports. Any help would be appreciated.","FEATURE_REQUEST"
4676,"Dear support team, Please refund my last payment, I did not use the service at all.","BILLING_PAYMENT"
4677,"Dear support team, Everything works on my computer but the mobile app crashes on my tablet.","TECHNICAL_ISSUE"
4678,"My account is frozen and I need to get in right now","ACCOUNT_ACCESS"
4679,"hello team, i cannot log into my account, it says the email address is not registered but i have used it before.","ACCOUNT_ACCESS"
4680,"What is the easiest way to change the date format? Please respond soon.","HOW_TO_SUPPORT"
4681,"The API returns a blank white screen when I call the endpoint. Any help would be appreciated.","TECHNICAL_ISSUE"
4682,"do you support customers based in the uae? please help.","OTHER"
4683,"I get a server error when I try to download on the search page. Thanks a lot.","TECHNICAL_ISSUE"
4684,"The payment page rejects my card and I cannot renew my Prmeium plan. Let me know what to do.","BILLING_PAYMENT"
4685,"I am writing to ask abuot internship opportunities.","OTHER"
4686,"I cannot access my calendar becuase it says I do not have permission. Thanks a lot.","ACCOUNT_ACCESS"
4687,"Hi there, I represent a media outlet and want to reach out to the perss team.","OTHER"
4688,"hi there, my card was charged twice this month.","BILLING_PAYMENT"
4689,"It would be helpful if the admin console supported auto save.","FEATURE_REQUEST"
4690,"Would you consider adding a Zapier connection to your product? Please advise.","FEATURE_REQUEST"
4691,"Good afternoon, Could you please implement passkey support in a cmoing update? Please help.","FEATURE_REQUEST"
4692,"Everything on the notifications panel is loading extremely slowly since yesterday.","TECHNICAL_ISSUE"
4693,"I need a corrected invoice with our new company address. Thank you.","BILLING_PAYMENT"
4694,"Account recovery is not working, the activation email is not being sent.","ACCOUNT_ACCESS"
4695,"Hello team, I am a student working on a school project about your product, who can I talk to?","OTHER"
4696,"Hi team, It would be nice to have passkey support.","FEATURE_REQUEST"
4697,"Dear support team, I forgot my password and the reset link says it has expired.","ACCOUNT_ACCESS"
4698,"Hi there, Thank you for your help, everythnig is fine now.","OTHER"
4699,"hello team, i am unable to sign in to my account for the past few days.","ACCOUNT_ACCESS"
4700,"Is it possible to use filters on the dashboard? I cannot find where.","HOW_TO_SUPPORT"
4701,"Scheduled reports are not runinng at the set time","TECHNICAL_ISSUE"
4702,"Hey, The verification step keeps failing when I try to sign in, since last night.","ACCOUNT_ACCESS"
4703,"Any documentation on how to change my time zone? Please advise.","HOW_TO_SUPPORT"
4704,"Good afternoon, Why did the price of my Pro plan go up","BILLING_PAYMENT"
4705,"I would love to see an integration with GitHub.","FEATURE_REQUEST"
4706,"hello support, i want to leave genreal feedback about my experience.","OTHER"
4707,"Dear support team, I would like to get in touch with sales.","OTHER"
4708,"Greetings, My payment was successful but my subscription is still inactive. Please help.","BILLING_PAYMENT"
4709,"Hey, What are your business hours?","OTHER"
4710,"Hello support, I need to change the credit card used for my subscription payments. Let me know what to do.","BILLING_PAYMENT"
4711,"Greetings, Would you consider adding a Google Calendar connection to your product?","FEATURE_REQUEST"
4712,"Hello team, Please consider adding a way to schedule reports in advance.","FEATURE_REQUEST"
4713,"Hi there, I would like to get in touch with your security team.","OTHER"
4714,"Unable to sign in on Chrome, it just keeps reloading the login page. Regards","ACCOUNT_ACCESS"
4715,"Video previews will not play in the search page. Regards.","TECHNICAL_ISSUE"
4716,"My account has been deactivated and I do not know why.","ACCOUNT_ACCESS"
4717,"Hey, Please add dark mode to the dashboard.","FEATURE_REQUEST"
4718,"Feature request: the ability to customize the dashboard layout","FEATURE_REQUEST"
4719,"Which menu do I use to export my data?","HOW_TO_SUPPORT"
4720,"Hey, I have been overcharged for my annual plan, please look into my billing.","BILLING_PAYMENT"
4721,"An option for auto save would make the product much better. Please advise.","FEATURE_REQUEST"
4722,"Hey, I need help but I am not sure which option applies. Please respond soon.","OTHER"
4723,"Could you tell me how to make a teammate an admin? Thank you.","HOW_TO_SUPPORT"
4724,"Hello support, I am not sure who to ask about this. Thank you.","OTHER"
4725,"I am locked out after too many failed login attempts. Let me know what to do.","ACCOUNT_ACCESS"
4726,"I have a questoin about your service. Thanks in advance.","OTHER"
4727,"Good morning, Could you please ipmlement biometric login in a coming update?","FEATURE_REQUEST"
4728,"The settings page becomes blank when I upload a PNG image. Thank you.","TECHNICAL_ISSUE"
4729,"Greetings, I am locked out after too many failed login attempts. Thanks a lot","ACCOUNT_ACCESS"
4730,"I was charged EUR 39 for a plan I never upgraded to.","BILLING_PAYMENT"
4731,"How do I transfer ownership of a workspace? Please help.","HOW_TO_SUPPORT"
4732,"I am unable to sign in to my account since last night. Thank you","ACCOUNT_ACCESS"
4733,"Please forward this message to sales. Regards","OTHER"
4734,"I am new here, how do I turn on email alerts? Any help would be appreciated.","HOW_TO_SUPPORT"
4735,"Hey, Could someone give me an overview of what your company does? Thank you.","OTHER"
4736,"i wish the settings page had templates.","FEATURE_REQUEST"
4737,"I cannot log in after changing my email address. Thanks in advance.","ACCOUNT_ACCESS"
4738,"Good morning, Just started using the product, need to know how to set up my workspace for the first time. Thank you.","HOW_TO_SUPPORT"
4739,"Please let us export analytics data to PowerPoint.","FEATURE_REQUEST"
4740,"Hello team, Could you tell me how to pin a dashboard as my home page? Please help.","HOW_TO_SUPPORT"
4741,"which page lets me manage my integration settings? please advise.","HOW_TO_SUPPORT"
4742,"Please refund my last payment, I did not use the service at all. Thank you.","BILLING_PAYMENT"
4743,"Good morning, My account was hacked and I cannot log in anymore.","ACCOUNT_ACCESS"
4744,"Good morning, I would like the option to sort the list by multiple columns in a future release.","FEATURE_REQUEST"
4745,"Unable to sign in on Firefox, it just keeps reloading the login page. Thanks.","ACCOUNT_ACCESS"
4746,"hi team, i need a corrected invoice with our new company address.","BILLING_PAYMENT"
4747,"the setitngs page shows a error code 403 for the past few days.","TECHNICAL_ISSUE"
4748,"Hi, The login page keeps redirecting me back to the sign in screen.","ACCOUNT_ACCESS"
4749,"Greetings, The search page is very slow and keeps freezing on my Android phone. Thank you","TECHNICAL_ISSUE"
4750,"Hi team, I am unable to sign in to my account for two days.","ACCOUNT_ACCESS"
4751,"Hello, Please reset my account access, I cannot get past the login screen.","ACCOUNT_ACCESS"
4752,"Where can I find the profile information?","HOW_TO_SUPPORT"
4753,"I cancelled my subscription weeks ago and you still took money from my account. Let me know what to do.","BILLING_PAYMENT"
4754,"I am new here, how do I pin a dashboard as my home page? Please respond soon.","HOW_TO_SUPPORT"
4755,"A pop up with a generic error message appears every time I try to import.","TECHNICAL_ISSUE"
4756,"Tahnks for the great support last week!","OTHER"
4757,"I would like to speak with a saels representative about enterprise options.","OTHER"
4758,"Unable to sign in on Safari, it just keeps reloading the login page.","ACCOUNT_ACCESS"
4759,"It would be helpful if the profile page supported a calendar view.","FEATURE_REQUEST"
4760,"I was charged after my free trial ended without any reminder.","BILLING_PAYMENT"
4761,"I want to siwtch to annual billing to get the discount, how is the payment handled?","BILLING_PAYMENT"
4762,"Hey, I was charged for extra saets that I did not add.","BILLING_PAYMENT"
4763,"Where can I find the privacy settings?","HOW_TO_SUPPORT"
4764,"The team page shows a generic error message for two days. Thanks in advance.","TECHNICAL_ISSUE"
4765,"Dear support team, Account recovery is not working, the login code is not being sent.","ACCOUNT_ACCESS"
4766,"Do you have a partnership program? Thanks a lot.","OTHER"
4767,"Data I entered yesterday disappeared from the dashboard.","TECHNICAL_ISSUE"
4768,"Cuold someone give me an overview of what your company does? Please help.","OTHER"
4769,"hi there, the invoice shows the wrong company name, please correct it. thanks a lot.","BILLING_PAYMENT"
4770,"Hi team, I would like to get in touch with the legal department. Please advise.","OTHER"
4771,"My bank shows a pending charge of GBP 45 that I do not recognize. Regards.","BILLING_PAYMENT"
4772,"The app freezes when I try to sync a large spreadsheet","TECHNICAL_ISSUE"
4773,"I would like the option to tag items with labels in a future release.","FEATURE_REQUEST"
4774,"Plaese get back to me when you can, I have a few questions.","OTHER"
4775,"Where is your company located? Please help.","OTHER"
4776,"hi, what are the steps to change my display name?","HOW_TO_SUPPORT"
4777,"Can you walk me through how to download a report?","HOW_TO_SUPPORT"
4778,"Hi team, Could someone give me an overview of what your company does? Please advise.","OTHER"
4779,"Dear support team, Where can I find the saved filters?","HOW_TO_SUPPORT"
4780,"Is it possible to create a custom report? I cannot find where. Please advise.","HOW_TO_SUPPORT"
4781,"I cannot access my team page because it says I do not have permission.","ACCOUNT_ACCESS"
4782,"Hello support, What are the steps to connect my calendar?","HOW_TO_SUPPORT"
4783,"Hi team, Could someone give me an oevrview of what your company does?","OTHER"
4784,"It would be helpful if the project board supported offline mode.","FEATURE_REQUEST"
4785,"My account has been locked and I do not know why.","ACCOUNT_ACCESS"
4786,"Hello, The API returns a server error when I call the endpoint.","TECHNICAL_ISSUE"
4787,"hello team, i got charged in the wrong currency for my enterprise plan.","BILLING_PAYMENT"
4788,"Hi there, I need to change the credit card used for my subscription payments.","BILLING_PAYMENT"
4789,"Good morning, I changed my phone number and now I cannot get the login code.","ACCOUNT_ACCESS"
4790,"I got a new pohne and my authenticator app no longer works, so I cannot log in","ACCOUNT_ACCESS"
4791,"Greetings, Any documentation on how to set up a recurring report?","HOW_TO_SUPPORT"
4792,"hello, my payment keeps failing at checkout even though my card is valid.","BILLING_PAYMENT"
4793,"It would be great to have auto save in the calendar. Please help.","FEATURE_REQUEST"
4794,"My account is disabled and I cannot do my work.","ACCOUNT_ACCESS"
4795,"i cannot log in after turning on two-factor authentication. please advise.","ACCOUNT_ACCESS"
4796,"Please add support for exporting to XML and also a favorites list.","FEATURE_REQUEST"
4797,"Hi, Why was I billed $99 when my plan should be cheaper? Please help","BILLING_PAYMENT"
4798,"Hi, My account has been deactivated and I do not know why.","ACCOUNT_ACCESS"
4799,"Good afternoon, What is the easiest way to change my notification settings?","HOW_TO_SUPPORT"
4800,"The page never finishes loading and only shows a timeout error.","TECHNICAL_ISSUE"
4801,"Dear support team, I have some questions about your company before I proceed.","OTHER"
4802,"Hi there, The password reset email never arrives in my inbox.","ACCOUNT_ACCESS"
4803,"Hey, Why did the price of my Premium plan go up? Thank you.","BILLING_PAYMENT"
4804,"Please show me how to pin a dashboard as my home page. Any help would be appreciated","HOW_TO_SUPPORT"
4805,"Dear support team, Please send weekly performance summaries to my inbox automatically, it would help a lot. Thanks.","FEATURE_REQUEST"
4806,"Do you offer any events or webinars? Any help would be appreciated.","OTHER"
4807,"Any documentation on how to create a custom report?","HOW_TO_SUPPORT"
4808,"Hi there, Search returns no results even for items that I know exist. Please help.","TECHNICAL_ISSUE"
4809,"I would like to get in touch with your security team. Thank you","OTHER"
4810,"Good morning, I would like to know who I should contact regarding a collaboration.","OTHER"
4811,"It would be great to have drag and drop in the profile page. Please advise.","FEATURE_REQUEST"
4812,"Hi there, I would like a refund for the GBP 45 charge on the first of the month.","BILLING_PAYMENT"
4813,"I downgraded to the Business plan but I was still billed the higher price. Thank you.","BILLING_PAYMENT"
4814,"Please get back to me when you can, I have a few questions. Thank you.","OTHER"
4815,"Not sure how to delete a workspace, can you point me to the right help article?","HOW_TO_SUPPORT"
4816,"add version history please, it is missing from the project board. let me know what to do.","FEATURE_REQUEST"
4817,"I was charged $9.99 for a plan I never upgraded to. Let me know what to do.","BILLING_PAYMENT"
4818,"Please let us export project lists to PowerPoint.","FEATURE_REQUEST"
4819,"I paid for the Business plan but my account still shows the free tier. Any help would be appreciated.","BILLING_PAYMENT"
4820,"Hey, The two-factor code is rejected every time I try to sign in.","ACCOUNT_ACCESS"
4821,"Dear support team, Where do I go in the billnig page to change my language settings?","HOW_TO_SUPPORT"
4822,"Greetings, Why is my account blocked? I cannot do my work.","ACCOUNT_ACCESS"
4823,"Hello support, Please send an invoice for my latest monthly subscription payment. Thanks a lot.","BILLING_PAYMENT"
4824,"Hey, I paid for the Basic plan but my account still shows the free tier. Please help.","BILLING_PAYMENT"
4825,"The verification step keeps failing when I try to sign in, since last night","ACCOUNT_ACCESS"
4826,"Hi team, My card was charged twice yesterday.","BILLING_PAYMENT"
4827,"Hi there, Can you walk me through how to print a report?","HOW_TO_SUPPORT"
4828,"Do you have a tutorial on how to update my profile picture? Let me know what to do.","HOW_TO_SUPPORT"
4829,"Good morning, The receipt email for my payment never arrived. Regards.","BILLING_PAYMENT"
4830,"Where do I go in the search page to change my profile information?","HOW_TO_SUPPORT"
4831,"The integration keeps disconnecting and shows an error each time. Thanks a lot","TECHNICAL_ISSUE"
4832,"I cancelled my subscription wekes ago and you still took money from my account.","BILLING_PAYMENT"
4833,"Hey, I would like to speak with a sales representative about enterprise options.","OTHER"
4834,"It would be great to have a search bar in the analytics page. Thanks.","FEATURE_REQUEST"
4835,"Good afternoon, Is your service available in Brazil","OTHER"
4836,"Where do I go in the billing page to change my workspace name?","HOW_TO_SUPPORT"
4837,"Which menu do I use to change the date format? Let me know what to do.","HOW_TO_SUPPORT"
4838,"Do you support customers based in France? Thanks in advance.","OTHER"
4839,"Hello team, I lost my phone and cannot receive the verification code to sign in.","ACCOUNT_ACCESS"
4840,"Hello support, Can I know more about your service before deciding?","OTHER"
4841,"A pop up with a 502 bad gateway appears every time I try to download.","TECHNICAL_ISSUE"
4842,"Hi, Not sure how to link my account to Slack, can you point me to the right help article?","HOW_TO_SUPPORT"
4843,"Uploading a PDF gets stuck at 100 percent and never finishes.","TECHNICAL_ISSUE"
4844,"Hey, I am new here, how do I set up my workspace for the first time?","HOW_TO_SUPPORT"
4845,"Can I know more abuot your service before deciding?","OTHER"
4846,"The payment page rejects my card and I cannot renew my Basic plan. Let me know what to do.","BILLING_PAYMENT"
4847,"Hi, I want to report something that does not fit any category.","OTHER"
4848,"I see a spinning loader that never finishes on the workspace.","TECHNICAL_ISSUE"
4849,"Search returns no results even for items that I know exist. Thanks","TECHNICAL_ISSUE"
4850,"Hey, There is an unknown charge of $149 from your company on my bank statement.","BILLING_PAYMENT"
4851,"Good morning, I downgraded to the Enterprise plan but I was still billed the higher price.","BILLING_PAYMENT"
4852,"Hello, is anyone there? Any help would be appreciated.","OTHER"
4853,"I am unable to sign in to my account since this morning.","ACCOUNT_ACCESS"
4854,"Good morning, Data I entered yesterday disappeared from the reports page.","TECHNICAL_ISSUE"
4855,"Greetings, Sign in with signle sign-on fails and shows an unauthorized message.","ACCOUNT_ACCESS"
4856,"I cannot log into my account, it says the email address is not registered but I have used it before. Thanks in advance.","ACCOUNT_ACCESS"
4857,"Hello team, I wish the project board had bulk actions.","FEATURE_REQUEST"
4858,"Good afternoon, The confirmation eamil never arrives in my inbox.","ACCOUNT_ACCESS"
4859,"Hi, I never received the login code, I already checked my spam folder.","ACCOUNT_ACCESS"
4860,"Hi, Please unlock my account, I entered the wrong password several times.","ACCOUNT_ACCESS"
4861,"Why did the price of my monthly plan go up? Any help would be appreciated.","BILLING_PAYMENT"
4862,"Hi, The system says the spreadsheet foramt is not supported even though it is valid.","TECHNICAL_ISSUE"
4863,"I get an access denied message when I try to open my workspace. Let me know what to do.","ACCOUNT_ACCESS"
4864,"The page sohws an unexpected error code 403 when I save my profile. Please advise.","TECHNICAL_ISSUE"
4865,"Please add Tamil language support. Regards.","FEATURE_REQUEST"
4866,"My invitation link to join the team does not let me sign in. Please advise.","ACCOUNT_ACCESS"
4867,"Data I entered yesterday disappeared from the reports page.","TECHNICAL_ISSUE"
4868,"It would be useful to receive daily progress reports by email.","FEATURE_REQUEST"
4869,"The receipt email for my payment never arrived. Any help would be appreciated.","BILLING_PAYMENT"
4870,"The page never finishes loading and only shows a 502 bad gateway. Please help","TECHNICAL_ISSUE"
4871,"Thanks for the great support last week! Please respond soon","OTHER"
4872,"Why did the price of my Bsuiness plan go up? Thank you.","BILLING_PAYMENT"
4873,"Hi team, My account is disabled and I have a deadline today.","ACCOUNT_ACCESS"
4874,"My account is locked and I need it restored as soon as possible. Please respond soon.","ACCOUNT_ACCESS"
4875,"Good morning, How can I create a custom report?","HOW_TO_SUPPORT"
4876,"The system says the JPEG photo format is not supported even though it is valid.","TECHNICAL_ISSUE"
4877,"Hello, I cannot log in after turning on two-factor authentication. Let me know what to do.","ACCOUNT_ACCESS"
4878,"My account has been blocked and I do not know why.","ACCOUNT_ACCESS"
4879,"Please forward this message to your press team. Let me know what to do.","OTHER"
4880,"dear support team, i am trying to add a new team member but i cannot find the option. where is it?","HOW_TO_SUPPORT"
4881,"The billing page is very slow and keeps freezing on my Windows laptop.","TECHNICAL_ISSUE"
4882,"Please add a favorites list to the analytics page.","FEATURE_REQUEST"
4883,"My session logs me out immediately after I sign in. Thanks a lot.","ACCOUNT_ACCESS"
4884,"The activation email never arrives in my inbox.","ACCOUNT_ACCESS"
4885,"Hello team, I forgot the email I used to register and cannot get into my account.","ACCOUNT_ACCESS"
4886,"Could you tell me how to delete a workspace","HOW_TO_SUPPORT"
4887,"It would be great to have bulk actions in the mobile app","FEATURE_REQUEST"
4888,"Any documentation on how to restore a deleted file?","HOW_TO_SUPPORT"
4889,"Greetings, Any plans to support Arabic in the interface? Please help","FEATURE_REQUEST"
4890,"I do not have access to my old email address and need to recover my account.","ACCOUNT_ACCESS"
4891,"Could you please implement an option to log out all devices in a coming update?","FEATURE_REQUEST"
4892,"The API returns a generic error message when I call the endpoint.","TECHNICAL_ISSUE"
4893,"Why was I billed $29 when my plan should be cheaper?","BILLING_PAYMENT"
4894,"Hello team, Please stop future charges to my card and cancel my subscription.","BILLING_PAYMENT"
4895,"What are the steps to update my profile picture?","HOW_TO_SUPPORT"
4896,"Where can I change my team permissions?","HOW_TO_SUPPORT"
4897,"Good morning, My invitation link to join the team does not let me sign in.","ACCOUNT_ACCESS"
4898,"Everything works on my computer but the dashboard crashes on my work computer.","TECHNICAL_ISSUE"
4899,"Is three someone I can meet in person to talk about your product?","OTHER"
4900,"Hello support, I am not sure who to ask about this. Thanks a lot.","OTHER"
4901,"Where do I go in the settings page to change my email preferences? Please help.","HOW_TO_SUPPORT"
4902,"Charts on the inbox do not load.","TECHNICAL_ISSUE"
4903,"Is your service available in France? Thanks in advance.","OTHER"
4904,"Hey, Are you currently hiring? Please respond soon.","OTHER"
4905,"Where can I change my saved filters?","HOW_TO_SUPPORT"
4906,"Wehre do I go in the billing page to change my notification settings?","HOW_TO_SUPPORT"
4907,"Dear support team, The download link gives a 502 bad gateway instead of the file.","TECHNICAL_ISSUE"
4908,"The invoice shows the worng company name, please correct it.","BILLING_PAYMENT"
4909,"Hi there, My team would love to have drag and drop. Is it on the roadmap? Thanks a lot.","FEATURE_REQUEST"
4910,"The autosave is broken and my work was lost since last night.","TECHNICAL_ISSUE"
4911,"Hi team, My payment keeps failing at checkout even though my card is valid.","BILLING_PAYMENT"
4912,"The dashboard numbers are wrong and do not macth the raw data. Any help would be appreciated.","TECHNICAL_ISSUE"
4913,"Hey, Account recovery is not working, the one-time passcode is not being sent","ACCOUNT_ACCESS"
4914,"Is your service available in Nigeria? Any help would be appreciated.","OTHER"
4915,"Hi, I need a corrected invoice with our new company address.","BILLING_PAYMENT"
4916,"I see a spinning loader that never finishes on the dashboard. Any help would be appreciated.","TECHNICAL_ISSUE"
4917,"Good afternoon, My bank shows a pending charge of $14 that I do not recognize.","BILLING_PAYMENT"
4918,"Can you build saved views into the analytics page? Many users would benefit.","FEATURE_REQUEST"
4919,"Can you explain how to pin a dashboard as my home page?","HOW_TO_SUPPORT"
4920,"Hi, I am stuck in a loop where the site asks me to verify my email again and again.","ACCOUNT_ACCESS"
4921,"How do I use the task list to use filters on the dashboard?","HOW_TO_SUPPORT"
4922,"Everything works on my computer but the analytics page crashes on my MacBook.","TECHNICAL_ISSUE"
4923,"The dashboard numbers are wrong and do not match the raw data. Please help.","TECHNICAL_ISSUE"
4924,"Good morning, It would be useful to receive quarterly performance summaries by email.","FEATURE_REQUEST"
4925,"Good morning, Do you support customers based in Kenya","OTHER"
4926,"I would like to get in touch with the careers team.","OTHER"
4927,"Hi, Any documentation on how to set my working hours?","HOW_TO_SUPPORT"
4928,"Where can I find the notfiication settings?","HOW_TO_SUPPORT"
4929,"Good afternoon, I represent a media outlet and want to reach out to the press team.","OTHER"
4930,"Hi, I have been overcharged this week, please look into my billing.","BILLING_PAYMENT"
4931,"Images are not displaying correctly on the billing page in Safari. Thanks in advance.","TECHNICAL_ISSUE"
4932,"I see a spinning loader that never finihses on the search page.","TECHNICAL_ISSUE"
4933,"Can someone explain how to use the calendar? Thanks in advance.","HOW_TO_SUPPORT"
4934,"hey, could you please implement single sign-on in a coming update?","FEATURE_REQUEST"
4935,"Hello support, Images are not displaying correctly on the admin console in Chrome.","TECHNICAL_ISSUE"
4936,"Hello, Sign in with single sign-on fails and shows an unauthorized message. Let me know what to do.","ACCOUNT_ACCESS"
4937,"I get a something went wrong message when I try to save on the task list.","TECHNICAL_ISSUE"
4938,"Good afternoon, I am trying to restore a deleted file but I cannot find the option. Where is it? Thanks.","HOW_TO_SUPPORT"
4939,"The reports page shows a error 404 for two days.","TECHNICAL_ISSUE"
4940,"Hello, The verification step keeps failing when I try to sign in, since Monday.","ACCOUNT_ACCESS"
4941,"I wish the settings page had a search bar.","FEATURE_REQUEST"
4942,"can you explain how to delete a workspace?","HOW_TO_SUPPORT"
4943,"My team would love to have keyboard shortcuts. Is it on the roadmap?","FEATURE_REQUEST"
4944,"Where can I change my workspace name? Any help would be appreciated.","HOW_TO_SUPPORT"
4945,"Hello, How did your company start? I am curious.","OTHER"
4946,"why was i billed $14 when my plan should be cheaper?","BILLING_PAYMENT"
4947,"The app crashes every time I try to save. Thanks in advance.","TECHNICAL_ISSUE"
4948,"Please forward this message to your press team. Please advise.","OTHER"
4949,"I was charged after my free trial ended without any reminder. Regards.","BILLING_PAYMENT"
4950,"My account was hcaked and I cannot log in anymore.","ACCOUNT_ACCESS"
4951,"It would be useful to receive biweekly progress reports by email. Thank you.","FEATURE_REQUEST"
4952,"Hey, Please forward this message to your press team.","OTHER"
4953,"Add bulk actions please, it is missing from the search page.","FEATURE_REQUEST"
4954,"Hello team, The coupon code did not apply at checkout and I was charged the full price.","BILLING_PAYMENT"
4955,"Good morning, It would be helpful if the reports page supported a search bar.","FEATURE_REQUEST"
4956,"Hi, The verification step keeps failing when I try to sign in, since last night.","ACCOUNT_ACCESS"
4957,"Hey, What is the easiest way to link my account to Slack?","HOW_TO_SUPPORT"
4958,"I cannot log in on my work computer. Any help would be appreciated.","ACCOUNT_ACCESS"
4959,"i would like to speak with a sales representative about enterprise options. thank you.","OTHER"
4960,"Everything on the mobile app is loading extremely slowly since this morning.","TECHNICAL_ISSUE"
4961,"The task list becomes blank when I upload a Word document.","TECHNICAL_ISSUE"
4962,"Could you tell me how to connect my calendar?","HOW_TO_SUPPORT"
4963,"Please add Hindi language support","FEATURE_REQUEST"
4964,"I would like the option to set reminders on tasks in a future release. Let me know what to do.","FEATURE_REQUEST"
4965,"Is your service available in the United Kingdom? Please help.","OTHER"
4966,"Hi, The invoice shows the wrong company name, pelase correct it. Thank you.","BILLING_PAYMENT"
4967,"How can I make a teammate an admin? Please respond soon.","HOW_TO_SUPPORT"
4968,"The coupon code did not apply at checkout and I was charged the full price. Please respond soon.","BILLING_PAYMENT"
4969,"the page nveer finishes loading and only shows a something went wrong message.","TECHNICAL_ISSUE"
4970,"My team would love to have offline mode. Is it on the roadmap?","FEATURE_REQUEST"
4971,"The inbox does not display anything after the latest update.","TECHNICAL_ISSUE"
4972,"Hi there, Are you planning to release offline mode in the future?","FEATURE_REQUEST"
4973,"is it possible to import contacts from a csv file? i cannot find where. please respond soon.","HOW_TO_SUPPORT"
4974,"I wolud love to see an integration with GitHub.","FEATURE_REQUEST"
4975,"I was charged $120 yesterday but I expected a different amount.","BILLING_PAYMENT"
4976,"I cannot log in after turning on two-factor authentication. Thanks in advance.","ACCOUNT_ACCESS"
4977,"It would improve my workflow if I could customize the dashboard layout. Let me know what to do","FEATURE_REQUEST"
4978,"Good morning, What are your business hours?","OTHER"
4979,"Greetings, How did your company start? I am curious. Thanks.","OTHER"
4980,"Video previews will not play in the calendar.","TECHNICAL_ISSUE"
4981,"Feature request: the ability to pin important items to the top.","FEATURE_REQUEST"
4982,"good morning, i see a spinning loader that never finishes on the inbox. any help would be appreciated.","TECHNICAL_ISSUE"
4983,"Hello team, I am stuck in a loop where the site asks me to verify my email again and again.","ACCOUNT_ACCESS"
4984,"Please show me how to download a report. Regards.","HOW_TO_SUPPORT"
4985,"Hello, I need to change the credit card used for my subscription payments. Please help.","BILLING_PAYMENT"
4986,"could you tell me how to set up a recurring report?","HOW_TO_SUPPORT"
4987,"Hi, Please show me how to change my password from the settings page.","HOW_TO_SUPPORT"
4988,"I got cahrged in the wrong currency for my Basic plan.","BILLING_PAYMENT"
4989,"There is a bug where the analytics page shows duplicate entries after I upload.","TECHNICAL_ISSUE"
4990,"Hi team, I do not have access to my old email address and need to recover my account. Please help.","ACCOUNT_ACCESS"
4991,"Dear support team, Which menu do I use to transfer ownership of a workspace?","HOW_TO_SUPPORT"
4992,"Can you send me some information aobut what you offer?","OTHER"
4993,"The mobile app closes immediately after opening on my tablet. Let me know what to do.","TECHNICAL_ISSUE"
4994,"Can you walk me through how to set my working hours? Regards.","HOW_TO_SUPPORT"
4995,"good morning, please consider adding a way to attach several files at once. thanks a lot.","FEATURE_REQUEST"
4996,"It would be great to have drag and drop in the reports page.","FEATURE_REQUEST"
4997,"The password reset email never arrives in my inbox. Thanks a lot.","ACCOUNT_ACCESS"
4998,"The site is down for me, I only see a generic error message.","TECHNICAL_ISSUE"
4999,"Hey, I am trying to set up my workspace for the first time but I cannot find the option. Where is it?","HOW_TO_SUPPORT"
5000,"Dear support team, The upload button does nothing on the search page.","TECHNICAL_ISSUE"
5001,"Hi, The page shows an unexpected timeout error when I save my profile.","TECHNICAL_ISSUE"
5002,"My account is deactivated and I need to get in right now. Thank you","ACCOUNT_ACCESS"
5003,"My card was charged three times this month.","BILLING_PAYMENT"
5004,"My username is not recognized on the login page. Thanks.","ACCOUNT_ACCESS"
5005,"Hello support, Please get back to me when you can, I have a few questions. Thank you","OTHER"
5006,"The app freezes when I try to submit a large PNG image.","TECHNICAL_ISSUE"
5007,"I am getting a error 500 whenever I open the admin console.","TECHNICAL_ISSUE"
5008,"Good afternoon, I got a new phone and my authenticator app no longer works, so I cannot log in. Thanks a lot.","ACCOUNT_ACCESS"
5009,"Feature request: a search bar","FEATURE_REQUEST"
5010,"Greetings, I would like to get in touch with a manager","OTHER"
5011,"I would like instructions on how to find my activity history. Let me know what to do.","HOW_TO_SUPPORT"
5012,"I am writing to ask about internship opportunities.","OTHER"
5013,"Dear support team, It would be useful to receive monthly usage summaries by email.","FEATURE_REQUEST"
5014,"Are you planning to release an undo button in the future","FEATURE_REQUEST"
5015,"Please credit my account for the payment error yesterday.","BILLING_PAYMENT"
5016,"Feature request: templates.","FEATURE_REQUEST"
5017,"I downgraded to the Basic plan but I was still billed the higher price. Let me know what to do.","BILLING_PAYMENT"
5018,"The system says the Excel file format is not supported even though it is valid. Thanks a lot.","TECHNICAL_ISSUE"
5019,"I wuold like to get in touch with your security team.","OTHER"
5020,"Hi there, Please refund my last payment, I did not use the service at all. Any help would be appreciated.","BILLING_PAYMENT"
5021,"the app freezes when i try to publish a large zip file.","TECHNICAL_ISSUE"
5022,"Hello support, I need to talk to someone but I do not know what to select. Please advise.","OTHER"
5023,"I was charged GBP 12 for a plan I never upgraded to.","BILLING_PAYMENT"
5024,"An option for templates would make the product much better.","FEATURE_REQUEST"
5025,"Can you send me an invoice for the $9.99 payment?","BILLING_PAYMENT"
5026,"What is the easiest way to invite a member to my workspace?","HOW_TO_SUPPORT"
5027,"Hey, I wish the mobile app had bulk actions.","FEATURE_REQUEST"
5028,"Hello support, We really need auto save on the workspace, please consider it. Please advise.","FEATURE_REQUEST"
5029,"Hello team, I was charged EUR 39 this quarter but I expected a different amount.","BILLING_PAYMENT"
5030,"Hi team, Please send weekly email digests to my inbox automatically, it would help a lot.","FEATURE_REQUEST"
5031,"Greetings, I cannot log in on my Windows laptop.","ACCOUNT_ACCESS"
5032,"Hi, A pop up with a error code 403 appears every time I try to download","TECHNICAL_ISSUE"
5033,"I was chraged after my free trial ended without any reminder.","BILLING_PAYMENT"
5034,"Hi there, I am getting a 502 bad gateway whenever I open the notifications panel.","TECHNICAL_ISSUE"
5035,"There is a mistake in my latest invoice, the total does not match the plan price. Thanks.","BILLING_PAYMENT"
5036,"Greetings, How can I use filters on the dashboard","HOW_TO_SUPPORT"
5037,"What are the steps to invite a member to my workspace? Any help would be appreciated.","HOW_TO_SUPPORT"
5038,"I am new here, how do I set up my workspace for the first time?","HOW_TO_SUPPORT"
5039,"I was charged $29 this month but I expected a different amount.","BILLING_PAYMENT"
5040,"Where do I go in the mobile app to change my workspace name?","HOW_TO_SUPPORT"
5041,"Dear support team, The autosave is broken and my work was lost for two days. Thanks.","TECHNICAL_ISSUE"
5042,"Greetings, I am new here, how do I find my activity history? Let me know what to do.","HOW_TO_SUPPORT"
5043,"We really need saved views on the team page, please consider it.","FEATURE_REQUEST"
5044,"Do you have a tutorial on how to change the date format?","HOW_TO_SUPPORT"
5045,"Good morning, My account has been locked and I do not know why. Please respond soon.","ACCOUNT_ACCESS"
5046,"I was billed $99 twice for the same subscription","BILLING_PAYMENT"
5047,"The discount promised to me is not reflected on my bill. Please respond soon.","BILLING_PAYMENT"
5048,"Can you build auto save into the admin console? Many users would benefit.","FEATURE_REQUEST"
5049,"Feature request: a mobile widget","FEATURE_REQUEST"
5050,"The website does not work properly in Firefox, but it is fine in another browser. Please respond soon.","TECHNICAL_ISSUE"
5051,"I would like more information before I create an account. Regards.","OTHER"
5052,"I want to report something that does not fit any category. Please respond soon","OTHER"
5053,"The two-factor code is rejected every time I try to sign in. Please help.","ACCOUNT_ACCESS"
5054,"Please consider adding a way to mark items as favorites","FEATURE_REQUEST"
5055,"Hi, Can I pay by bank transfer instead of card? My card keeps getting declined.","BILLING_PAYMENT"
5056,"I frogot the email I used to register and cannot get into my account","ACCOUNT_ACCESS"
5057,"I cannot access my billing page because it says I do not have permission.","ACCOUNT_ACCESS"
5058,"Charts on the settings page do not load. Thanks","TECHNICAL_ISSUE"
5059,"It would be helpful if the settings page supported drag and drop.","FEATURE_REQUEST"
5060,"I would like instructions on how to change my notification settings.","HOW_TO_SUPPORT"
5061,"Can someone contact me about an issue? Let me know what to do.","OTHER"
5062,"hey, my account was hacked and i cannot log in anymore.","ACCOUNT_ACCESS"
5063,"Good afternoon, Can you build bulk actions into the analytics page? Many users would benefit.","FEATURE_REQUEST"
5064,"greetings, i have a question about your service.","OTHER"
5065,"I cannot log into my account, it says the email address is not registered but I have used it before. Thank you.","ACCOUNT_ACCESS"
5066,"Please forward this message to a product specialist.","OTHER"
5067,"Do you support customers based in Mexico? Please help.","OTHER"
5068,"My subscription renewed automatically and I did not want that, please refund me. Thanks a lot.","BILLING_PAYMENT"
5069,"Add an undo button please, it is missing from the analytics page. Regards.","FEATURE_REQUEST"
5070,"Hello team, The app freezes when I try to upload a large PNG image.","TECHNICAL_ISSUE"
5071,"I changed my phone number and now I cannot get the login code. Please help.","ACCOUNT_ACCESS"
5072,"Hi team, How do I use the billing page to upload a company logo? Thank you.","HOW_TO_SUPPORT"
5073,"Scheduled reports are not running at the set time. Let me know what to do.","TECHNICAL_ISSUE"
5074,"Good morning, Where is your company located?","OTHER"
5075,"Hello, The mobile app closes immediately after opening on my tablet. Thanks.","TECHNICAL_ISSUE"
5076,"I need a receipt for my payment on the first of the month for tax purposes.","BILLING_PAYMENT"
5077,"I would like a refund for the EUR 15 charge this month. Please advise.","BILLING_PAYMENT"
5078,"Good morning, What is the easiest way to update my profile picture? Any help would be appreciated.","HOW_TO_SUPPORT"
5079,"Unable to sign in on Edge, it just keeps reloading the login page.","ACCOUNT_ACCESS"
5080,"Are you planning to release custom themes in the future","FEATURE_REQUEST"
5081,"Good afternoon, There is an unknown charge of $24.99 from your company on my bank statement.","BILLING_PAYMENT"
5082,"hi, why is my account deactivated? i have a deadline today.","ACCOUNT_ACCESS"
5083,"I am a student working on a school project about your product, who can I talk to? Regards.","OTHER"
5084,"Dear support team, Is there a guide that shows how to pin a dashboard as my home page? Please advise.","HOW_TO_SUPPORT"
5085,"charts on the settings page do not load.","TECHNICAL_ISSUE"
5086,"Good morning, Someone changed my password and I no longer have access to my account. Let me know what to do.","ACCOUNT_ACCESS"
5087,"Please stop fuutre charges to my card and cancel my subscription.","BILLING_PAYMENT"
5088,"What are your business hours?","OTHER"
5089,"i would like a refund for the $59.99 charge for june.","BILLING_PAYMENT"
5090,"i cannot log in after the latest update.","ACCOUNT_ACCESS"
5091,"I have some questions about your company before I proceed. Thanks a lot.","OTHER"
5092,"Uploading a PDF gets stuck at 45 percent and never finishes.","TECHNICAL_ISSUE"
5093,"Where do I go in the inbox to change my notification settings? Let me know what to do.","HOW_TO_SUPPORT"
5094,"it would be helpful if the dashboard supported custom filters. thanks a lot.","FEATURE_REQUEST"
5095,"Hi team, I cannot access my search page because it says I do not have permission.","ACCOUNT_ACCESS"
5096,"Hi team, The autosave is broken and my work was lost since last night.","TECHNICAL_ISSUE"
5097,"Hello, The team page becomes blank when I upload a Word document.","TECHNICAL_ISSUE"
5098,"I would like more information before I create an account. Please advise.","OTHER"
5099,"The import button does nothing on the settings page","TECHNICAL_ISSUE"
5100,"Greetings, A pop up with a server error appears every time I try to submit.","TECHNICAL_ISSUE"
5101,"Dear support team, Is there a guide that shows how to set my working hours? Any help would be appreciated.","HOW_TO_SUPPORT"
5102,"The login code never arrives in my inbox. Thanks","ACCOUNT_ACCESS"
5103,"Good morning, I need to change the credit card used for my subscription payments.","BILLING_PAYMENT"
5104,"Hi team, Why is my account deactivated? I need it restored as soon as possible.","ACCOUNT_ACCESS"
5105,"Which menu do I use to change my time zone?","HOW_TO_SUPPORT"
5106,"the task list does not display anything after the latest update. please advise.","TECHNICAL_ISSUE"
5107,"Greetings, Everything on the settings page is loading extremely slowly since Monday.","TECHNICAL_ISSUE"
5108,"Buttons on the mobile app do not respond when I click them.","TECHNICAL_ISSUE"
5109,"It would imporve my workflow if I could filter by date range.","FEATURE_REQUEST"
5110,"I changed my phone number and now I cannot get the login code.","ACCOUNT_ACCESS"
5111,"Hello, The mobile app closes immediately after opening on my Linux machine. Regards.","TECHNICAL_ISSUE"
5112,"Greetings, Everything on the mobile app is loading extremely slowly since last night","TECHNICAL_ISSUE"
5113,"Dear support team, Uploading a PNG image gets stuck at zero percent and never finishes.","TECHNICAL_ISSUE"
5114,"The verification step keeps failing when I try to sign in, for two days. Thanks in advance.","ACCOUNT_ACCESS"
5115,"Dear support team, I cancelled my subscription weeks ago and you still took money from my account.","BILLING_PAYMENT"
5116,"Hello support, My session logs me out immediately after I sign in.","ACCOUNT_ACCESS"
5117,"Hey, The VAT number is missing from my invoice.","BILLING_PAYMENT"
5118,"I want to leave general feedback about my experience. Please help.","OTHER"
5119,"My invitation link to join the team does not let me sign in.","ACCOUNT_ACCESS"
5120,"How did your company start? I am curious. Let me know what to do.","OTHER"
5121,"Good afternoon, Can someone explain how to use the settings page? Thank you.","HOW_TO_SUPPORT"
5122,"I paid for the annual plan but my account still shows the free tier. Let me know what to do.","BILLING_PAYMENT"
5123,"Hi, Unable to sign in on Firefox, it just keeps reloading the login page.","ACCOUNT_ACCESS"
5124,"Would you consider adding a Microsoft Teams connection to your product? Thanks in advance.","FEATURE_REQUEST"
5125,"Hi there, We really need a search bar on the workspace, please consider it.","FEATURE_REQUEST"
5126,"Unable to sign in on Chrome, it just keeps reloading the login page","ACCOUNT_ACCESS"
5127,"I would like a refund for the $59.99 charge this month.","BILLING_PAYMENT"
5128,"Can you help me regian access to my account? I have a deadline today.","ACCOUNT_ACCESS"
5129,"My team would love to have auto save. Is it on the roadmap? Please respond soon.","FEATURE_REQUEST"
5130,"I keep getting an invalid password message even though I am typing it correctly. Thank you","ACCOUNT_ACCESS"
5131,"Please stop futrue charges to my card and cancel my subscription.","BILLING_PAYMENT"
5132,"Good morning, The sync between my devices has stopped working. Thank you","TECHNICAL_ISSUE"
5133,"Hello support, It would be helpful if the settings page supported templates. Any help would be appreciated.","FEATURE_REQUEST"
5134,"Hello team, Do you have a tutorial on how to link my account to Slack?","HOW_TO_SUPPORT"
5135,"Hello team, I would like to get in touch with the partnerships team","OTHER"
5136,"I cannot log in after resetting my password. Let me know what to do.","ACCOUNT_ACCESS"
5137,"Good afternoon, Search returns no results even for items that I know exist. Thanks a lot.","TECHNICAL_ISSUE"
5138,"Is your srevice available in Australia? Please respond soon.","OTHER"
5139,"Good morning, I want to leave general feedback about my experience.","OTHER"
5140,"I would like to get in touch with a manager. Any help would be appreciated.","OTHER"
5141,"Please rfeund my last payment, I did not use the service at all.","BILLING_PAYMENT"
5142,"Hi, Do you have a tutorial on how to change the date format? Please respond soon.","HOW_TO_SUPPORT"
5143,"The verification step keeps failing when I try to sign in, since the latest update. Please respond soon.","ACCOUNT_ACCESS"
5144,"I am a student working on a school project about your product, who can I talk to? Thanks a lot.","OTHER"
5145,"Hello, Login fails on Brave with an authentication failed message.","ACCOUNT_ACCESS"
5146,"Is it possible to change my password from the settings page? I cannot find where. Thanks in advance.","HOW_TO_SUPPORT"
5147,"The page keeps refreshing by itself and I lose what I typed. Thank you.","TECHNICAL_ISSUE"
5148,"It would be helpful if the workspace supported drag and drop.","FEATURE_REQUEST"
5149,"Are you currently hiring? Let me know what to do.","OTHER"
5150,"Hi team, Please add drag and drop to the profile page.","FEATURE_REQUEST"
5151,"We really need an undo button on the project board, please consider it.","FEATURE_REQUEST"
5152,"Greetings, I cannot log in after turning on two-factor authentication.","ACCOUNT_ACCESS"
5153,"Where can I change my default dashboard? Thanks.","HOW_TO_SUPPORT"
5154,"Can someone contact me about an issue? Thank you.","OTHER"
5155,"Dear support team, I am not able to log in from my Android phone but it works on my computer.","ACCOUNT_ACCESS"
5156,"Dear support team, It would be nice to have an option to log out all devices.","FEATURE_REQUEST"
5157,"Good afternoon, I cannot log in on my iPhone. Thanks in advance.","ACCOUNT_ACCESS"
5158,"The system says the CSV file format is not supported even though it is valid","TECHNICAL_ISSUE"
5159,"I am getting a blank white screen whenever I open the calendar.","TECHNICAL_ISSUE"
5160,"Please add support for exporting to Word and also a calendar view.","FEATURE_REQUEST"
5161,"Good morning, I cannot log into my account, it says the email address is not registered but I have used it before.","ACCOUNT_ACCESS"
5162,"I was bliled $249 twice for the same subscription.","BILLING_PAYMENT"
5163,"Good afternoon, Unable to sign in on Chrome, it just keeps reloading the login page.","ACCOUNT_ACCESS"
5164,"Dear support team, Please add keyboard shortcuts to the workspace.","FEATURE_REQUEST"
5165,"Hi team, Are you crurently hiring?","OTHER"
5166,"It would be helpful if the profile page supported custom filters.","FEATURE_REQUEST"
5167,"Good morning, I think I sent this to the wrong place, who is the right contact?","OTHER"
5168,"My bank shows a pending charge of $19 that I do not recognize. Thanks.","BILLING_PAYMENT"
5169,"The verification step keeps failing when I try to sign in, since yesterday. Any help would be appreciated.","ACCOUNT_ACCESS"
5170,"Hey, Where can I find the team permissions?","HOW_TO_SUPPORT"
5171,"Dear support team, We really need a calendar view on the task list, please consider it. Let me know what to do.","FEATURE_REQUEST"
5172,"I wish the inbox had dark mode.","FEATURE_REQUEST"
5173,"It would be great if we could tag items with labels.","FEATURE_REQUEST"
5174,"Hello team, Why was I billed EUR 15 when my plan should be cheaper?","BILLING_PAYMENT"
5175,"Good morning, Test message, please ignore. Thanks.","OTHER"
5176,"The admin console is very slow and keeps freezing on my Windows laptop. Thank you.","TECHNICAL_ISSUE"
5177,"Which page lets me manage my export options?","HOW_TO_SUPPORT"
5178,"i have been overchagred on the first of the month, please look into my billing.","BILLING_PAYMENT"
5179,"I get a timeout error when I try to delete on the admin console.","TECHNICAL_ISSUE"
5180,"Hello team, Do you support customers based in Australia? Let me know what to do.","OTHER"
5181,"Would it be possible to mark items as favorites? That would save us a lot of time.","FEATURE_REQUEST"
5182,"Greetings, I need to change the credit card used for my subscription payments. Thanks a lot.","BILLING_PAYMENT"
5183,"Hey, I was billed $59.99 twice for the same subscription","BILLING_PAYMENT"
5184,"Is it possible to archive old projects? I cannot find where","HOW_TO_SUPPORT"
5185,"Greetings, I am not sure who to ask about this.","OTHER"
5186,"I never received the activation email, I already checked my spam folder","ACCOUNT_ACCESS"
5187,"Hello team, Charts on the mobile app do not load.","TECHNICAL_ISSUE"
5188,"hi there, i would like instructions on how to change my password from the settings page.","HOW_TO_SUPPORT"
5189,"Hello support, I was charged $19 yetserday but I expected a different amount.","BILLING_PAYMENT"
5190,"Hi there, The password I created during sign up is not accepted at login.","ACCOUNT_ACCESS"
5191,"I want a refund becuase I was billed after cancelling.","BILLING_PAYMENT"
5192,"Greetings, Are you currently hiring? Please respond soon.","OTHER"
5193,"I wish the reports page had a favorites list","FEATURE_REQUEST"
5194,"I downgraded to the Enterprise plan but I was still billed the higher price.","BILLING_PAYMENT"
5195,"Good afternoon, I wish the reports page had dark mode.","FEATURE_REQUEST"
5196,"Do you have a tutorial on how to change my display name?","HOW_TO_SUPPORT"
5197,"Hi team, Please forward this message to the legal department.","OTHER"
5198,"Good afternoon, I want a refund because I was billed after cancelling","BILLING_PAYMENT"
5199,"Hi team, I would like more information before I create an account.","OTHER"
5200,"Good afternoon, I am a student working on a school project about your product, who can I talk to? Thanks in advance.","OTHER"
5201,"I would like a refund for the $49 charge for March. Please advise.","BILLING_PAYMENT"
5202,"The project board is very slow and keeps freezing on my MacBook. Thanks.","TECHNICAL_ISSUE"
5203,"I have been overcharged this month, please look into my billing. Thank you.","BILLING_PAYMENT"
5204,"Please add auto save to the notifications panel.","FEATURE_REQUEST"
5205,"Greetings, I need a corrected invoice with our new company address.","BILLING_PAYMENT"
5206,"Hi, Please consider adding a way to set custom roles for team members.","FEATURE_REQUEST"
5207,"Hi team, My changes are not saved, the inbox reverts to the old values.","TECHNICAL_ISSUE"
5208,"Do you support customers based in Nigeria? Thanks a lot.","OTHER"
5209,"Hi there, I would like instructions on how to change my time zone.","HOW_TO_SUPPORT"
5210,"Can you send me an invoice for the $59.99 payment? Regards.","BILLING_PAYMENT"
5211,"The verification step keeps failing when I try to sign in, for two days. Please help.","ACCOUNT_ACCESS"
5212,"It would improve my workflow if I could assign tasks to multiple people. Thanks a lot.","FEATURE_REQUEST"
5213,"The discount promised to me is not reflected on my bill. Thank you.","BILLING_PAYMENT"
5214,"Dear support team, What are your business hours?","OTHER"
5215,"Hey, Please credit my account for the payment error for June.","BILLING_PAYMENT"
5216,"The activation email takes forever to arrive and then it has expired. Thanks.","ACCOUNT_ACCESS"
5217,"Is three a guide that shows how to set my working hours?","HOW_TO_SUPPORT"
5218,"I have a general inquiry that does not fit any of the topics. Thanks.","OTHER"
5219,"Everything on the mobile app is loading extremely slowly since last night.","TECHNICAL_ISSUE"
5220,"Do you support customers based in Japan? Regards","OTHER"
5221,"Is your service available in France? Thank you.","OTHER"
5222,"Add custom filters please, it is missing from the team page. Thank you","FEATURE_REQUEST"
5223,"Hi, My PayPal payment failed but the money left my account.","BILLING_PAYMENT"
5224,"Good morning, Buttons on the team page do not respond when I click them.","TECHNICAL_ISSUE"
5225,"It would be great to have version history in the reports page.","FEATURE_REQUEST"
5226,"Hello, Is your service available in Germany?","OTHER"
5227,"Good morning, Can you tell me more about your privacy policy?","OTHER"
5228,"Hello support, How do I merge duplicate entries?","HOW_TO_SUPPORT"
5229,"I need a receipt for my payment for my annual plan for tax purposes.","BILLING_PAYMENT"
5230,"Good afternoon, Please let us export charts to PowerPoint.","FEATURE_REQUEST"
5231,"hello support, i cannot log in since the latest update.","ACCOUNT_ACCESS"
5232,"Dear support team, The notifications panel does not display anything after the latest update.","TECHNICAL_ISSUE"
5233,"My account was hacked and I cannot log in anymore. Thanks a lot.","ACCOUNT_ACCESS"
5234,"Good morning, The dashboard numbers are wrong and do not match the raw data. Thanks","TECHNICAL_ISSUE"
5235,"Images are not displaying correctly on the settings page in Safari.","TECHNICAL_ISSUE"
5236,"Hello support, Any plans to support Japanese in the interface?","FEATURE_REQUEST"
5237,"Hi there, Login fails on Safari with an authentication failed message.","ACCOUNT_ACCESS"
5238,"There is a bug where the team page shows duplicate entries after I print.","TECHNICAL_ISSUE"
5239,"It would be useful to receive quarterly email digests by email.","FEATURE_REQUEST"
5240,"Please add single sign-on for account security.","FEATURE_REQUEST"
5241,"Images are not displaying correctly on the team page in Chrome.","TECHNICAL_ISSUE"
5242,"Hello support, Can I pay by bank transfer instead of card? My card keeps getting declined. Regards.","BILLING_PAYMENT"
5243,"Hello team, I think I sent this to the wrong place, who is the right contact?","OTHER"
5244,"Hello, After I reset my password the new one is not accepted.","ACCOUNT_ACCESS"
5245,"There is a mistake in my latest invoice, the total does not match the plan price. Please advise.","BILLING_PAYMENT"
5246,"Hello, Can someone explain how to use the inbox?","HOW_TO_SUPPORT"
5247,"I would like a refund for the EUR 15 charge yesterday.","BILLING_PAYMENT"
5248,"I see a spinning loader that never finishes on the notifications panel. Thanks.","TECHNICAL_ISSUE"
5249,"I cannot log in since Monday. Please advise.","ACCOUNT_ACCESS"
5250,"Good afternoon, Why did the price of my annual plan go up? Any help would be appreciated.","BILLING_PAYMENT"
5251,"Dear support team, Do you support customers based in Singapore?","OTHER"
5252,"Hi, The site is down for me, I only see a error 404.","TECHNICAL_ISSUE"
5253,"Hi there, The page keeps refrehsing by itself and I lose what I typed.","TECHNICAL_ISSUE"
5254,"The payment page rejects my card and I cannot renew my Pro plan.","BILLING_PAYMENT"
5255,"Is your sevrice available in Kenya? Thanks in advance.","OTHER"
5256,"Hi there, I am getting a error 500 whenever I open the search page.","TECHNICAL_ISSUE"
5257,"Hi team, The coupon code did not apply at checkout and I was charged the full price.","BILLING_PAYMENT"
5258,"everything works on my computer but the dashboard crashes on my tablet. please help.","TECHNICAL_ISSUE"
5259,"Are you currently hiring?","OTHER"
5260,"Hello, My account is blocked and I need access urgently. Thanks in advance.","ACCOUNT_ACCESS"
5261,"I was charged $99 yesterday but I expected a different amount.","BILLING_PAYMENT"
5262,"Feature request: a calendar view. Please advise","FEATURE_REQUEST"
5263,"Hey, I get a error code 403 when I try to delete on the analytics page.","TECHNICAL_ISSUE"
5264,"Not sure how to restore a deleted file, can you point me to the right help article? Thank you.","HOW_TO_SUPPORT"
5265,"The security code never arrives in my inbox. Thank you.","ACCOUNT_ACCESS"
5266,"Hi team, Can someone contact me about an issue?","OTHER"
5267,"I need help but I am not sure which optoin applies.","OTHER"
5268,"Hello, I wish the settings page had drag and drop.","FEATURE_REQUEST"
5269,"The publish butotn does nothing on the calendar. Thanks in advance.","TECHNICAL_ISSUE"
5270,"Can you send me an invoice for the $29 payment?","BILLING_PAYMENT"
5271,"I get a timeout error when I try to share on the task list.","TECHNICAL_ISSUE"
5272,"I lost my phone and cannot receive the verification code to sign in. Thanks.","ACCOUNT_ACCESS"
5273,"Where do I go in the notifications panel to change my saved filters?","HOW_TO_SUPPORT"
5274,"Hi team, The security code takes forever to arrive and then it has expired.","ACCOUNT_ACCESS"
5275,"Hi, What are your busienss hours? Please help.","OTHER"
5276,"Hello, Is it possible to print a report? I cannot find where.","HOW_TO_SUPPORT"
5277,"Hello support, I lost my phone and cannot receive the verification code to sign in.","ACCOUNT_ACCESS"
5278,"Hello, Account recovery is not working, the SMS code is not being sent.","ACCOUNT_ACCESS"
5279,"Hey, I forgot my password and the reset link says it has expired.","ACCOUNT_ACCESS"
5280,"Hey, I changed my email adrdess and now I cannot access my account.","ACCOUNT_ACCESS"
5281,"I cannot log in after resetting my password. Thanks.","ACCOUNT_ACCESS"
5282,"Is your service available in France? Thanks a lot.","OTHER"
5283,"Hey, I downgraded to the Basic plan but I was still billed the higher price.","BILLING_PAYMENT"
5284,"I would love to see an integration with Google Drive.","FEATURE_REQUEST"
5285,"Hi there, It would improve my workflow if I could assign tasks to multiple people. Please help.","FEATURE_REQUEST"
5286,"Hey, The coupon code did not apply at checkout and I was charged the full price. Thank you.","BILLING_PAYMENT"
5287,"My subscription renewed automatically and I did not want that, please refund me. Thanks.","BILLING_PAYMENT"
5288,"any documentation on how to change the language of the interface?","HOW_TO_SUPPORT"
5289,"I would like to get in touch with the right department. Please advise.","OTHER"
5290,"Good afternoon, Can you recommend which team I should contact for my request?","OTHER"
5291,"Please add support for exporting to XML and also saved views.","FEATURE_REQUEST"
5292,"Can you walk me through how to set my working hours?","HOW_TO_SUPPORT"
5293,"Everything on the workspace is loading extremely slowly for the past few days. Thanks a lot.","TECHNICAL_ISSUE"
5294,"Which menu do I use to set up my workspace for the first time?","HOW_TO_SUPPORT"
5295,"It would be great to have custom themes in the analytics page.","FEATURE_REQUEST"
5296,"Good morning, Suggestion: allow users to assign tasks to multiple people. Please respond soon.","FEATURE_REQUEST"
5297,"I canont log in since Monday. Please help.","ACCOUNT_ACCESS"
5298,"Hello team, After I reset my password the new one is not accepted. Please advise.","ACCOUNT_ACCESS"
5299,"Uploading a CSV file gets stuck at zero percent and never finishes.","TECHNICAL_ISSUE"
5300,"Is your service available in Singapore?","OTHER"
5301,"Please forward this message to the legal department. Thank you.","OTHER"
5302,"Text is cut off and overlapping on the dashboard on my MacBook. Please help.","TECHNICAL_ISSUE"
5303,"What is the easiest way to find my activity history?","HOW_TO_SUPPORT"
5304,"Good morning, There is a mistkae in my latest invoice, the total does not match the plan price.","BILLING_PAYMENT"
5305,"Which page lets me manage my team permissions?","HOW_TO_SUPPORT"
5306,"Hello support, Test message, please ignore.","OTHER"
5307,"Dear support team, Feature request: the ability to schedule reports in advance.","FEATURE_REQUEST"
5308,"Hi, The download link gives a 502 bad gtaeway instead of the file.","TECHNICAL_ISSUE"
5309,"What is the easiest way to restore a deleted file?","HOW_TO_SUPPORT"
5310,"Can someone explain how to use the dashboard? Please help.","HOW_TO_SUPPORT"
5311,"Hi team, The app crashes eevry time I try to delete. Thanks in advance","TECHNICAL_ISSUE"
5312,"Good morning, Video preivews will not play in the task list.","TECHNICAL_ISSUE"
5313,"I am trying to delete a workspace but I cannot find the option. Where is it?","HOW_TO_SUPPORT"
5314,"Hello support, Can you explain how to share a dashboard with a client?","HOW_TO_SUPPORT"
5315,"How do I use the mobile app to create a new project","HOW_TO_SUPPORT"
5316,"Good afternoon, My team would love to have templates. Is it on the roadmap?","FEATURE_REQUEST"
5317,"Hello, I represent a media outlet and want to reach out to the press team.","OTHER"
5318,"Hello, Any documentation on how to share a dashboard with a client?","HOW_TO_SUPPORT"
5319,"Greetings, Can I know more about your service before deciding? Any help would be appreciated.","OTHER"
5320,"Could you tell me how to duplicate a project?","HOW_TO_SUPPORT"
5321,"The profile page shows a 502 bad gateway for the past few days.","TECHNICAL_ISSUE"
5322,"Hi there, It would be nice to have passkey support.","FEATURE_REQUEST"
5323,"Hi there, Can you send me some information abuot what you offer?","OTHER"
5324,"Greetings, Sign in with single sign-on fails and shows an unauthorized message. Please respond soon.","ACCOUNT_ACCESS"
5325,"Could you add an option to export tables as PDF? Thanks.","FEATURE_REQUEST"
5326,"i would like the opiton to use the product without an internet connection in a future release.","FEATURE_REQUEST"
5327,"Good afternoon, Can you send me an invoice for the $59.99 payment? Thank you.","BILLING_PAYMENT"
5328,"Greetings, My account was hacked and I cannot log in anymore. Regards.","ACCOUNT_ACCESS"
5329,"Hey, Uploading a JPEG photo gets stuck at 50 percent and never finishes. Thanks a lot.","TECHNICAL_ISSUE"
5330,"Good afternoon, I would like more information before I create an account. Any help would be appreciated.","OTHER"
5331,"my useranme is not recognized on the login page.","ACCOUNT_ACCESS"
5332,"I am unable to sign in to my account since the latest update. Any help would be appreciated.","ACCOUNT_ACCESS"
5333,"Which menu do I use to print a report?","HOW_TO_SUPPORT"
5334,"I would like to get in touch with the partnerships team.","OTHER"
5335,"Hi team, Everything works on my computer but the notifications panel crashes on my iPad. Thanks.","TECHNICAL_ISSUE"
5336,"Hello support, Data I enteerd yesterday disappeared from the settings page.","TECHNICAL_ISSUE"
5337,"Hello, I was billed $9.99 twice for the same subscription. Thanks a lot.","BILLING_PAYMENT"
5338,"My account is blocked and I have a deadline today.","ACCOUNT_ACCESS"
5339,"hi, i see a spinning loader that neevr finishes on the project board.","TECHNICAL_ISSUE"
5340,"hi, not sure how to set up a recurring report, can you point me to the right help article?","HOW_TO_SUPPORT"
5341,"Hello, Where do I go in the workspace to change my integration settings?","HOW_TO_SUPPORT"
5342,"Text is cut off and overlapping on the notifications panel on my work computer. Please help","TECHNICAL_ISSUE"
5343,"Good morning, The invoice shows the wrong company name, please correct it. Thank you.","BILLING_PAYMENT"
5344,"The invoice shows the wrong company name, please correct it. Please help.","BILLING_PAYMENT"
5345,"Greetings, Please add a GitHub integration, our whole team uses it.","FEATURE_REQUEST"
5346,"It would be great to have auto save in the notifications panel.","FEATURE_REQUEST"
5347,"I cannot log in after resetting my password. Please respond soon.","ACCOUNT_ACCESS"
5348,"Plesae forward this message to the careers team. Thanks a lot.","OTHER"
5349,"It would be great to have custom themes in the profile page.","FEATURE_REQUEST"
5350,"Good afternoon, The exported CSV file is corrupted and cannot be opened. Please help.","TECHNICAL_ISSUE"
5351,"Please consider adding a way to add custom fields to every project","FEATURE_REQUEST"
5352,"Dear support team, How do I use the reports page to link my account to Slack?","HOW_TO_SUPPORT"
5353,"Please let us export project lists to Google Sheets. Please advise.","FEATURE_REQUEST"
5354,"the task list does not display anything after the latest update.","TECHNICAL_ISSUE"
5355,"Can you help me regain access to my account? I have a deadline today. Please help.","ACCOUNT_ACCESS"
5356,"Dear support team, The two-factor code is rejected every time I try to sign in.","ACCOUNT_ACCESS"
5357,"Can you recommend which team I should contact for my request? Thanks in advance.","OTHER"
5358,"my account is frozen and i have a deadline today.","ACCOUNT_ACCESS"
5359,"The website does not work properly in Safari, but it is fine in another browser.","TECHNICAL_ISSUE"
5360,"Hi, Is there someone I can meet in person to talk about your product?","OTHER"
5361,"I cannot log into my account, it says the eamil address is not registered but I have used it before. Thanks.","ACCOUNT_ACCESS"
5362,"Good afternoon, My card was charged twice this week.","BILLING_PAYMENT"
5363,"Everything works on my computer but the reports page crashes on my iPad. Let me know what to do.","TECHNICAL_ISSUE"
5364,"It wolud be great to have a compact layout in the admin console.","FEATURE_REQUEST"
5365,"Could you tell me how to change my password from the settings page?","HOW_TO_SUPPORT"
5366,"My account has been blocked and I do not know why. Please help.","ACCOUNT_ACCESS"
5367,"Greetings, Can you tell me more about your privacy policy? Please help.","OTHER"
5368,"Pelase get back to me when you can, I have a few questions. Regards.","OTHER"
5369,"The delete button does nothing on the admin console.","TECHNICAL_ISSUE"
5370,"Hey, It would be useful to receive daily progress reports by email.","FEATURE_REQUEST"
5371,"which menu do i use to add a new team member? any help would be appreciated.","HOW_TO_SUPPORT"
5372,"Hi team, My changes are not saved, the mobile app reverts to the old values","TECHNICAL_ISSUE"
5373,"I would like to get in touch with the legal department. Let me know what to do.","OTHER"
5374,"I keep getitng an invalid password message even though I am typing it correctly.","ACCOUNT_ACCESS"
5375,"Hello team, The autosave is broken and my work was lost since this morning.","TECHNICAL_ISSUE"
5376,"Good afternoon, Charts on the project board do not load","TECHNICAL_ISSUE"
5377,"Hi, Any documentation on how to change the language of the interface? Please respond soon.","HOW_TO_SUPPORT"
5378,"I am unable to sign in to my account since this morning. Thank you.","ACCOUNT_ACCESS"
5379,"Hello, Can you explain how to pin a dashboard as my home page?","HOW_TO_SUPPORT"
5380,"Dear support team, I never received the confrimation email, I already checked my spam folder.","ACCOUNT_ACCESS"
5381,"how do i pin a dashboard as my home page?","HOW_TO_SUPPORT"
5382,"Hi, Can you send me some information about what you offer? Thanks in advance.","OTHER"
5383,"It would be great to have a search bar in the task list. Regards.","FEATURE_REQUEST"
5384,"Good afternoon, My PayPal payment failed but the money left my account.","BILLING_PAYMENT"
5385,"Dear support team, My session logs me out immediately after I sign in.","ACCOUNT_ACCESS"
5386,"I am a student wokring on a school project about your product, who can I talk to? Thanks in advance.","OTHER"
5387,"It would be great to have a search bar in the workspace.","FEATURE_REQUEST"
5388,"Hello, Please get back to me when you can, I have a few questions. Please advise.","OTHER"
5389,"The payment page rejects my card and I cannot renew my Basic plan. Regards.","BILLING_PAYMENT"
5390,"Hi there, Test message, please ignore. Thanks a lot.","OTHER"
5391,"Good afternoon, I lost my phone and cannot receive the verification code to sign in.","ACCOUNT_ACCESS"
5392,"What is the easiest way to transfer ownership of a workspace? Let me know what to do.","HOW_TO_SUPPORT"
5393,"i am not able to log in from my tbalet but it works on my computer. thanks in advance.","ACCOUNT_ACCESS"
5394,"My paymnet keeps failing at checkout even though my card is valid.","BILLING_PAYMENT"
5395,"Can somoene explain how to use the team page?","HOW_TO_SUPPORT"
5396,"Dear support team, I need to talk to someone but I do not know what to select. Let me know what to do.","OTHER"
5397,"Could someone give me an overview of what your company does? Let me know what to do.","OTHER"
5398,"Hello, Do you have a tutorial on how to change my time zone?","HOW_TO_SUPPORT"
5399,"Hello support, Login fails on Brave with an authentication failed message. Thank you.","ACCOUNT_ACCESS"
5400,"Hello team, I would love to see an integration with Google Drive.","FEATURE_REQUEST"
5401,"I cannot log in on my tablet. Thanks a lot.","ACCOUNT_ACCESS"
5402,"I forgot my password and the reset link says it has expired. Regards.","ACCOUNT_ACCESS"
5403,"Dear support team, I was billed EUR 15 twice for the same subscription.","BILLING_PAYMENT"
5404,"The SMS code never arrives in my inbox.","ACCOUNT_ACCESS"
5405,"It would improve my workflow if I could sort the list by multiple columns. Thank you.","FEATURE_REQUEST"
5406,"Hey, File uploads stay stuck at zero percent.","TECHNICAL_ISSUE"
5407,"Hi, Any documentation on how to export my data?","HOW_TO_SUPPORT"
5408,"Feature request: templates. Regards","FEATURE_REQUEST"
5409,"We really need saved views on the analytics page, please consider it.","FEATURE_REQUEST"
5410,"Do you offer any events or webinars? Thank you.","OTHER"
5411,"Hi there, Please fowrard this message to the careers team.","OTHER"
5412,"Could you tell me how to update my profile picture?","HOW_TO_SUPPORT"
5413,"Hi, I lost my phone and cannot receive the verification code to sign in.","ACCOUNT_ACCESS"
5414,"How do I use the analytics page to transfer ownership of a workspace?","HOW_TO_SUPPORT"
5415,"hi, i saw your ad and want to learn more. thank you.","OTHER"
5416,"hi team, my account has been locked and i do not know why.","ACCOUNT_ACCESS"
5417,"The export button does nothing on the billing page. Thanks a lot.","TECHNICAL_ISSUE"
5418,"Hello, I would like to get in touch with the rgiht department. Thanks in advance","OTHER"
5419,"How do I use the billing page to set my working hours?","HOW_TO_SUPPORT"
5420,"Please show me how to print a report. Thank you.","HOW_TO_SUPPORT"
5421,"Is your serivce available in Australia?","OTHER"
5422,"Greetings, Can you send me an invoice for the $9.99 payment?","BILLING_PAYMENT"
5423,"Any plans to support Arabic in the interface? Please advise.","FEATURE_REQUEST"
5424,"greetings, can you send me some information about what you offer?","OTHER"
5425,"Hi there, My payment was successful but my subscription is still inactive.","BILLING_PAYMENT"
5426,"Please credit my account for the payment error last month. Thank you.","BILLING_PAYMENT"
5427,"Is it possible to turn on email alerts? I cannot find where.","HOW_TO_SUPPORT"
5428,"Hey, There is a mistake in my latest invoice, the total does not match the plan price. Thanks.","BILLING_PAYMENT"
5429,"Dear support team, I downgraded to the Business plan but I was still billed the higher price.","BILLING_PAYMENT"
5430,"Is your service available in Nigeria?","OTHER"
5431,"Hey, It would be great if we could use the product without an internet connection. Thanks in advance.","FEATURE_REQUEST"
5432,"Hello support, The security code never arrives in my inbox.","ACCOUNT_ACCESS"
5433,"Please add Hindi language support. Please advise.","FEATURE_REQUEST"
5434,"Whree is your company located?","OTHER"
5435,"Hi, Why did the price of my Basic plan go up? Thank you.","BILLING_PAYMENT"
5436,"Greetings, Can you help me regain access to my account? I need access urgently.","ACCOUNT_ACCESS"
5437,"Hey, Are you currently hiring? Please advise.","OTHER"
5438,"Dear support team, I am getting a blank white screen whenever I open the inbox. Regards.","TECHNICAL_ISSUE"
5439,"Dear support team, I am getting a error 500 whenever I open the admin console","TECHNICAL_ISSUE"
5440,"Text is cut off and overlapping on the analytics page on my Linux machine.","TECHNICAL_ISSUE"
5441,"I would like a refund for the $59.99 charge for my annual plan. Regards.","BILLING_PAYMENT"
5442,"Can you walk me through how to change my time zone? Thank you.","HOW_TO_SUPPORT"
5443,"It would be great to have drag and drop in the inbox.","FEATURE_REQUEST"
5444,"Good afternoon, Can you help me regain access to my account? I cannot do my work.","ACCOUNT_ACCESS"
5445,"Greetings, It would be great to have saved views in the settings page.","FEATURE_REQUEST"
5446,"Is your service available in India?","OTHER"
5447,"I get an access denied message when I try to open my workspace. Thanks in advance.","ACCOUNT_ACCESS"
5448,"Good afternoon, I cannot sign in with my Google account anymore. Thank you.","ACCOUNT_ACCESS"
5449,"Hi, My session logs me out immediately after I sign in.","ACCOUNT_ACCESS"
5450,"Can you send me an invocie for the $29 payment? Thanks in advance.","BILLING_PAYMENT"
5451,"Hello team, Can you explain how to link my account to Slack?","HOW_TO_SUPPORT"
5452,"Greetings, Could you add a favorites list to the reports page?","FEATURE_REQUEST"
5453,"The refresh button does nothing on the analytics page.","TECHNICAL_ISSUE"
5454,"We really need a favorites list on the admin console, please consider it.","FEATURE_REQUEST"
5455,"I was charged $29 for March but I expected a different amount. Please advise","BILLING_PAYMENT"
5456,"It would be great to have custom themes in the inbox.","FEATURE_REQUEST"
5457,"Hello team, Do you support customers based in Kenya?","OTHER"
5458,"Greetings, Which page lets me manage my workspace name?","HOW_TO_SUPPORT"
5459,"Hi team, I am unable to sign in to my account since this morning.","ACCOUNT_ACCESS"
5460,"Hi team, I am not able to log in from my Android phone but it works on my computer. Thanks a lot.","ACCOUNT_ACCESS"
5461,"I got charged in the wrong currency for my Team plan. Regards","BILLING_PAYMENT"
5462,"Hi there, Login fails on Brave with an authentication failed message.","ACCOUNT_ACCESS"
5463,"Hello support, Sign in with single sign-on fails and shwos an unauthorized message. Let me know what to do.","ACCOUNT_ACCESS"
5464,"Hello team, I would like to speak with a sales represetnative about enterprise options","OTHER"
5465,"Do you have a tutorial on how to add a new team member?","HOW_TO_SUPPORT"
5466,"Hello team, My card was charged three times last month.","BILLING_PAYMENT"
5467,"Good morning, Any documentation on how to change the language of the interface?","HOW_TO_SUPPORT"
5468,"My card was charged three times for my annual plan. Thanks.","BILLING_PAYMENT"
5469,"Dear support team, There is a bug where the billing page shows duplicate entries after I submit.","TECHNICAL_ISSUE"
5470,"My account was hacked and I cannot log in anymore.","ACCOUNT_ACCESS"
5471,"The app freezes when I try to import a large PNG image. Any help would be appreciated.","TECHNICAL_ISSUE"
5472,"Hi, I am getting a messgae that my account is temporarily locked, please help me get in.","ACCOUNT_ACCESS"
5473,"I would like a refund for the $14 charge yesterday.","BILLING_PAYMENT"
5474,"Hello, I cancelled my subscription weeks ago and you still took money from my account.","BILLING_PAYMENT"
5475,"Dear support team, Please add support for exporting to JSON and also custom themes.","FEATURE_REQUEST"
5476,"Hi there, Do you offer any events or webinars? Thanks in advance","OTHER"
5477,"good morning, do you offer any events or webinars?","OTHER"
5478,"I am a student working on a school projcet about your product, who can I talk to? Please respond soon.","OTHER"
5479,"Greetings, I have some questions about your company before I proceed. Please advise.","OTHER"
5480,"What are the steps to set up my workspace for the first time?","HOW_TO_SUPPORT"
5481,"I upgraded my plan but the charge shows the wrong amount. Please respond soon.","BILLING_PAYMENT"
5482,"Could you tell me how to make a teammtae an admin? Please respond soon.","HOW_TO_SUPPORT"
5483,"please add passkey support for account security. please respond soon.","FEATURE_REQUEST"
5484,"Hello support, Login fails on Edge with an authentication failed message. Thanks in advance.","ACCOUNT_ACCESS"
5485,"Hello team, It would be helpful if the workspace supported a compact layout.","FEATURE_REQUEST"
5486,"Hi there, I was charged EUR 15 for June but I expected a different amount.","BILLING_PAYMENT"
5487,"My bank shows a pending charge of $149 that I do not recognize. Please advise.","BILLING_PAYMENT"
5488,"The calendar becomes blank when I upload a Word document.","TECHNICAL_ISSUE"
5489,"How do I use the team page to link my account to Slack?","HOW_TO_SUPPORT"
5490,"Hello, is anyone there? Please advise.","OTHER"
5491,"Hello, How do I merge duplicate entries","HOW_TO_SUPPORT"
5492,"I have a quesiton about your service.","OTHER"
5493,"Hello, Test message, please ignore. Thank you.","OTHER"
5494,"Hello team, Can you send me an invoice for the $14 payment","BILLING_PAYMENT"
5495,"Dear support team, My account was hacked and I cannot log in anymore.","ACCOUNT_ACCESS"
5496,"Hello support, I downgraded to the monthly plan but I was still billed the higher price. Thanks a lot.","BILLING_PAYMENT"
5497,"hello team, i cannot log in on my windows laptop. thanks.","ACCOUNT_ACCESS"
5498,"How can I share a dashboard with a client?","HOW_TO_SUPPORT"
5499,"What are the steps to remove a user from my team?","HOW_TO_SUPPORT"
5500,"Good afternoon, Please add a Dropbox integration, our whole team uses it.","FEATURE_REQUEST"
5501,"good afternoon, can you explain how to rename a project? please respond soon.","HOW_TO_SUPPORT"
5502,"Which menu do I use to use filetrs on the dashboard?","HOW_TO_SUPPORT"
5503,"The sync button does nothing on the task list. Thank you.","TECHNICAL_ISSUE"
5504,"Please add dark mode to the dashboard. Please help","FEATURE_REQUEST"
5505,"The page keeps refreshing by itself and I lose what I typed. Please advise.","TECHNICAL_ISSUE"
5506,"Greetings, Notifications are not being delivered to my phone.","TECHNICAL_ISSUE"
5507,"Why is my account blocked? I need it restored as soon as possible.","ACCOUNT_ACCESS"
5508,"Hello team, Feature request: the ability to schedule reports in advance.","FEATURE_REQUEST"
5509,"How do I transfer ownership of a workspace?","HOW_TO_SUPPORT"
5510,"Greetings, I need help but I am not sure which optoin applies.","OTHER"
5511,"Hi there, The app crashes every time I try to upload.","TECHNICAL_ISSUE"
5512,"Hi there, My changes are not saved, the team page reverts to the old values.","TECHNICAL_ISSUE"
5513,"We really need keyboard shortcuts on the search page, please consider it.","FEATURE_REQUEST"
5514,"I cannot log into my account, it says the email address is not registered but I have used it before. Please respond soon","ACCOUNT_ACCESS"
5515,"Please stop future charges to my card and cancel my subscription. Please help.","BILLING_PAYMENT"
5516,"Just started using the product, need to know how to set my working hours.","HOW_TO_SUPPORT"
5517,"Would it be possible to pin important items to the top? That would save us a lot of time. Please help.","FEATURE_REQUEST"
5518,"Dear support team, Could you tell me how to add a new team member?","HOW_TO_SUPPORT"
5519,"Hello support, Suggestion: allow users to see who viewed a shared report. Any help would be appreciated.","FEATURE_REQUEST"
5520,"hello team, i cannot log in after turning on two-factor authentication.","ACCOUNT_ACCESS"
5521,"Please refund my last payment, I did not use the srevice at all.","BILLING_PAYMENT"
5522,"Hello, The activation email takes forever to arrive and then it has expired.","ACCOUNT_ACCESS"
5523,"Charts on the calendar do not load.","TECHNICAL_ISSUE"
5524,"Hi team, My subscription renewed automatically and I did not want that, please refund me.","BILLING_PAYMENT"
5525,"Hi, Please add saved views to the inbox.","FEATURE_REQUEST"
5526,"It would be great to have version history in the dashboard.","FEATURE_REQUEST"
5527,"Hi there, The login page keeps redirecting me back to the sign in screen.","ACCOUNT_ACCESS"
5528,"Hi there, I get an access denied message when I try to open my workspace.","ACCOUNT_ACCESS"
5529,"Hey, I got charged in the wrong currency for my monthly plan. Thanks.","BILLING_PAYMENT"
5530,"Hello team, A pop up with a error 500 appears every time I try to export.","TECHNICAL_ISSUE"
5531,"good morning, the app crashes every time i try to share.","TECHNICAL_ISSUE"
5532,"Good afternoon, What are the steps to rename a project? Thanks a lot.","HOW_TO_SUPPORT"
5533,"Hi team, I would like a refund for the $9.99 charge for my annual plan.","BILLING_PAYMENT"
5534,"Any plans to support French in the interface?","FEATURE_REQUEST"
5535,"Dear support team, I want to report something that does not fit any category.","OTHER"
5536,"i cannot access my search page because it says i do not have permission.","ACCOUNT_ACCESS"
5537,"Good afternoon, Please send daily usage summaries to my inbox automatically, it would help a lot","FEATURE_REQUEST"
5538,"Hello, Could you add an option to export charts as PowerPoint?","FEATURE_REQUEST"
5539,"Hi, Could you please implement passkey support in a coming update?","FEATURE_REQUEST"
5540,"My account is suspended and I need access urgently.","ACCOUNT_ACCESS"
5541,"Hi team, The site is down for me, I only see a 502 bad gateway. Please help","TECHNICAL_ISSUE"
5542,"The system says the video file format is not supported even though it is valid.","TECHNICAL_ISSUE"
5543,"The calendar shows a timeout error an hour ago.","TECHNICAL_ISSUE"
5544,"I would like the option to tag items with labels in a future release. Regards.","FEATURE_REQUEST"
5545,"I am not sure who to ask aobut this. Let me know what to do.","OTHER"
5546,"Test message, pelase ignore. Thanks a lot.","OTHER"
5547,"Hello team, Everything on the calendar is loading extremely slowly since Monday.","TECHNICAL_ISSUE"
5548,"Hey, Please credit my account for the payment error for my annual plan.","BILLING_PAYMENT"
5549,"Hello support, I was charged for extra seats that I did not add.","BILLING_PAYMENT"
5550,"Hello support, The page shows an unexpected generic error message when I save my profile.","TECHNICAL_ISSUE"
5551,"Hey, My PayPal payment failed but the money left my account.","BILLING_PAYMENT"
5552,"Hello support, I would like a refund for the $29 charge on the first of the month.","BILLING_PAYMENT"
5553,"Dear support team, The wbesite does not work properly in Chrome, but it is fine in another browser.","TECHNICAL_ISSUE"
5554,"Would you consider adding a Salesforce connection to your product?","FEATURE_REQUEST"
5555,"Hey, Why was I billed $59.99 when my plan should be cheaper? Thanks a lot.","BILLING_PAYMENT"
5556,"Hello support, I cannot log in after the latest update.","ACCOUNT_ACCESS"
5557,"Hello, Can you recommend which team I should contact for my request? Any help would be appreciated.","OTHER"
5558,"Good afternoon, I have a general inquiry that does not fit any of the topics.","OTHER"
5559,"Hello, Would you consider adding a Slack connection to your product?","FEATURE_REQUEST"
5560,"please add a kanban view to the search page.","FEATURE_REQUEST"
5561,"hello team, i cancelled my subscription weeks ago and you still took money from my account.","BILLING_PAYMENT"
5562,"Please add support for exporting to CSV and also version history","FEATURE_REQUEST"
5563,"dear support team, the verification step keeps failing when i try to sign in, since last night. let me know what to do.","ACCOUNT_ACCESS"
5564,"We really need a calendar view on the project board, please consider it.","FEATURE_REQUEST"
5565,"Hello support, Please reset my account access, I cannot get past the login screen.","ACCOUNT_ACCESS"
5566,"Which page lets me manage my integration settings? Thanks.","HOW_TO_SUPPORT"
5567,"i cannot log in after changing my email address. regards.","ACCOUNT_ACCESS"
5568,"Hey, Please refund my last payment, I did not use the service at all.","BILLING_PAYMENT"
5569,"How can I change my time zone?","HOW_TO_SUPPORT"
5570,"Hi team, The system says the ZIP file format is not supported even though it is valid.","TECHNICAL_ISSUE"
5571,"Video previews will not play in the task list.","TECHNICAL_ISSUE"
5572,"Uploading a PNG image gets stuck at 50 percent and never finishes.","TECHNICAL_ISSUE"
5573,"Good afternoon, The receipt email for my payment never arrived. Please advise.","BILLING_PAYMENT"
5574,"I would like a refund for the $149 charge this quarter. Thanks.","BILLING_PAYMENT"
5575,"I would like the option to pin important items to the top in a future release.","FEATURE_REQUEST"
5576,"Which menu do I use to print a report? Regards","HOW_TO_SUPPORT"
5577,"It would be helpful if the dashboard supported an undo button. Thanks in advance.","FEATURE_REQUEST"
5578,"Greetings, Please stop future charges to my card and cancel my subscription.","BILLING_PAYMENT"
5579,"Would you consider adding a Outlook connection to your product? Thanks a lot.","FEATURE_REQUEST"
5580,"Would you consider adding a Slack connection to your product?","FEATURE_REQUEST"
5581,"Can you send me an invoice for the $24.99 payment? Please respond soon.","BILLING_PAYMENT"
5582,"Hey, The reset link does nothing when I click it. Let me know what to do.","ACCOUNT_ACCESS"
5583,"Please let us export tables to PDF.","FEATURE_REQUEST"
5584,"What are your business hours? Thanks in advance.","OTHER"
5585,"Hello team, The login page keeps redirecting me back to the sign in screen. Please respond soon.","ACCOUNT_ACCESS"
5586,"Thank you for your help, everything is fine now. Thanks a lot.","OTHER"
5587,"Hello support, I would like to speak with a sales representative about enterprise options","OTHER"
5588,"It would improve my workflow if I could schedule reports in advance. Please advise.","FEATURE_REQUEST"
5589,"Hi team, I would like to speak with a sales representative about enterprise options.","OTHER"
5590,"There is an unknown charge of $9.99 from your company on my bank statement.","BILLING_PAYMENT"
5591,"I cancelled my subscription weeks ago and you still took money from my account. Thanks in advance.","BILLING_PAYMENT"
5592,"Good morning, The page never finishes loading and only shows a something went wrong message. Thanks a lot.","TECHNICAL_ISSUE"
5593,"Greetings, How do I use the mobile app to set up a recurring report?","HOW_TO_SUPPORT"
5594,"Which page lets me manage my report templates?","HOW_TO_SUPPORT"
5595,"Are you currently hiring? Thank you.","OTHER"
5596,"Hi team, My team would love to have auto save. Is it on the roadmap?","FEATURE_REQUEST"
5597,"Greetings, Please forward this message to your press team. Please respond soon.","OTHER"
5598,"Buttons on the settings page do not respond when I click them.","TECHNICAL_ISSUE"
5599,"It would be helpful if the task list supported custom filters.","FEATURE_REQUEST"
5600,"Hello support, Could you tell me how to delete a workspace? Let me know what to do.","HOW_TO_SUPPORT"
5601,"Where do I go in the search page to change my team permissions? Thanks a lot","HOW_TO_SUPPORT"
5602,"Please add a Microsoft Teams integration, our whole team uses it.","FEATURE_REQUEST"
5603,"Dear support team, Unable to sign in on Opera, it just keeps reloading the login page.","ACCOUNT_ACCESS"
5604,"The login page keeps redirecting me back to the sign in screen. Please respond soon.","ACCOUNT_ACCESS"
5605,"I am getting a message that my account is temporarily locked, please help me get in. Thanks a lot.","ACCOUNT_ACCESS"
5606,"Good afternoon, I am unable to sign in to my account since yesterday.","ACCOUNT_ACCESS"
5607,"Is there a guide that shows how to upload a company logo?","HOW_TO_SUPPORT"
5608,"Login fails on Opera with an authentication failed message. Thank you.","ACCOUNT_ACCESS"
5609,"Hello team, I have been overcharged this week, please look into my billing","BILLING_PAYMENT"
5610,"Hello support, My card was charged three times this week.","BILLING_PAYMENT"
5611,"My changes are not saved, the project board reverts to the old values.","TECHNICAL_ISSUE"
5612,"The page keeps refreshing by itself and I lose what I typed. Please help.","TECHNICAL_ISSUE"
5613,"The password reset email never arrives in my inbox. Thank you.","ACCOUNT_ACCESS"
5614,"Hey, An option for version history would make the product much better.","FEATURE_REQUEST"
5615,"Viedo previews will not play in the inbox. Let me know what to do.","TECHNICAL_ISSUE"
5616,"Is it possible to find my activity history? I cannot find where","HOW_TO_SUPPORT"
5617,"Good morning, Unable to sign in on Opera, it just keeps reloading the login page. Let me know what to do.","ACCOUNT_ACCESS"
5618,"Greetings, Everything on the reports page is loading extremely slowly an hour ago.","TECHNICAL_ISSUE"
5619,"The confirmation email never arrives in my inbox.","ACCOUNT_ACCESS"
5620,"Hello support, Can someone contact me about an issue? Please advise.","OTHER"
5621,"Good morning, I cannot access my admin console because it says I do not have permission.","ACCOUNT_ACCESS"
5622,"Good afternoon, What are the steps to change the date format","HOW_TO_SUPPORT"
5623,"It would be useful to receive daily activity reports by email.","FEATURE_REQUEST"
5624,"Could you add an option to export contact lists as Google Sheets?","FEATURE_REQUEST"
5625,"Hello support, Do you offer any events or webinars? Thank you.","OTHER"
5626,"My changes are not saved, the billing page reverts to the old values. Regards.","TECHNICAL_ISSUE"
5627,"I cannot recover my account because the security questions are not working. Thanks in advance.","ACCOUNT_ACCESS"
5628,"Video previews will not play in the settings page. Please help.","TECHNICAL_ISSUE"
5629,"Hello, I want to leave general feedback about my experience.","OTHER"
5630,"My changes are not saved, the workspace reverts to the old values.","TECHNICAL_ISSUE"
5631,"Hello team, How did your company start? I am curious.","OTHER"
5632,"Hello support, I would like instructions on how to turn on email alerts.","HOW_TO_SUPPORT"
5633,"Good afternoon, I think I sent this to the wrong place, who is the right contact?","OTHER"
5634,"I got charged in the wrong currency for my Team plan.","BILLING_PAYMENT"
5635,"Do you support customers based in Germany","OTHER"
5636,"The invoice shows the wrong company name, please corrcet it.","BILLING_PAYMENT"
5637,"Uploading a PDF gets stuck at zero percent and never finishes.","TECHNICAL_ISSUE"
5638,"Hey, Add a kanban view please, it is missing from the search page","FEATURE_REQUEST"
5639,"Can you recommend which team I should contact for my request? Please advise","OTHER"
5640,"My team wolud love to have saved views. Is it on the roadmap?","FEATURE_REQUEST"
5641,"Good morning, The autosave is broken and my work was lost for two days.","TECHNICAL_ISSUE"
5642,"I downgraded to the annual plan but I was still billed the higher price. Thanks.","BILLING_PAYMENT"
5643,"Could you add a search bar to the workspace? Please respond soon.","FEATURE_REQUEST"
5644,"It would be great if we could assign tasks to multiple people. Thanks a lot.","FEATURE_REQUEST"
5645,"Hello support, Could you please implement passkey support in a coming update?","FEATURE_REQUEST"
5646,"Greetings, Where is your company located?","OTHER"
5647,"I saw your ad and want to learn more. Regards.","OTHER"
5648,"Please add a Dropbox integration, our whole team uses it.","FEATURE_REQUEST"
5649,"Can you walk me through how to remove a user from my team?","HOW_TO_SUPPORT"
5650,"Hi there, I got a new phone and my authenticator app no longer works, so I cannot log in.","ACCOUNT_ACCESS"
5651,"The search page is very slow and keeps freezing on my iPad. Thanks in advance.","TECHNICAL_ISSUE"
5652,"Greetings, The receipt email for my payment never arrived","BILLING_PAYMENT"
5653,"hey, i have a general inquiry that does not fit any of the topics.","OTHER"
5654,"Everything works on my computer but the inbox crashes on my Windows laptop. Thanks.","TECHNICAL_ISSUE"
5655,"The login code never arrives in my inbox.","ACCOUNT_ACCESS"
5656,"I would like instructions on how to update my profile picture.","HOW_TO_SUPPORT"
5657,"Can you send me some inforamtion about what you offer?","OTHER"
5658,"Hello support, There is an unknown charge of EUR 39 from your company on my bank statement.","BILLING_PAYMENT"
5659,"My invitation link to join the team does not let me sign in. Regards.","ACCOUNT_ACCESS"
5660,"I wish the notifications panel had custom themes.","FEATURE_REQUEST"
5661,"Good morning, Thnak you for your help, everything is fine now.","OTHER"
5662,"Is your service available in Germany? Thanks in advance.","OTHER"
5663,"Good afternoon, Hello, is anyone there? Let me know what to do.","OTHER"
5664,"Greetings, The application crashes when I click refresh. Please advise.","TECHNICAL_ISSUE"
5665,"Data I entered yesterday disappeared from the calendar. Please respond soon.","TECHNICAL_ISSUE"
5666,"I was charged after my free trial edned without any reminder.","BILLING_PAYMENT"
5667,"Hello, I am not able to log in from my work computer but it works on my computer. Regards.","ACCOUNT_ACCESS"
5668,"Good afternoon, The verification step keeps failing when I try to sign in, for two days.","ACCOUNT_ACCESS"
5669,"Hello, Images are not displaying correctly on the billing page in Firefox.","TECHNICAL_ISSUE"
5670,"Dear support team, What are the steps to use filters on the dashboard?","HOW_TO_SUPPORT"
5671,"Which menu do I use to connect my calendar? Thank you.","HOW_TO_SUPPORT"
5672,"Would it be possible to customize the dashboard layout? That would save us a lot of time.","FEATURE_REQUEST"
5673,"I would like to get in touch with a manager. Regards.","OTHER"
5674,"Login fails on Edge with an authentication failed message. Please help.","ACCOUNT_ACCESS"
5675,"Are you planning to release a kanban view in the future? Please respond soon.","FEATURE_REQUEST"
5676,"Can you recmomend which team I should contact for my request?","OTHER"
5677,"the submit button does nothing on the task list.","TECHNICAL_ISSUE"
5678,"Dear support team, Unable to sign in on Firefox, it just keeps reloading the login page. Regards.","ACCOUNT_ACCESS"
5679,"Hi team, I cannot log into my account, it says the email address is not registered but I have used it before. Please respond soon.","ACCOUNT_ACCESS"
5680,"Data I entered yesterday disappeared from the mobile app. Let me know what to do.","TECHNICAL_ISSUE"
5681,"Hey, I cannot log in after resetting my password. Thanks.","ACCOUNT_ACCESS"
5682,"Do you have a tutorial on how to add a comment to a task?","HOW_TO_SUPPORT"
5683,"My credit card was declined but my bank says there is no problem. Thanks a lot.","BILLING_PAYMENT"
5684,"I downgraded to the Premium plan but I was still billed the higher price. Please respond soon.","BILLING_PAYMENT"
5685,"Good afternoon, My card was charged three times for June","BILLING_PAYMENT"
5686,"An option for auto save would make the product much better. Regards.","FEATURE_REQUEST"
5687,"Good morning, Can you send me an invoice for the $29 payment?","BILLING_PAYMENT"
5688,"What are your busienss hours?","OTHER"
5689,"Good afternoon, Why is my account deactivated? I have a deadline today.","ACCOUNT_ACCESS"
5690,"Is it possible to create a custom report? I cannot find where.","HOW_TO_SUPPORT"
5691,"Please add a Jira integration, our whole team uses it.","FEATURE_REQUEST"
5692,"Hi there, Login fails on Safari with an authentication failed message. Thanks a lot.","ACCOUNT_ACCESS"
5693,"Hi there, It would be great if we could attach several files at once.","FEATURE_REQUEST"
5694,"Hello support, The admin console is very slow and keeps freezing on my tablet","TECHNICAL_ISSUE"
5695,"Could you add an option to export project lists as XML?","FEATURE_REQUEST"
5696,"Good afternoon, Please stop future charges to my card and cancel my subscription. Please respond soon","BILLING_PAYMENT"
5697,"I cannot log in after turning on two-factor authentication. Please respond soon.","ACCOUNT_ACCESS"
5698,"Greetings, I cannot log into my account, it says the email address is not registered but I have used it before.","ACCOUNT_ACCESS"
5699,"How do I use the admin console to assign a task to a colleague? Please advise.","HOW_TO_SUPPORT"
5700,"Where do I go in the reports page to change my notification settings?","HOW_TO_SUPPORT"
5701,"Hi there, Charts on the dashboard do not load. Any help would be appreciated.","TECHNICAL_ISSUE"
5702,"I need a receipt for my payment for March for tax purposes. Please advise","BILLING_PAYMENT"
5703,"Hello support, Do you supoprt customers based in South Africa?","OTHER"
5704,"Good afternoon, Is there a guide that shows how to download a report?","HOW_TO_SUPPORT"
5705,"The team page does not display anything after the latest update. Any help would be appreciated.","TECHNICAL_ISSUE"
5706,"Good afternoon, My renewal payment failed and now my subscription shows as past due.","BILLING_PAYMENT"
5707,"Good morning, Can you help me regain access to my account? I need it restored as soon as possible","ACCOUNT_ACCESS"
5708,"Hi, An option for an undo button would make the product much better. Thanks in advance.","FEATURE_REQUEST"
5709,"Good afternoon, I do not have access to my old email address and need to recover my account.","ACCOUNT_ACCESS"
5710,"Hello support, Why was I billed GBP 12 when my plan should be cheaper?","BILLING_PAYMENT"
5711,"Hey, I need a receipt for my payment for Mrach for tax purposes.","BILLING_PAYMENT"
5712,"Thanks for the gerat support last week! Thanks in advance.","OTHER"
5713,"Plaese reset my account access, I cannot get past the login screen.","ACCOUNT_ACCESS"
5714,"Do you support customers based in France? Please help.","OTHER"
5715,"The export button does nothing on the proflie page","TECHNICAL_ISSUE"
5716,"Hi there, The verification email never arrives in my inbox. Thanks.","ACCOUNT_ACCESS"
5717,"Greetings, My account is suspended and I need to get in rgiht now.","ACCOUNT_ACCESS"
5718,"I would like a refund for the EUR 15 charge this quarter. Please help.","BILLING_PAYMENT"
5719,"The page never finishes loading and only shows a error code 403.","TECHNICAL_ISSUE"
5720,"Hello, It would be nice to have biometric login.","FEATURE_REQUEST"
5721,"My team would love to have a calendar view. Is it on the roadmap? Let me know what to do.","FEATURE_REQUEST"
5722,"How do I use the admin console to add a new team member?","HOW_TO_SUPPORT"
5723,"Please show me how to set up a recurring report. Thank you","HOW_TO_SUPPORT"
5724,"How do I export my data?","HOW_TO_SUPPORT"
5725,"Hi there, The integration keeps disconnecting and shows an error each time.","TECHNICAL_ISSUE"
5726,"Good afternoon, Feature request: the ability to duplicate an entire project.","FEATURE_REQUEST"
5727,"Hi, Just started using the product, need to know how to invite a member to my workspace","HOW_TO_SUPPORT"
5728,"It would be useful to receive monthly team updates by email. Please respond soon.","FEATURE_REQUEST"
5729,"What are the steps to pin a dashboard as my home page?","HOW_TO_SUPPORT"
5730,"Hi there, Feature request: auto save","FEATURE_REQUEST"
5731,"Good afternoon, I would like to speak with a sales representative about enterprise options. Thanks in advance.","OTHER"
5732,"Hello team, I cannot log in since last night.","ACCOUNT_ACCESS"
5733,"Good afternoon, Please let us export charts to Excel.","FEATURE_REQUEST"
5734,"Why is my account disabled? I need access urgently. Please advise.","ACCOUNT_ACCESS"
5735,"Can I know more about your service before deciding? Let me know what to do.","OTHER"
5736,"Good morning, What are the steps to change my time zone? Any help would be appreciated.","HOW_TO_SUPPORT"
5737,"I would like to know who I should contact regarding a collaboration. Please respond soon.","OTHER"
5738,"Dear support team, The exported spreadsheet is corrupted and cannot be opened.","TECHNICAL_ISSUE"
5739,"Just started using the product, need to know how to invite a member to my workspace.","HOW_TO_SUPPORT"
5740,"A pop up with a error 500 appears every time I try to submit.","TECHNICAL_ISSUE"
5741,"The autosave is broken and my work was lost an hour ago. Thanks a lot.","TECHNICAL_ISSUE"
5742,"Hey, Please show me how to connect my calendar.","HOW_TO_SUPPORT"
5743,"I cannot log in since this morning.","ACCOUNT_ACCESS"
5744,"I need help but I am not sure whcih option applies.","OTHER"
5745,"Feature request: custom filters.","FEATURE_REQUEST"
5746,"I am trying to set up my workspace for the first time but I cannot find the option. Where is it?","HOW_TO_SUPPORT"
5747,"Hello team, Product idea: let us attach several files at once. Thanks.","FEATURE_REQUEST"
5748,"It would be great to have a compact layout in the workspace","FEATURE_REQUEST"
5749,"Hi there, I wish the search page had auto save.","FEATURE_REQUEST"
5750,"Greetings, Text is cut off and overlapping on the profile page on my MacBook. Thanks in advance.","TECHNICAL_ISSUE"
5751,"Good morning, I need to change the credit card used for my subscription payments. Regards","BILLING_PAYMENT"
5752,"Good morning, Which menu do I use to add a comment to a task","HOW_TO_SUPPORT"
5753,"Which menu do I use to pin a dashboard as my home page?","HOW_TO_SUPPORT"
5754,"Hello support, Which page lets me manage my language settings?","HOW_TO_SUPPORT"
5755,"Hi, Could you add a search bar to the settings page?","FEATURE_REQUEST"
5756,"Do you have a partnership program? Thank you.","OTHER"
5757,"Can you explain how to set up a recurring report? Thanks a lot.","HOW_TO_SUPPORT"
5758,"Hey, I am a student working on a school project about your product, who can I talk to?","OTHER"
5759,"I would like to get in tocuh with customer success.","OTHER"
5760,"Hi, Could you please implement IP allow lisitng in a coming update?","FEATURE_REQUEST"
5761,"The VAT numebr is missing from my invoice.","BILLING_PAYMENT"
5762,"Hi, Can someone explain how to use the billing page?","HOW_TO_SUPPORT"
5763,"Sign in with single sign-on fails and sohws an unauthorized message.","ACCOUNT_ACCESS"
5764,"My session logs me out immediately after I sign in. Regards.","ACCOUNT_ACCESS"
5765,"hello support, thank you for your help, eevrything is fine now. thanks in advance.","OTHER"
5766,"Where do I go in the search page to change my language settings?","HOW_TO_SUPPORT"
5767,"Greetings, The sync between my devices has stopped working. Thanks a lot","TECHNICAL_ISSUE"
5768,"I changed my phone number and now I cannot get the login code. Let me know what to do.","ACCOUNT_ACCESS"
5769,"Any documentation on how to download a report? Let me know what to do.","HOW_TO_SUPPORT"
5770,"Can you build offline mode into the team page? Many users would benefit","FEATURE_REQUEST"
5771,"please let us export project lists to word.","FEATURE_REQUEST"
5772,"Can you walk me through how to find my activity history? Thanks a lot.","HOW_TO_SUPPORT"
5773,"My colleague left the company and I need access to the adimn account.","ACCOUNT_ACCESS"
5774,"I need a receipt for my payment yesterday for tax purposes. Thanks.","BILLING_PAYMENT"
5775,"I am trying to create a template but I cannot find the option. Where is it? Regards.","HOW_TO_SUPPORT"
5776,"Sign in with single sign-on fails and shows an unauthorized message. Please help.","ACCOUNT_ACCESS"
5777,"Hi team, Can someone explain how to use the settings page?","HOW_TO_SUPPORT"
5778,"The dashboard numbers are wrong and do not match the raw data.","TECHNICAL_ISSUE"
5779,"Good afternoon, Images are not displaying correctly on the workspace in Edge.","TECHNICAL_ISSUE"
5780,"Everything works on my computer but the profile page crashes on my Windows laptop","TECHNICAL_ISSUE"
5781,"Greetings, Can I get a call back from someone on your team? Please help.","OTHER"
5782,"Hi there, I cannot log in after resetting my password.","ACCOUNT_ACCESS"
5783,"Hello, Can you walk me through how to find my activity history?","HOW_TO_SUPPORT"
5784,"Hi there, My card was charged twice yesterday.","BILLING_PAYMENT"
5785,"I get a something went wrong message when I try to print on the search page.","TECHNICAL_ISSUE"
5786,"Account rceovery is not working, the magic link is not being sent.","ACCOUNT_ACCESS"
5787,"Hi there, Is there someone I can meet in person to talk about your product?","OTHER"
5788,"I saw your ad and want to learn more. Any help would be appreciated","OTHER"
5789,"A pop up with a error code 403 appears every time I try to print.","TECHNICAL_ISSUE"
5790,"Everything on the task list is loading extremely slowly for two days.","TECHNICAL_ISSUE"
5791,"Suggestion: allow users to use the product without an internet connection. Thanks in advance.","FEATURE_REQUEST"
5792,"The page never finishes loading and only shows a error 500. Please help","TECHNICAL_ISSUE"
5793,"Good afternoon, Could you please implement authenticator app support in a coming update?","FEATURE_REQUEST"
5794,"hello support, the download link gives a blank white screen instead of the file.","TECHNICAL_ISSUE"
5795,"I would love to see an integration with Slack.","FEATURE_REQUEST"
5796,"The dashboard numbers are wrong and do not match the raw data. Thanks a lot.","TECHNICAL_ISSUE"
5797,"Hello support, The inbox does not display anything after the latest update.","TECHNICAL_ISSUE"
5798,"I was charged EUR 15 this month but I expected a different amount. Any help would be appreciated.","BILLING_PAYMENT"
5799,"Good afternoon, Can you tell me more about your privacy policy?","OTHER"
5800,"Images are not displaying correctly on the billing page in Safari.","TECHNICAL_ISSUE"
5801,"I need to update the billing address on my invoice. Thank you.","BILLING_PAYMENT"
5802,"Dear support team, Not sure how to upload a company logo, can you point me to the right help article?","HOW_TO_SUPPORT"
5803,"I am trying to turn on email alerts but I cannot find the option. Where is it? Thanks.","HOW_TO_SUPPORT"
5804,"Can you explain how to transfer ownership of a workspace?","HOW_TO_SUPPORT"
5805,"Hello support, The download link gives a timeout error instead of the file","TECHNICAL_ISSUE"
5806,"Hi, I cannot access my admin console because it says I do not have permission.","ACCOUNT_ACCESS"
5807,"Hey, I need to udpate the billing address on my invoice.","BILLING_PAYMENT"
5808,"Please unlock my account, I entered the wrong password several times. Please advise.","ACCOUNT_ACCESS"
5809,"Good morning, Can you send me some information about what you offer? Any help would be appreciated","OTHER"
5810,"Hi team, Can you tell me more abuot your privacy policy?","OTHER"
5811,"Feature request: a mobile widget. Thanks in advance.","FEATURE_REQUEST"
5812,"Plaese add offline mode to the reports page.","FEATURE_REQUEST"
5813,"Could you add an option to export reports as Word?","FEATURE_REQUEST"
5814,"Hi there, Can I get a call back from someone on your team? Let me know what to do.","OTHER"
5815,"Hey, I never received the login code, I already checked my spam folder.","ACCOUNT_ACCESS"
5816,"Hi there, Someone changed my password and I no longer have access to my account. Thanks a lot.","ACCOUNT_ACCESS"
5817,"Dear support team, My username is not recognized on the login page.","ACCOUNT_ACCESS"
5818,"I cannot log in on my tablet.","ACCOUNT_ACCESS"
5819,"Greetings, I think I sent this to the wrong place, who is the right contact? Regards.","OTHER"
5820,"Greetings, Is there someone I can meet in person to talk about your product? Please advise.","OTHER"
5821,"My bank shows a pending charge of EUR 39 that I do not recognize.","BILLING_PAYMENT"
5822,"hi there, what are the steps to create a template?","HOW_TO_SUPPORT"
5823,"Can you build saved views into the billing page? Many users would benefit. Thank you.","FEATURE_REQUEST"
5824,"Hi there, I would like a refund for the $99 charge for March. Thanks a lot.","BILLING_PAYMENT"
5825,"I am new here, how do I download a report?","HOW_TO_SUPPORT"
5826,"Hello, I cannot log into my account, it says the email address is not registered but I have used it before.","ACCOUNT_ACCESS"
5827,"The mobile app closes immediately after opening on my iPhone. Please help.","TECHNICAL_ISSUE"
5828,"Good morning, It would improve my workflow if I could schedule reports in advance.","FEATURE_REQUEST"
5829,"Dear support team, Please add Portuguese language support.","FEATURE_REQUEST"
5830,"I want to leave general feedback about my experience. Thanks a lot.","OTHER"
5831,"Thank you for your help, everything is fine now.","OTHER"
5832,"Hello support, Where is your company located? Thank you.","OTHER"
5833,"I am getting a message that my account is temporarily locked, please help me get in. Let me know what to do.","ACCOUNT_ACCESS"
5834,"It would be helpful if the search page supproted a mobile widget.","FEATURE_REQUEST"
5835,"Dear support team, Where do I go in the reports page to change my saved filters? Thanks.","HOW_TO_SUPPORT"
5836,"How do I make a teammate an admin?","HOW_TO_SUPPORT"
5837,"I paid for the Basic plan but my account still shows the free tier.","BILLING_PAYMENT"
5838,"hi, please add support for exporting to csv and also templates. thanks a lot.","FEATURE_REQUEST"
5839,"Good morning, The verification step keeps failing when I try to sign in, since last night.","ACCOUNT_ACCESS"
5840,"Greetings, Do you have a tutorial on how to link my account to Slack? Let me know what to do.","HOW_TO_SUPPORT"
5841,"Add version history please, it is missing from the project board.","FEATURE_REQUEST"
5842,"Any documentation on how to import contacts from a CSV file?","HOW_TO_SUPPORT"
5843,"What is the easiest way to assign a task to a colleague?","HOW_TO_SUPPORT"
5844,"I got charged in the wrong currency for my Starter plan. Please advise.","BILLING_PAYMENT"
5845,"I am new here, how do I import contacts from a CSV file?","HOW_TO_SUPPORT"
5846,"Good morning, Login fails on Brave with an authentication failed message","ACCOUNT_ACCESS"
5847,"Dear support team, The payment page rejects my card and I cannot renew my monthly plan.","BILLING_PAYMENT"
5848,"Hi there, There is a bug where the reports page shows duplicate entries after I download.","TECHNICAL_ISSUE"
5849,"The search page shows a error 404 for a week.","TECHNICAL_ISSUE"
5850,"Hey, I cannot log in after turning on two-factor authentication.","ACCOUNT_ACCESS"
5851,"Hey, Do you have any security certifications?","OTHER"
5852,"Hello, I am new here, how do I duplicate a project? Please advise.","HOW_TO_SUPPORT"
5853,"Do you have any security certifications","OTHER"
5854,"Buttons on the dashboard do not respond when I click them.","TECHNICAL_ISSUE"
5855,"Hi there, Do you have any security certifications?","OTHER"
5856,"I never received the login code, I already checked my spam folder. Thanks a lot.","ACCOUNT_ACCESS"
5857,"Hi, I got charged in the wrong currency for my Business plan.","BILLING_PAYMENT"
5858,"How do I use the inbox to create a template?","HOW_TO_SUPPORT"
5859,"What is the easiest way to download a report? Thanks in advance.","HOW_TO_SUPPORT"
5860,"Could you add a mobile widget to the analytics page?","FEATURE_REQUEST"
5861,"could you add an undo button to the workspace?","FEATURE_REQUEST"
5862,"I am new here, how do I find my activity history? Let me know what to do.","HOW_TO_SUPPORT"
5863,"dear support team, i would like to get in touch with your press team.","OTHER"
5864,"Hello, I need a receipt for my payment for my annual plan for tax purposes.","BILLING_PAYMENT"
5865,"Good afternoon, My team would love to have keyboard shortcuts. Is it on the roadmap? Please help","FEATURE_REQUEST"
5866,"Are you planning to release version history in the future?","FEATURE_REQUEST"
5867,"Hello team, I want to switch to annual billing to get the discount, how is the payment handled? Regards.","BILLING_PAYMENT"
5868,"How can I make a teammate an admin?","HOW_TO_SUPPORT"
5869,"What are your busniess hours?","OTHER"
5870,"What are the steps to create a new project?","HOW_TO_SUPPORT"
5871,"The refresh button does nothing on the dashboard. Thanks.","TECHNICAL_ISSUE"
5872,"Hello team, I need to talk to someone but I do not know what to select.","OTHER"
5873,"Greetings, The SMS code never arrives in my inbox. Please help.","ACCOUNT_ACCESS"
5874,"The site is down for me, I only see a server error. Please advise.","TECHNICAL_ISSUE"
5875,"Where can I change my integration settings? Regards.","HOW_TO_SUPPORT"
5876,"Greetings, Please add dark mode to the dashboard.","FEATURE_REQUEST"
5877,"Test message, please ignore.","OTHER"
5878,"My credit card was declined but my bank says there is no problem. Let me know what to do","BILLING_PAYMENT"
5879,"The coupon code did not apply at checkout and I was charegd the full price.","BILLING_PAYMENT"
5880,"I am new here, how do I turn on email alerts?","HOW_TO_SUPPORT"
5881,"my team would love to have a compact layout. is it on the roadmap? please help.","FEATURE_REQUEST"
5882,"Can you send me some information about what you offer? Any help would be appreciated.","OTHER"
5883,"I wish the team page had drag and drop.","FEATURE_REQUEST"
5884,"Uploading a PNG image gets stuck at 1 percent and never finishes.","TECHNICAL_ISSUE"
5885,"Product idea: let us attach several files at once.","FEATURE_REQUEST"
5886,"Can someone explain how to use the calendar?","HOW_TO_SUPPORT"
5887,"Dear support team, Notifications are not being delivered to my phone. Let me know what to do.","TECHNICAL_ISSUE"
5888,"do you offer any events or webinars? thanks a lot.","OTHER"
5889,"Good afternoon, Hello, is anyone there? Please respond soon.","OTHER"
5890,"I downgraded to the Team plan but I was still billed the higher price.","BILLING_PAYMENT"
5891,"Hi, The payment page rejects my card and I cannot renew my monthly plan.","BILLING_PAYMENT"
5892,"would you consider adding a github connection to your product?","FEATURE_REQUEST"
5893,"Dear support team, Login fails on Opera with an authentication failed message.","ACCOUNT_ACCESS"
5894,"Hello, Which menu do I use to add a new team member? Thanks a lot.","HOW_TO_SUPPORT"
5895,"Hello, Is there a giude that shows how to remove a user from my team? Thanks.","HOW_TO_SUPPORT"
5896,"What is the easiest way to turn on email alerts? Please help.","HOW_TO_SUPPORT"
5897,"Not sure how to upload a company logo, can you point me to the right help article","HOW_TO_SUPPORT"
5898,"How do I use the reports page to change my display name?","HOW_TO_SUPPORT"
5899,"I am not able to log in from my Linux machine but it works on my computer. Regards.","ACCOUNT_ACCESS"
5900,"The reports page does not display anything after the latest update.","TECHNICAL_ISSUE"
5901,"could you add dark mode to the settings page?","FEATURE_REQUEST"
5902,"Good afternoon, A pop up with a error 404 appears every time I try to save.","TECHNICAL_ISSUE"
5903,"Hi, I want to leave general feedback about my experience.","OTHER"
5904,"Dear support team, Thank you for your help, everything is fine now","OTHER"
5905,"Everything works on my computer but the workspace crashes on my iPhone. Let me know what to do.","TECHNICAL_ISSUE"
5906,"The reports page shows a error 500 since the latest update.","TECHNICAL_ISSUE"
5907,"Greetings, I was charged for extra seats that I did not add.","BILLING_PAYMENT"
5908,"Hey, Please reset my account access, I cannot get past the login screen.","ACCOUNT_ACCESS"
5909,"The payment went thruogh but I did not get a confirmation and my account is not upgraded.","BILLING_PAYMENT"
5910,"Would it be possible to use the product without an internet connection? That would save us a lot of time. Thanks.","FEATURE_REQUEST"
5911,"Is it possible to export my data? I cannot find where. Any help would be appreciated.","HOW_TO_SUPPORT"
5912,"Hi, Could someone give me an overview of what your company does? Regards.","OTHER"
5913,"It would be great to have bulk actions in the analytics page.","FEATURE_REQUEST"
5914,"Hello team, After I reset my password the new one is not accepted. Please respond soon.","ACCOUNT_ACCESS"
5915,"Can I get a call back from soemone on your team? Any help would be appreciated.","OTHER"
5916,"I get a error code 403 when I try to export on the reports page. Please help.","TECHNICAL_ISSUE"
5917,"The page shows an unexpected something went wrong message when I save my profile.","TECHNICAL_ISSUE"
5918,"I was charged for extra seats that I did not add. Regards.","BILLING_PAYMENT"
5919,"Do you support customers based in Canada? Let me know what to do.","OTHER"
5920,"Can I get a call back from soemone on your team?","OTHER"
5921,"Hi team, I cannot log in on my Windows laptop.","ACCOUNT_ACCESS"
5922,"Greetings, After I reset my password the new one is not accepted. Please advise","ACCOUNT_ACCESS"
5923,"Good morning, Could you add custom filters to the notifications panel?","FEATURE_REQUEST"
5924,"Hello, I would like instructions on how to archive old projects.","HOW_TO_SUPPORT"
5925,"My payment keeps failing at checkout even though my card is valid. Please advise.","BILLING_PAYMENT"
5926,"Hello, The receipt email for my payment never arrived. Any help would be appreciated.","BILLING_PAYMENT"
5927,"Hey, Can you send me an invoice for the EUR 15 payment?","BILLING_PAYMENT"
5928,"Hi, I get an access denied message when I try to open my workspace. Please respond soon.","ACCOUNT_ACCESS"
5929,"Good morning, Images are not displaying correctly on the dashboard in Safari. Thanks","TECHNICAL_ISSUE"
5930,"Dear support team, I was billed $249 twice for the same subscription. Any help would be appreciated.","BILLING_PAYMENT"
5931,"Video previews will not play in the workspace.","TECHNICAL_ISSUE"
5932,"Greetings, My username is not recognized on the login page. Thanks a lot.","ACCOUNT_ACCESS"
5933,"Please send monthly email digests to my inbox automatically, it would help a lot.","FEATURE_REQUEST"
5934,"Hello support, Can someone contact me about an issue?","OTHER"
5935,"My card was charged three times for June. Any help would be appreciated.","BILLING_PAYMENT"
5936,"Could you tell me how to find my activity history?","HOW_TO_SUPPORT"
5937,"Greetings, File uploads stay stuck at zero percent.","TECHNICAL_ISSUE"
5938,"Good morning, My credit card was declined but my bank says there is no problem.","BILLING_PAYMENT"
5939,"The coupon code did not apply at checkout and I was charged the full price.","BILLING_PAYMENT"
5940,"Hello team, Is there someone I can meet in person to talk about your product? Let me know what to do.","OTHER"
5941,"Hello, I changed my email address and now I cannot access my account. Thanks in advance.","ACCOUNT_ACCESS"
5942,"My username is not recognized on the login page. Please advise.","ACCOUNT_ACCESS"
5943,"I am getting a 502 bad gateway whenever I open the settings page.","TECHNICAL_ISSUE"
5944,"Hi, Please credit my account for the payment error yesterday. Please advise.","BILLING_PAYMENT"
5945,"Hello, The verification email never arrives in my inbox.","ACCOUNT_ACCESS"
5946,"where can i find the export options? thanks.","HOW_TO_SUPPORT"
5947,"greetings, i want to leave general feedback about my experience.","OTHER"
5948,"My subscription renewed automatically and I did not want that, please refund me. Let me know what to do.","BILLING_PAYMENT"
5949,"I am unable to sign in to my account since last night. Thanks in advance.","ACCOUNT_ACCESS"
5950,"It would improve my workflow if I could tag items with labels.","FEATURE_REQUEST"
5951,"I wish the dashboard had a kanban view.","FEATURE_REQUEST"
5952,"What are your bsuiness hours?","OTHER"
5953,"I was charged $249 for my annual plan but I expected a different amount.","BILLING_PAYMENT"
5954,"Please credit my account for the payment error yesterday. Regards.","BILLING_PAYMENT"
5955,"Hello team, Account recovery is not working, the magic link is not being sent.","ACCOUNT_ACCESS"
5956,"Could you tell me how to delete a workspace? Thanks a lot.","HOW_TO_SUPPORT"
5957,"Images are not displaying correctly on the reports page in Opera. Regards.","TECHNICAL_ISSUE"
5958,"Hello, There is a mistake in my latest invoice, the total does not match the plan price.","BILLING_PAYMENT"
5959,"Would you consider adding a Dropbox connection to your product?","FEATURE_REQUEST"
5960,"Is your service available in Nigeria? Let me know what to do.","OTHER"
5961,"Good morning, Notifications are not being delivered to my phone. Please help.","TECHNICAL_ISSUE"
5962,"product idea: let us see who viewed a shared report.","FEATURE_REQUEST"
5963,"How do I use the project board to add a comment to a task?","HOW_TO_SUPPORT"
5964,"The billing page becomes blank when I upload a JPEG photo.","TECHNICAL_ISSUE"
5965,"Good afternoon, What are your business hours? Please respond soon.","OTHER"
5966,"How do I use the inbox to restore a deleted file? Thank you.","HOW_TO_SUPPORT"
5967,"Hello team, Why is my account suspended? I have a deadline today.","ACCOUNT_ACCESS"
5968,"Hi team, Hello, is anyone there? Please respond soon.","OTHER"
5969,"Do you have any secuirty certifications?","OTHER"
5970,"Hi there, Test message, please ignore. Please advise","OTHER"
5971,"There is a mistake in my latest invoice, the total does not match the plan price. Let me know what to do.","BILLING_PAYMENT"
5972,"Good morning, Can you explain how to transfer ownership of a workspace?","HOW_TO_SUPPORT"
5973,"Hi, Please add Arabic language support. Regards.","FEATURE_REQUEST"
5974,"How did your compnay start? I am curious.","OTHER"
5975,"Buttons on the analytics page do not respond when I click them. Please advise.","TECHNICAL_ISSUE"
5976,"I forgot my password and the reset link says it has expired. Please respond soon.","ACCOUNT_ACCESS"
5977,"Could you please implement two-factor authentication in a coming update? Thank you.","FEATURE_REQUEST"
5978,"Plesae let us export charts to Word.","FEATURE_REQUEST"
5979,"Please add support for exporting to CSV and also custom filters.","FEATURE_REQUEST"
5980,"Good afternoon, Do you have a partenrship program?","OTHER"
5981,"good morning, i need a receipt for my payment on the first of the month for tax purposes.","BILLING_PAYMENT"
5982,"It would be helpful if the porfile page supported keyboard shortcuts.","FEATURE_REQUEST"
5983,"Hi there, How do I pin a dashboard as my home page?","HOW_TO_SUPPORT"
5984,"There is a bug where the billing page shows duplicate entires after I delete.","TECHNICAL_ISSUE"
5985,"Greetings, I want to leave general feedback about my experience. Please respond soon","OTHER"
5986,"Hi, Is it possible to import contacts from a CSV file? I cannot find where.","HOW_TO_SUPPORT"
5987,"Hello team, My username is not recognized on the login page.","ACCOUNT_ACCESS"
5988,"hello support, please stop future charges to my card and cacnel my subscription. any help would be appreciated.","BILLING_PAYMENT"
5989,"I was charged $59.99 for a plan I never upgraded to.","BILLING_PAYMENT"
5990,"Hello, My colelague left the company and I need access to the admin account.","ACCOUNT_ACCESS"
5991,"My account is disabled and I need to get in right now. Any help would be appreciated.","ACCOUNT_ACCESS"
5992,"Hey, Which page lets me manage my email preferences? Please advise.","HOW_TO_SUPPORT"
5993,"Hello support, The application crashes when I click submit.","TECHNICAL_ISSUE"
5994,"Hey, Hello, is anyone there? Regards.","OTHER"
5995,"Hello team, A pop up with a blank white screen appears every time I try to print.","TECHNICAL_ISSUE"
5996,"Video previews will not play in the notifications panel.","TECHNICAL_ISSUE"
5997,"Dear support team, I need help but I am not sure which option applies.","OTHER"
5998,"Hello support, My bank shows a pending chrage of $29 that I do not recognize.","BILLING_PAYMENT"
5999,"Hello team, Scheduled reports are not running at the set time.","TECHNICAL_ISSUE"
6000,"Hello, Is there a guide that shows how to transfer ownership of a workspace? Any help would be appreciated.","HOW_TO_SUPPORT"
6001,"Why did the price of my annual plan go up?","BILLING_PAYMENT"
6002,"I want to leave general feedback about my experience. Any help would be appreciated.","OTHER"
6003,"Everything on the billing page is loading extremely slowly since Monday.","TECHNICAL_ISSUE"
6004,"What is the easiest way to turn on email alerts?","HOW_TO_SUPPORT"
6005,"Could you add an option to export analytics data as Excel?","FEATURE_REQUEST"
6006,"Can you send me some information about what you offer? Thanks in advance.","OTHER"
6007,"add a compact layout please, it is missing from the calendar.","FEATURE_REQUEST"
6008,"Dear support team, I have some qeustions about your company before I proceed. Regards.","OTHER"
6009,"Hi, Please add drag and drop to the workspace.","FEATURE_REQUEST"
6010,"Greetings, Do you have a partnership program?","OTHER"
6011,"I represent a media outlet and want to reach out to the press team. Thanks in advance.","OTHER"
6012,"Which menu do I use to change my display name? Regards.","HOW_TO_SUPPORT"
6013,"good afternoon, i have some questions about your company before i proceed.","OTHER"
6014,"Hello team, What is the easiest way to connect my calendar?","HOW_TO_SUPPORT"
6015,"Hey, How do I use the profile page to add a comment to a task","HOW_TO_SUPPORT"
6016,"Hello support, I have some questions about your comapny before I proceed","OTHER"
6017,"Add csutom filters please, it is missing from the reports page","FEATURE_REQUEST"
6018,"Hello team, My PayPal payment failed but the money left my account.","BILLING_PAYMENT"
6019,"Please consider adding a way to sort the list by multiple columns. Thanks a lot.","FEATURE_REQUEST"
6020,"I see a spinning loader that never finishes on the admin console.","TECHNICAL_ISSUE"
6021,"Hello team, I cannot access my search page because it says I do not have permission. Please help.","ACCOUNT_ACCESS"
6022,"hi, my credit card was declined but my bank says there is no problem.","BILLING_PAYMENT"
6023,"Not sure how to link my account to Slack, can you point me to the right help article?","HOW_TO_SUPPORT"
6024,"Greetings, Add bulk actions please, it is missing from the team page.","FEATURE_REQUEST"
6025,"Please send biweekly activity reports to my inbox automatically, it would help a lot.","FEATURE_REQUEST"
6026,"Greetings, Why was I billed EUR 39 when my plan should be cheaper? Please respond soon.","BILLING_PAYMENT"
6027,"Hello team, Payment status says pending for days, and my subscription is still not active.","BILLING_PAYMENT"
6028,"I need to talk to someone but I do not know what to select. Please help.","OTHER"
6029,"Where is your company located? Thanks.","OTHER"
6030,"good morning, i want to leave general feedback about my experience. regards.","OTHER"
6031,"Good morning, Can I get a call back from someone on your team?","OTHER"
6032,"Hi, There is an unknown charge of $14 from your company on my bank statement. Please respond soon.","BILLING_PAYMENT"
6033,"hello, i cannot log in after changing my email address.","ACCOUNT_ACCESS"
6034,"My account is blocked and I need to get in right now. Thanks in advance.","ACCOUNT_ACCESS"
6035,"Please credit my account for the payment error this quarter.","BILLING_PAYMENT"
6036,"Hi there, Not sure how to make a teammate an admin, can you point me to the right help article?","HOW_TO_SUPPORT"
6037,"Good afternoon, The website does not work properly in Brave, but it is fine in another browser.","TECHNICAL_ISSUE"
6038,"My payment was successful but my subscription is sitll inactive. Please advise.","BILLING_PAYMENT"
6039,"Please send an invoice for my latest monthly subscirption payment. Regards.","BILLING_PAYMENT"
6040,"Greetings, Is there someone I can meet in person to talk about your product?","OTHER"
6041,"i do not have access to my old email address and need to recover my account. regards.","ACCOUNT_ACCESS"
6042,"Greetings, Do you offer any evetns or webinars?","OTHER"
6043,"We really need dark mode on the reports page, please consider it. Please respond soon.","FEATURE_REQUEST"
6044,"Hi there, I am trying to add a new team member but I cannot find the option. Where is it?","HOW_TO_SUPPORT"
6045,"Hi team, Can you walk me through how to chnage my notification settings? Regards","HOW_TO_SUPPORT"
6046,"The refresh button does nothing on the billing page","TECHNICAL_ISSUE"
6047,"I get a something went wrong message when I try to print on the billing page.","TECHNICAL_ISSUE"
6048,"The mobile app closes immediately after opening on my MacBook","TECHNICAL_ISSUE"
6049,"The analytics page does not display anything after the latest update. Thanks in advance","TECHNICAL_ISSUE"
6050,"The team page shows a error 500 since last night.","TECHNICAL_ISSUE"
6051,"Hello, How do I use the notifications panel to restore a deleted file?","HOW_TO_SUPPORT"
6052,"Hi there, Can you send me an invoice for the $19 payment?","BILLING_PAYMENT"
6053,"Hi, My account has been blocked and I do not know why.","ACCOUNT_ACCESS"
6054,"Can you walk me through how to set up a recurring report?","HOW_TO_SUPPORT"
6055,"I am getting a generic error message whenever I open the workspace.","TECHNICAL_ISSUE"
6056,"Please add bulk actions to the calendar.","FEATURE_REQUEST"
6057,"The receipt email for my payment never arrived.","BILLING_PAYMENT"
6058,"Hi there, Everything on the dashboard is loading extremely slowly for two days.","TECHNICAL_ISSUE"
6059,"Can you walk me through how to share a dashboard with a client","HOW_TO_SUPPORT"
6060,"Good afternoon, Plesae add a HubSpot integration, our whole team uses it. Please advise.","FEATURE_REQUEST"
6061,"My card was charged trhee times last month","BILLING_PAYMENT"
6062,"Video previews will not play in the workspace. Regards.","TECHNICAL_ISSUE"
6063,"Hello team, The dashboard does not display anything after the laetst update.","TECHNICAL_ISSUE"
6064,"i cannot log in after the latest update. any help would be appreciated.","ACCOUNT_ACCESS"
6065,"Hello support, I want to switch to annual billing to get the discount, how is the payment handled? Please respond soon.","BILLING_PAYMENT"
6066,"Hi there, Can I pay by bank transfer instead of card? My card keeps getting declined.","BILLING_PAYMENT"
6067,"How do I connect my calendar","HOW_TO_SUPPORT"
6068,"Good morning, Which page lets me manage my workspace name?","HOW_TO_SUPPORT"
6069,"Please show me how to connect my calendar.","HOW_TO_SUPPORT"
6070,"Good morning, I would like to get in touch with your secuirty team.","OTHER"
6071,"Hi, Text is cut off and overlapping on the dashboard on my Windows laptop. Please advise.","TECHNICAL_ISSUE"
6072,"I cannot log in on my MacBook. Please help.","ACCOUNT_ACCESS"
6073,"Hi there, Where do I go in the admin console to change my profile information? Thanks in advance.","HOW_TO_SUPPORT"
6074,"What are the steps to archive old projects?","HOW_TO_SUPPORT"
6075,"I see a spinning loader that never finishes on the billing page.","TECHNICAL_ISSUE"
6076,"The reports page is very slow and keeps freezing on my iPhone.","TECHNICAL_ISSUE"
6077,"A pop up with a error 500 appears every time I try to share.","TECHNICAL_ISSUE"
6078,"Good afternoon, Is your service available in Mexico?","OTHER"
6079,"Greetings, My bank sohws a pending charge of GBP 45 that I do not recognize.","BILLING_PAYMENT"
6080,"Hello team, Product idea: let us tag items with labels. Please help.","FEATURE_REQUEST"
6081,"I get a blank white screen when I try to refresh on the task list","TECHNICAL_ISSUE"
6082,"The autosave is broken and my work was lost since this morning.","TECHNICAL_ISSUE"
6083,"Hi, My account has been disabled and I do not know why.","ACCOUNT_ACCESS"
6084,"Hi, The mobile app closes immediately after opening on my MacBook. Any help would be appreciated","TECHNICAL_ISSUE"
6085,"Hello, The sync between my devices has stopped working. Please respond soon.","TECHNICAL_ISSUE"
6086,"Add a favorites list please, it is missing from the dashboard. Please respond soon","FEATURE_REQUEST"
6087,"Is it possible to print a report? I cannot find where.","HOW_TO_SUPPORT"
6088,"I downgraded to the Basic plan but I was still billed the higher price.","BILLING_PAYMENT"
6089,"I was charged $29 for March but I expected a different amount.","BILLING_PAYMENT"
6090,"Hi, Please add an undo butotn to the dashboard","FEATURE_REQUEST"
6091,"Hi team, The verification step kepes failing when I try to sign in, since yesterday.","ACCOUNT_ACCESS"
6092,"Dear support team, What is the easiest way to set up my workspace for the first time","HOW_TO_SUPPORT"
6093,"Dear support team, Do you have any sceurity certifications?","OTHER"
6094,"What is the easiest way to change my time zone","HOW_TO_SUPPORT"
6095,"a pop up with a error 500 appears every time i try to delete. any help would be appreciated.","TECHNICAL_ISSUE"
6096,"The confirmation email takes forever to arrive and then it has expired. Thanks in advance.","ACCOUNT_ACCESS"
6097,"The workspace becomes blank when I upload a CSV file.","TECHNICAL_ISSUE"
6098,"The site is down for me, I only see a server error. Let me know what to do.","TECHNICAL_ISSUE"
6099,"I do not have access to my old email address and need to recover my account. Please help.","ACCOUNT_ACCESS"
6100,"Hey, I never received the SMS code, I already checked my spam folder. Please respond soon","ACCOUNT_ACCESS"
6101,"Hello support, Is your service available in Germany? Thanks in advance.","OTHER"
6102,"Would you consider adding a Microsoft Teams connection to your product? Thanks.","FEATURE_REQUEST"
6103,"Greetings, Charts on the task list do not load.","TECHNICAL_ISSUE"
6104,"Hi there, Is it possible to set my working hours? I cannot find where.","HOW_TO_SUPPORT"
6105,"It would be great to have custom filters in the settings page.","FEATURE_REQUEST"
6106,"I am getting a 502 bad gateway whenever I open the team page.","TECHNICAL_ISSUE"
6107,"hello, please add a outlook integration, our whole team uses it. please help.","FEATURE_REQUEST"
6108,"Dear support team, Not sure how to change my display name, can you point me to the right help article?","HOW_TO_SUPPORT"
6109,"Hi, Could you please implement login alerts by email in a coming update? Any help would be appreciated.","FEATURE_REQUEST"
6110,"hello, i want a refund because i was billed after cancelling. let me know what to do.","BILLING_PAYMENT"
6111,"The page never finishes loading and only shows a error 500. Thanks in advance.","TECHNICAL_ISSUE"
6112,"I was removed from the workspace by mistake and cannot get back in. Thanks.","ACCOUNT_ACCESS"
6113,"Please send an invoice for my latest Premium subscription payment. Thank you.","BILLING_PAYMENT"
6114,"Please let us export activity logs to JSON.","FEATURE_REQUEST"
6115,"I cannot sign in with my Google account anymore. Please advise.","ACCOUNT_ACCESS"
6116,"Good morning, I want to leave general feedback about my experience. Thanks in advance.","OTHER"
6117,"Why was I billed $29 when my plan should be cheaper? Thanks.","BILLING_PAYMENT"
6118,"File uploads stay stuck at zero percent. Please advise.","TECHNICAL_ISSUE"
6119,"Someone changed my password and I no longer have access to my account. Let me know what to do","ACCOUNT_ACCESS"
6120,"Dear support team, I see a spinning loader that nveer finishes on the billing page.","TECHNICAL_ISSUE"
6121,"I am getting a something went wrong message whenever I open the settings page.","TECHNICAL_ISSUE"
6122,"The project board becomes blank when I upload a spreadsheet.","TECHNICAL_ISSUE"
6123,"I would like to get in touch with your press team.","OTHER"
6124,"text is cut off and overlapping on the profile page on my work computer. thank you.","TECHNICAL_ISSUE"
6125,"Hello, Where do I go in the inbox to change my notification settings? Any help would be appreciated.","HOW_TO_SUPPORT"
6126,"Good morning, The VAT number is missing from my invoice.","BILLING_PAYMENT"
6127,"Buttons on the workspace do not respond when I click them. Thanks in advance.","TECHNICAL_ISSUE"
6128,"I cannot log in for a week.","ACCOUNT_ACCESS"
6129,"Hello, I forgot my password and the reset link says it has expired","ACCOUNT_ACCESS"
6130,"Good morning, Everything on the calendar is loading extremely slowly since last night. Please respond soon.","TECHNICAL_ISSUE"
6131,"Good afternoon, Images are not displaying correctly on the task list in Brave.","TECHNICAL_ISSUE"
6132,"An option for cutsom themes would make the product much better. Let me know what to do.","FEATURE_REQUEST"
6133,"Good afternoon, The discount promised to me is not reflected on my bill.","BILLING_PAYMENT"
6134,"Hi, I want to report something that does not fit any category. Thanks.","OTHER"
6135,"hello support, i am unable to sign in to my account for the past few days. thank you.","ACCOUNT_ACCESS"
6136,"I paid for the monthly plan but my account still shows the free tier.","BILLING_PAYMENT"
6137,"Hello, Please add a GiHtub integration, our whole team uses it.","FEATURE_REQUEST"
6138,"Charts on the analytics page do not load.","TECHNICAL_ISSUE"
6139,"Good afternoon, I am new here, how do I connect my calendar?","HOW_TO_SUPPORT"
6140,"The mobile app closes immediately after opening on my work computer.","TECHNICAL_ISSUE"
6141,"My team would love to have drag and drop. Is it on the roadmap? Thanks in advance.","FEATURE_REQUEST"
6142,"Hello team, Do you have a tutorial on how to set up a recurring report? Please help.","HOW_TO_SUPPORT"
6143,"Suggestion: allow users to duplicate an entire project. Any help would be appreciated.","FEATURE_REQUEST"
6144,"Hi, Is your service available in India?","OTHER"
6145,"Video previews will not play in the calendar. Please help.","TECHNICAL_ISSUE"
6146,"Can you explain how to delete a workspace? Please advise.","HOW_TO_SUPPORT"
6147,"I see a spinning loader that never finishes on the project board.","TECHNICAL_ISSUE"
6148,"Hello support, The exported video file is corrupted and cannot be opened","TECHNICAL_ISSUE"
6149,"I never recevied the login code, I already checked my spam folder.","ACCOUNT_ACCESS"
6150,"Why did the price of my monthly plan go up? Please respond soon.","BILLING_PAYMENT"
6151,"I lost my phone and cannot receive the verification code to sign in. Regards.","ACCOUNT_ACCESS"
6152,"Hi there, Do you offer any events or webinars? Please advise.","OTHER"
6153,"Hi, I would like to get in touch with a manager.","OTHER"
6154,"Hello, I was charged after my free trial ended without any reminder.","BILLING_PAYMENT"
6155,"Dear support team, I cannot log into my account, it says the email address is not registered but I have used it before. Thank you.","ACCOUNT_ACCESS"
6156,"Please add support for exporting to Word and also saved views.","FEATURE_REQUEST"
6157,"Hello, Could someone give me an overview of what your company does?","OTHER"
6158,"What are your business hours? Thanks.","OTHER"
6159,"Please add support for exporting to JSON and also templates.","FEATURE_REQUEST"
6160,"Hello support, My account is locked and I cannot do my work.","ACCOUNT_ACCESS"
6161,"Tahnk you for your help, everything is fine now.","OTHER"
6162,"Hi there, My subscription renewed automatically and I did not want that, please refund me.","BILLING_PAYMENT"
6163,"Please add support for exporting to PDF and also auto save","FEATURE_REQUEST"
6164,"Could you tell me how to turn on email alerts?","HOW_TO_SUPPORT"
6165,"Hello team, It would be great to have keyboard shortcuts in the dashboard.","FEATURE_REQUEST"
6166,"Images are not displaying correctly on the calendar in Opera. Please help.","TECHNICAL_ISSUE"
6167,"Hey, Which page lets me manage my lanugage settings?","HOW_TO_SUPPORT"
6168,"Could you please implement two-factor authentication in a coming update? Please respond soon.","FEATURE_REQUEST"
6169,"Text is cut off and overlapping on the admin console on my MacBook. Please respond soon.","TECHNICAL_ISSUE"
6170,"The exported PDF is corrupted and cannot be opened. Thanks.","TECHNICAL_ISSUE"
6171,"I was charged for exrta seats that I did not add.","BILLING_PAYMENT"
6172,"Hi team, I am a student worikng on a school project about your product, who can I talk to?","OTHER"
6173,"Hi, I would like to get in touch with the careers team.","OTHER"
6174,"Hi, I forgot the email I used to register and cannot get into my account. Regards","ACCOUNT_ACCESS"
6175,"Good morning, I cannot access my project board because it says I do not have permission. Please advise.","ACCOUNT_ACCESS"
6176,"good morning, can you walk me through how to delete a workspace?","HOW_TO_SUPPORT"
6177,"Please get back to me when you can, I have a few questions. Thanks a lot.","OTHER"
6178,"I would like to get in tocuh with the partnerships team.","OTHER"
6179,"Hey, Could you tell me how to share a dasbhoard with a client?","HOW_TO_SUPPORT"
6180,"Is there a guide that shows how to share a dashboard with a client? Thank you.","HOW_TO_SUPPORT"
6181,"Greetings, I am stuck in a loop where the site asks me to verify my email again and again.","ACCOUNT_ACCESS"
6182,"Hey, Any documentation on how to change the date format?","HOW_TO_SUPPORT"
6183,"Good afternoon, The page shows an unexpected 502 bad gateway when I save my profile.","TECHNICAL_ISSUE"
6184,"Hi there, Could someone give me an overview of what your company does? Any help would be appreciated.","OTHER"
6185,"Which menu do I use to change my time zone? Please advise.","HOW_TO_SUPPORT"
6186,"I would like the option to assign tasks to multiple people in a future release. Regards.","FEATURE_REQUEST"
6187,"Dear support team, My payment was successful but my subscription is still inactive.","BILLING_PAYMENT"
6188,"Hello team, Is there a guide that shows how to create a template? Any help would be appreciated.","HOW_TO_SUPPORT"
6189,"Hi, A pop up with a something went wrong message appears every time I try to publish","TECHNICAL_ISSUE"
6190,"I downgraded to the Team plan but I was still billed the higher price. Thank you.","BILLING_PAYMENT"
6191,"We really need custom themes on the notifications panel, please consider it.","FEATURE_REQUEST"
6192,"Do you support customers based in Australia? Regards.","OTHER"
6193,"i would like to sepak with a sales representative about enterprise options. please help.","OTHER"
6194,"Please unlock my account, I entered the wrong password several times. Thank you.","ACCOUNT_ACCESS"
6195,"The app freezes when I try to refresh a large video file.","TECHNICAL_ISSUE"
6196,"Hey, There is an unknown charge of $120 from your company on my bank statement","BILLING_PAYMENT"
6197,"Please get back to me when you can, I have a few questions. Please respond soon.","OTHER"
6198,"The calendar shows a generic error message since the latest update.","TECHNICAL_ISSUE"
6199,"The reset link does nothing when I clcik it.","ACCOUNT_ACCESS"
6200,"I was charged for extra seats that I did not add. Thanks a lot.","BILLING_PAYMENT"
6201,"Why was I billed $49 when my plan should be cheaper? Please respond soon.","BILLING_PAYMENT"
6202,"hello support, do you have a tutorial on how to delete a workspace? please advise.","HOW_TO_SUPPORT"
6203,"I changed my phone number and now I cannot get the login code. Any help would be appreciated.","ACCOUNT_ACCESS"
6204,"My account is disabled and I cannot reach my data. Please advise.","ACCOUNT_ACCESS"
6205,"I would like to speak with a sales representative about enterpirse options.","OTHER"
6206,"Good morning, Any plans to support German in the interface? Thank you.","FEATURE_REQUEST"
6207,"Hello, I was charged $29 for a plan I never upgraded to.","BILLING_PAYMENT"
6208,"Hi team, I have a question about your service.","OTHER"
6209,"Hello team, Can I get a call back from someone on your team? Regards.","OTHER"
6210,"I am not able to log in from my Windows lapotp but it works on my computer. Please advise.","ACCOUNT_ACCESS"
6211,"Dear support team, I cannot sign in with my Google account anymore.","ACCOUNT_ACCESS"
6212,"Greetings, The mobile app closes immediately after opening on my iPad.","TECHNICAL_ISSUE"
6213,"hi, where is your company located?","OTHER"
6214,"Hi team, How do I use the team page to update my profile picture?","HOW_TO_SUPPORT"
6215,"Hello team, What are the steps to duplicate a project?","HOW_TO_SUPPORT"
6216,"Is your sevrice available in Germany?","OTHER"
6217,"Hello support, Please credit my account for the payment error this quarter. Any help would be appreciated.","BILLING_PAYMENT"
6218,"Hello team, Feature request: the ability to set reminders on tasks. Thanks in advance.","FEATURE_REQUEST"
6219,"I was charged $14 this week but I expected a different amount.","BILLING_PAYMENT"
6220,"The page shows an unexpected timeout error when I save my profile. Thanks in advance.","TECHNICAL_ISSUE"
6221,"Dear support team, Could someone give me an overview of what your company does?","OTHER"
6222,"I would like to get in touch with the right department. Regards.","OTHER"
6223,"which menu do i use to create a template?","HOW_TO_SUPPORT"
6224,"Hi team, The discount promised to me is not reflected on my bill.","BILLING_PAYMENT"
6225,"Hello, I changed my phone number and now I cannot get the login code. Let me know what to do.","ACCOUNT_ACCESS"
6226,"Hey, Please forward this message to a product specialist. Please help.","OTHER"
6227,"My PayPal payment failed but the money left my account. Any help would be appreciated.","BILLING_PAYMENT"
6228,"I need a recepit for my payment for June for tax purposes.","BILLING_PAYMENT"
6229,"I am trying to duplicate a project but I cannot find the option. Where is it","HOW_TO_SUPPORT"
6230,"I cannot sign in with my Google account anymore. Thanks.","ACCOUNT_ACCESS"
6231,"Hello team, What are the steps to pin a dashboard as my home page?","HOW_TO_SUPPORT"
6232,"Can someone explain how to use the search page","HOW_TO_SUPPORT"
6233,"unable to sign in on firefox, it just keeps reloading the login page. regards.","ACCOUNT_ACCESS"
6234,"Hello, Where can I find the team permissions?","HOW_TO_SUPPORT"
6235,"The password reset email takes forever to arrive and then it has expired. Please help.","ACCOUNT_ACCESS"
6236,"An option for bulk actions would make the product much better.","FEATURE_REQUEST"
6237,"I have been ovecrharged last month, please look into my billing. Thank you.","BILLING_PAYMENT"
6238,"Please forward this message to the partnerships team.","OTHER"
6239,"The payment page rejects my card and I cannot renew my Team plan.","BILLING_PAYMENT"
6240,"Hi, I need help but I am not sure which optoin applies. Any help would be appreciated.","OTHER"
6241,"I have some questions about your company beofre I proceed.","OTHER"
6242,"Dear support team, I am writing to ask about internship opportunities. Please help.","OTHER"
6243,"The password reset email takes forever to arrive and then it has expired.","ACCOUNT_ACCESS"
6244,"Can you walk me through how to restore a deleted file?","HOW_TO_SUPPORT"
6245,"Please credit my account for the payment error this quarter. Let me know what to do.","BILLING_PAYMENT"
6246,"I want to switch to annual billing to get the discount, how is the payment handled? Thanks a lot.","BILLING_PAYMENT"
6247,"It would improve my workflow if I could add comments to reports. Please help.","FEATURE_REQUEST"
6248,"Account recovery is not working, the activation email is not being sent. Please help.","ACCOUNT_ACCESS"
6249,"i would like a refund for the $149 charge this week.","BILLING_PAYMENT"
6250,"Hello team, Is there someone I can meet in person to talk about your product?","OTHER"
6251,"I cannot access my workspace because it says I do not have permission. Please help.","ACCOUNT_ACCESS"
6252,"Hello, The login page keeps redirecting me back to the sign in screen. Thank you.","ACCOUNT_ACCESS"
6253,"Is your service available in Germany?","OTHER"
6254,"Buttons on the workspace do not respond when I click them.","TECHNICAL_ISSUE"
6255,"I would like to know who I should contact regadring a collaboration. Please respond soon.","OTHER"
6256,"I think I sent this to the wrong place, who is the right contact? Thanks a lot.","OTHER"
6257,"Hi there, The invoice shows the wrong company name, please correct it.","BILLING_PAYMENT"
6258,"How do I use the workspace to share a dashboard with a client?","HOW_TO_SUPPORT"
6259,"Hi team, The VAT number is missing from my invoice.","BILLING_PAYMENT"
6260,"Hi team, I never received the magic link, I already checked my spam folder.","ACCOUNT_ACCESS"
6261,"Hi there, It would be great to have keyboard shortcuts in the team page. Let me know what to do.","FEATURE_REQUEST"
6262,"Good afternoon, Everything works on my computer but the task list crashes on my work computer.","TECHNICAL_ISSUE"
6263,"Hi there, My invitation link to join the team does not let me sign in.","ACCOUNT_ACCESS"
6264,"There is a bug where the team page shows duplicate entries after I share.","TECHNICAL_ISSUE"
6265,"A pop up with a something went wrong message appears every time I try to refresh","TECHNICAL_ISSUE"
6266,"Hello, Images are not displaying correctly on the workspace in Edge.","TECHNICAL_ISSUE"
6267,"it would be nice to have single sign-on. thanks.","FEATURE_REQUEST"
6268,"Video previews will not play in the project board.","TECHNICAL_ISSUE"
6269,"Where can I find the privacy settings? Please respond soon","HOW_TO_SUPPORT"
6270,"The notifications panel is very slow and keeps freezing on my MacBook.","TECHNICAL_ISSUE"
6271,"Hi there, I forgot my password and the reset link says it has expired.","ACCOUNT_ACCESS"
6272,"My payment keeps faiilng at checkout even though my card is valid. Regards.","BILLING_PAYMENT"
6273,"Dear support team, I am stuck in a loop where the site asks me to verfiy my email again and again.","ACCOUNT_ACCESS"
6274,"Text is cut off and overlapping on the search page on my Linux machine.","TECHNICAL_ISSUE"
6275,"Video previews will not play in the settings page.","TECHNICAL_ISSUE"
6276,"I wolud like more information before I create an account.","OTHER"
6277,"Good morning, I want to switch to annual billing to get the discount, how is the payment handled?","BILLING_PAYMENT"
6278,"My card was charged twice for June.","BILLING_PAYMENT"
6279,"Hey, There is a bug where the mobile app shows duplicate entries after I sync.","TECHNICAL_ISSUE"
6280,"I would like the option to see who viewed a shared report in a future release.","FEATURE_REQUEST"
6281,"It would be helpful if the search page supported keyboard shortcuts.","FEATURE_REQUEST"
6282,"Not sure how to archive old projects, can you point me to the right help article?","HOW_TO_SUPPORT"
6283,"The system says the PDF format is not supported even though it is valid.","TECHNICAL_ISSUE"
6284,"Hello team, I wish the workspace had custom filters","FEATURE_REQUEST"
6285,"Good morning, I keep getting an invalid password message even though I am typing it correctly. Please respond soon.","ACCOUNT_ACCESS"
6286,"i lost my phone and cannot receive the verification code to sign in. thanks in advance.","ACCOUNT_ACCESS"
6287,"i was removed from the workspace by mistake and cannot get back in. regards.","ACCOUNT_ACCESS"
6288,"Good afternoon, Can someone contact me about an issue? Please help.","OTHER"
6289,"greetings, can you tell me more about your privacy policy? thank you.","OTHER"
6290,"Dear support team, Which page lets me manage my report templates?","HOW_TO_SUPPORT"
6291,"Good afternoon, Thanks for the great support last week! Please help.","OTHER"
6292,"Hey, I was removed from the workspace by mistake and cannot get back in.","ACCOUNT_ACCESS"
6293,"Dear support team, I am getting a message that my account is temporarily locked, please help me get in.","ACCOUNT_ACCESS"
6294,"Hi there, I need help but I am not sure which option applies. Thank you","OTHER"
6295,"I get a something went wrong message when I try to save on the calendar.","TECHNICAL_ISSUE"
6296,"Please show me how to transfer ownership of a workspace.","HOW_TO_SUPPORT"
6297,"I am a student working on a school project about your product, who can I talk to? Please advise.","OTHER"
6298,"I have been overcharegd last month, please look into my billing.","BILLING_PAYMENT"
6299,"What are the steps to upload a company logo?","HOW_TO_SUPPORT"
6300,"Dear support team, Do you offer any events or webinars? Please help.","OTHER"
6301,"What is the easiest way to invite a member to my workspace? Thank you.","HOW_TO_SUPPORT"
6302,"Good morning, There is a bug where the search page shows duplicate entries after I import","TECHNICAL_ISSUE"
6303,"Hello team, I am writing to ask about internship opportunities.","OTHER"
6304,"The discount promised to me is not reflected on my bill. Regards.","BILLING_PAYMENT"
6305,"Do you support customers based in Australia","OTHER"
6306,"Good afternoon, Do you have a partnership program","OTHER"
6307,"The app crashes every time I try to publish.","TECHNICAL_ISSUE"
6308,"The app crashes every time I try to print.","TECHNICAL_ISSUE"
6309,"Hi team, Do you support customers based in Japan?","OTHER"
6310,"Account recovery is not working, the activation eamil is not being sent.","ACCOUNT_ACCESS"
6311,"I am a student working on a school project about your product, who can I talk to? Thanks in advance","OTHER"
6312,"I am getting a message that my account is temporarily locked, please help me get in. Any help would be appreciated.","ACCOUNT_ACCESS"
6313,"Hello support, My invitation link to join the team does not let me sign in.","ACCOUNT_ACCESS"
6314,"My team would love to have auto save. Is it on the roadmap?","FEATURE_REQUEST"
6315,"Hi, Could you please implement login alerts by email in a coming update?","FEATURE_REQUEST"
6316,"Buttons on the profile page do not respond when I click them.","TECHNICAL_ISSUE"
6317,"Dear support team, I paid for the Premium plan but my account still shows the free tier.","BILLING_PAYMENT"
6318,"I need to talk to someone but I do not know what to select.","OTHER"
6319,"the mobile app closes immediately after opening on my iphone. please advise.","TECHNICAL_ISSUE"
6320,"There is an unknown charge of $49 from your company on my bank statement.","BILLING_PAYMENT"
6321,"Are you curerntly hiring?","OTHER"
6322,"Hi, I am writing to ask about internship opportunities. Regards.","OTHER"
6323,"Please show me how to delete a workspace.","HOW_TO_SUPPORT"
6324,"Good afternoon, Could you add dark mode to the analytics page?","FEATURE_REQUEST"
6325,"Just started using the product, need to know how to add a new team member.","HOW_TO_SUPPORT"
6326,"greetings, i was charged eur 15 this month but i expected a different amount. any help would be appreciated.","BILLING_PAYMENT"
6327,"Hi there, Thanks for the great support last week!","OTHER"
6328,"Hi there, I keep getting an invalid password message even though I am typing it correctly. Please respond soon.","ACCOUNT_ACCESS"
6329,"Good morning, How can I make a teammate an admin? Regards.","HOW_TO_SUPPORT"
6330,"Hi, Please add German language support.","FEATURE_REQUEST"
6331,"Good afternoon, How can I invite a member to my workspace?","HOW_TO_SUPPORT"
6332,"Please send quarterly email digests to my inbox automatically, it would help a lot. Please help","FEATURE_REQUEST"
6333,"Uploading a CSV file gets stuck at 99 percnet and never finishes.","TECHNICAL_ISSUE"
6334,"Hi, My account is deactivated and I have a deadline today. Thanks in advance.","ACCOUNT_ACCESS"
6335,"I represent a media outlet and want to raech out to the press team.","OTHER"
6336,"I am not sure who to ask aobut this.","OTHER"
6337,"Hi team, Can I know more about your service before deciding?","OTHER"
6338,"Good morning, Do you support customers based in the United Kingdom?","OTHER"
6339,"I got charged in the wrong currency for my Business plan","BILLING_PAYMENT"
6340,"Hey, The verification step keeps failing when I try to sign in, since Monday. Thank you","ACCOUNT_ACCESS"
6341,"Are you planning to release temlpates in the future?","FEATURE_REQUEST"
6342,"Can I get a call back from somoene on your team","OTHER"
6343,"Do you support customers based in the United Kingdom?","OTHER"
6344,"The mobile app shows a 502 bad gateway since Monday.","TECHNICAL_ISSUE"
6345,"Please show me how to change my password from the settings page.","HOW_TO_SUPPORT"
6346,"There is a bug where the project board shows duplicate entries after I submit.","TECHNICAL_ISSUE"
6347,"Please refund my last payment, I did not use the service at all. Thanks a lot.","BILLING_PAYMENT"
6348,"I am not able to log in from my MacBook but it works on my computer. Let me know what to do.","ACCOUNT_ACCESS"
6349,"The login page keeps redirecting me back to the sign in screen. Thank you.","ACCOUNT_ACCESS"
6350,"Good afternoon, The integration keeps disconnecting and shows an error each time.","TECHNICAL_ISSUE"
6351,"Hi there, I need to update the billing address on my invoice","BILLING_PAYMENT"
6352,"Hi there, How do I use the workspace to rename a project?","HOW_TO_SUPPORT"
6353,"Hello, Please add single sign-on for account security.","FEATURE_REQUEST"
6354,"Please let us epxort project lists to PowerPoint.","FEATURE_REQUEST"
6355,"I am locked out after too many failed login attempts. Thanks in advance.","ACCOUNT_ACCESS"
6356,"search returns no results even for items that i know exist.","TECHNICAL_ISSUE"
6357,"Text is cut off and overlapping on the team page on my Android phone.","TECHNICAL_ISSUE"
6358,"dear support team, i have some questions about your company before i proceed. thank you.","OTHER"
6359,"Greetings, Please refund my last payment, I did not use the service at all.","BILLING_PAYMENT"
6360,"Good morning, Data I entered yesterday disappeared from the admin console. Thanks in advance.","TECHNICAL_ISSUE"
6361,"Hey, The discount promised to me is not reflected on my bill.","BILLING_PAYMENT"
6362,"Hey, It would be great if we could filter by date range","FEATURE_REQUEST"
6363,"Hello support, Do you have any security certifications? Please help.","OTHER"
6364,"Hello, Do you have a patrnership program?","OTHER"
6365,"How do I use the calendar to export my data? Thanks.","HOW_TO_SUPPORT"
6366,"I need to change the credit card used for my subscription payments. Thank you.","BILLING_PAYMENT"
6367,"It would improve my workflow if I could restore deleted items from a trash folder. Please respond soon.","FEATURE_REQUEST"
6368,"Good afternoon, What are your business hours?","OTHER"
6369,"Can someone contact me abuot an issue?","OTHER"
6370,"My credit card was dcelined but my bank says there is no problem.","BILLING_PAYMENT"
6371,"Hello team, Sign in with single sign-on fails and shows an unauthorized message. Thanks.","ACCOUNT_ACCESS"
6372,"Please credit my account for the payment error last month. Please help.","BILLING_PAYMENT"
6373,"What are your business hours? Please advise.","OTHER"
6374,"Good morning, Can you help me regain access to my account? I need to get in right now.","ACCOUNT_ACCESS"
6375,"Suggestion: allow users to filter by date range.","FEATURE_REQUEST"
6376,"How do I use the dashboard to change the date format?","HOW_TO_SUPPORT"
6377,"Hi there, Can someone contact me about an issue?","OTHER"
6378,"Please forward this message to the careers team.","OTHER"
6379,"Good afternoon, Why is my account locked? I need it restored as soon as possible. Let me know what to do.","ACCOUNT_ACCESS"
6380,"Hello, Can you help me regain access to my account? I need to get in right now.","ACCOUNT_ACCESS"
6381,"Hello team, I am locked out after too many failed login attempts","ACCOUNT_ACCESS"
6382,"I want to leave geenral feedback about my experience.","OTHER"
6383,"How do I use the mobile app to add a new team member?","HOW_TO_SUPPORT"
6384,"hi team, could you tell me how to duplicate a project?","HOW_TO_SUPPORT"
6385,"Dear support team, I am getting a error 500 whenever I open the inbox","TECHNICAL_ISSUE"
6386,"why is my account frozen? i have a deadline today.","ACCOUNT_ACCESS"
6387,"Good afternoon, I have a general inquiry that does not fit any of the topics. Let me know what to do.","OTHER"
6388,"Is there a guide that shows how to use filters on the dashboard?","HOW_TO_SUPPORT"
6389,"Hello, The login code takes forever to arrive and then it has expired. Any help would be appreciated.","ACCOUNT_ACCESS"
6390,"Hi, The VAT number is missing from my invoice.","BILLING_PAYMENT"
6391,"The exported spreadsheet is corrupted and cannot be opened. Thank you.","TECHNICAL_ISSUE"
6392,"Not sure how to invite a member to my workspace, can you point me to the right help article?","HOW_TO_SUPPORT"
6393,"Where do I go in the billing page to change my team permissions","HOW_TO_SUPPORT"
6394,"Can someone explain how to use the notifications panel?","HOW_TO_SUPPORT"
6395,"I got charged in the wrong currency for my annual plan. Let me know what to do.","BILLING_PAYMENT"
6396,"Would it be possible to use the product withuot an internet connection? That would save us a lot of time.","FEATURE_REQUEST"
6397,"Hi team, Where can I change my team permissions?","HOW_TO_SUPPORT"
6398,"Hey, My payment was successful but my subscription is still inactive. Thanks in advance.","BILLING_PAYMENT"
6399,"Hello team, I cannot log in after changing my email address. Thank you.","ACCOUNT_ACCESS"
6400,"Good afternoon, My session logs me out immediately after I sign in.","ACCOUNT_ACCESS"
6401,"Hi, Just started using the product, need to know how to make a teammate an admin. Thank you.","HOW_TO_SUPPORT"
6402,"We really need an undo button on the team page, please consider it.","FEATURE_REQUEST"
6403,"An option for a compact layout would make the product much better.","FEATURE_REQUEST"
6404,"Uploading a PDF gets stuck at 10 percent and never finishes. Please advise.","TECHNICAL_ISSUE"
6405,"Please show me how to download a report. Please advise.","HOW_TO_SUPPORT"
6406,"Good morning, I have some questions about your company before I proceed.","OTHER"
6407,"The system says the Excel file format is not supported even though it is valid. Please advise.","TECHNICAL_ISSUE"
6408,"Please add a search bar to the dashboard.","FEATURE_REQUEST"
6409,"Buttons on the notifications panel do not respond when I cilck them.","TECHNICAL_ISSUE"
6410,"I got chagred in the wrong currency for my Enterprise plan.","BILLING_PAYMENT"
6411,"My account has been locked and I do not know why. Please advise","ACCOUNT_ACCESS"
6412,"Hello, is anynoe there? Thanks in advance.","OTHER"
6413,"Hello support, Why did the price of my Team plan go up?","BILLING_PAYMENT"
6414,"Where can I find the svaed filters?","HOW_TO_SUPPORT"
6415,"Good afternoon, It would be nice to have authenticator app support. Any help would be appreciated.","FEATURE_REQUEST"
6416,"The download link gives a generic error message instead of the file. Thanks a lot.","TECHNICAL_ISSUE"
6417,"hi, please unlock my account, i entered the wrong password several times. thanks.","ACCOUNT_ACCESS"
6418,"Please add two-factor authentication for account security. Please respond soon.","FEATURE_REQUEST"
6419,"Hi team, I am getting a message that my account is temporarily locked, please help me get in","ACCOUNT_ACCESS"
6420,"The billing page becomes blank when I upload a video file.","TECHNICAL_ISSUE"
6421,"Hi there, Plaese add dark mode to the dashboard.","FEATURE_REQUEST"
6422,"Hello, I cannot log in on my work computer.","ACCOUNT_ACCESS"
6423,"Hey, I got a new phone and my authenticator app no longer works, so I cannot log in.","ACCOUNT_ACCESS"
6424,"Could you add an option to export reports as CSV?","FEATURE_REQUEST"
6425,"Good afternoon, The inbox becomes blank when I upload a Word document.","TECHNICAL_ISSUE"
6426,"I am trying to rename a project but I cannot find the option. Where is it?","HOW_TO_SUPPORT"
6427,"Can you build bulk actions into the profile page? Many users would benefit.","FEATURE_REQUEST"
6428,"I am trying to import contacts from a CSV file but I cannot find the option. Where is it?","HOW_TO_SUPPORT"
6429,"Could you tell me how to set my working hours?","HOW_TO_SUPPORT"
6430,"A pop up with a error code 403 appears every time I try to publish.","TECHNICAL_ISSUE"
6431,"Good afternoon, The two-factor code is rejected every time I try to sign in.","ACCOUNT_ACCESS"
6432,"Could you add a kanban view to the calendar?","FEATURE_REQUEST"
6433,"Can you explain how to create a template? Thanks a lot.","HOW_TO_SUPPORT"
6434,"Can you recommend which team I shuold contact for my request?","OTHER"
6435,"Hello team, I need a receipt for my payment for my annual plan for tax purposes.","BILLING_PAYMENT"
6436,"I need help but I am not sure which option applies. Thanks.","OTHER"
6437,"Hello support, Please refund my last payment, I did not use the service at all. Please help.","BILLING_PAYMENT"
6438,"I have some qusetions about your company before I proceed. Regards.","OTHER"
6439,"Suggestion: allow users to see who viewed a shared report. Thanks a lot","FEATURE_REQUEST"
6440,"Hi team, My account is disabled and I need to get in right now.","ACCOUNT_ACCESS"
6441,"Feature request: a calendar view.","FEATURE_REQUEST"
6442,"A pop up with a generic error message appears every time I try to export.","TECHNICAL_ISSUE"
6443,"Greetings, My account has been blocked and I do not know why.","ACCOUNT_ACCESS"
6444,"Hello team, How do I set up a recurring report? Thanks.","HOW_TO_SUPPORT"
6445,"What are the steps to rsetore a deleted file?","HOW_TO_SUPPORT"
6446,"Greetings, Could you add an option to export contact lists as JSON?","FEATURE_REQUEST"
6447,"Everything works on my computer but the notifications panel crashes on my MacBook.","TECHNICAL_ISSUE"
6448,"Hi team, Which page lets me manage my export options? Any help would be appreciated.","HOW_TO_SUPPORT"
6449,"can you help me regain access to my account? i need access urgently. please advise.","ACCOUNT_ACCESS"
6450,"Good morning, Please add two-factor authentication for account security","FEATURE_REQUEST"
6451,"Greetings, It would improve my workflow if I could duplicate an entire project.","FEATURE_REQUEST"
6452,"Greetings, The payment page rejects my card and I cannot renew my monthly plan.","BILLING_PAYMENT"
6453,"Buttons on the settings page do not respond when I click them. Thanks in advance.","TECHNICAL_ISSUE"
6454,"Good afternoon, The verification step keeps failing when I try to sign in, since Monday.","ACCOUNT_ACCESS"
6455,"My account is frozen and I cannot reach my data.","ACCOUNT_ACCESS"
6456,"Do you support customers bsaed in Brazil?","OTHER"
6457,"I changed my phone number and now I cannot get the login code. Regards.","ACCOUNT_ACCESS"
6458,"Hi, Cahrts on the settings page do not load.","TECHNICAL_ISSUE"
6459,"We really need a calendar view on the settings page, please consider it.","FEATURE_REQUEST"
6460,"Do you have any security certifications? Thanks a lot.","OTHER"
6461,"My card was charged twice for June. Regards.","BILLING_PAYMENT"
6462,"Good morning, I would like to speak with a sales representative about enterprise options.","OTHER"
6463,"Hi, How can I turn on email alerts?","HOW_TO_SUPPORT"
6464,"Hello support, Are you planning to release a kanban view in the future?","FEATURE_REQUEST"
6465,"Good morning, I upgraded my plan but the charge shows the wrong amount.","BILLING_PAYMENT"
6466,"Greetings, It would be great if we could attach several files at once.","FEATURE_REQUEST"
6467,"My card was charged twice this month. Thanks.","BILLING_PAYMENT"
6468,"Hello, My account was hcaked and I cannot log in anymore","ACCOUNT_ACCESS"
6469,"Good morning, Please unlock my account, I entered the wrong password several times. Please advise.","ACCOUNT_ACCESS"
6470,"I am a student working on a school project about your product, who can I talk to? Thank you.","OTHER"
6471,"It would be useful to receive biweekly usage summaries by email.","FEATURE_REQUEST"
6472,"I would like more information before I create an account. Thanks.","OTHER"
6473,"The settings page is very slow and keeps freezing on my Android phone. Thank you.","TECHNICAL_ISSUE"
6474,"The password I creaetd during sign up is not accepted at login","ACCOUNT_ACCESS"
6475,"I was removed from the workspace by mistake and cannot get back in. Please respond soon.","ACCOUNT_ACCESS"
6476,"Could you add a favorites list to the admin console?","FEATURE_REQUEST"
6477,"The autosave is broken and my work was lost since yesterday. Please advise.","TECHNICAL_ISSUE"
6478,"Hello support, I cannot log in on my iPhone. Regards.","ACCOUNT_ACCESS"
6479,"Do you offer any eevnts or webinars?","OTHER"
6480,"Hi team, I need a corrected invioce with our new company address.","BILLING_PAYMENT"
6481,"Hi there, The sync between my devices has stopped working","TECHNICAL_ISSUE"
6482,"Dear support team, Everything works on my computer but the workspace crashes on my Android phone.","TECHNICAL_ISSUE"
6483,"Is there someone I can meet in person to talk about your product?","OTHER"
6484,"There is an unknown charge of $24.99 from your company on my bank statement.","BILLING_PAYMENT"
6485,"Text is cut off and overlapping on the search page on my MacBook.","TECHNICAL_ISSUE"
6486,"I would like a refund for the EUR 15 charge on the first of the month.","BILLING_PAYMENT"
6487,"Hi, Please forward this message to your perss team.","OTHER"
6488,"Hello, It would improve my workflow if I could schedule reports in advance.","FEATURE_REQUEST"
6489,"Where do I go in the analytics page to change my time zone settings?","HOW_TO_SUPPORT"
6490,"Hey, Do you offer any events or webinars?","OTHER"
6491,"Can someone contact me about an issue? Please help.","OTHER"
6492,"Images are not displaying correctly on the notifications panel in Opera.","TECHNICAL_ISSUE"
6493,"Dear support team, Test message, plesae ignore.","OTHER"
6494,"Hello, I am stuck in a loop where the site asks me to verify my email again and again","ACCOUNT_ACCESS"
6495,"The VAT nmuber is missing from my invoice.","BILLING_PAYMENT"
6496,"Please forward this message to the careers team. Please respond soon.","OTHER"
6497,"Hi there, Is your service available in Australia?","OTHER"
6498,"Good morning, File uploads stay stuck at zero percent.","TECHNICAL_ISSUE"
6499,"Dear support team, I am getting a error code 403 whenever I open the mobile app.","TECHNICAL_ISSUE"
6500,"My bank shows a pending charge of EUR 15 that I do not recognize. Please advise.","BILLING_PAYMENT"
6501,"I cannot log in after resetting my password. Thank you.","ACCOUNT_ACCESS"
6502,"Hi there, Please refund my last payment, I did not use the service at all","BILLING_PAYMENT"
6503,"Hi there, Please let us export contact lists to Word. Please respond soon.","FEATURE_REQUEST"
6504,"I wuold like instructions on how to change my display name.","HOW_TO_SUPPORT"
6505,"Dear support team, The delete button does nothing on the billing page.","TECHNICAL_ISSUE"
6506,"Greetings, It would improve my workflow if I could add custom fields to every project. Regards.","FEATURE_REQUEST"
6507,"Hi there, I am new here, how do I pin a dashboard as my home page?","HOW_TO_SUPPORT"
6508,"Good afternoon, Where do I go in the inbox to change my export options?","HOW_TO_SUPPORT"
6509,"Feature request: a compact layout. Thank you.","FEATURE_REQUEST"
6510,"Greetings, I cannot log in since Monday","ACCOUNT_ACCESS"
6511,"Good morning, My payment was successful but my subscription is still inactive.","BILLING_PAYMENT"
6512,"Hello team, I am stuck in a loop where the site asks me to verify my email again and again. Thanks in advance.","ACCOUNT_ACCESS"
6513,"Account recovery is not working, the one-time passcode is not being sent. Please advise.","ACCOUNT_ACCESS"
6514,"Do you have a tutorial on how to set my working hours?","HOW_TO_SUPPORT"
6515,"Greetings, Would you consider adding a Outlook connection to your product? Regards.","FEATURE_REQUEST"
6516,"Scheduled reports are not running at the set time. Thanks.","TECHNICAL_ISSUE"
6517,"I would like to get in touch with customer success. Let me know what to do.","OTHER"
6518,"Please let us export charts to PowerPoint.","FEATURE_REQUEST"
6519,"How did your company start? I am curious.","OTHER"
6520,"Can you help me regain access to my account? I need to get in right now.","ACCOUNT_ACCESS"
6521,"Can you send me an invoice for the EUR 39 payment? Please help.","BILLING_PAYMENT"
6522,"How do I use the profile page to duplicate a project? Please respond soon.","HOW_TO_SUPPORT"
6523,"Do you have a tutorial on how to export my data?","HOW_TO_SUPPORT"
6524,"I need help but I am not sure which option applies. Thanks in advance.","OTHER"
6525,"Good afternoon, My account has been disabled and I do not know why.","ACCOUNT_ACCESS"
6526,"File uploads stay stuck at zero percent. Any help would be appreciated.","TECHNICAL_ISSUE"
6527,"Hello team, I was charged for extra seats that I did not add.","BILLING_PAYMENT"
6528,"i am writing to ask about internship opportunities. thank you.","OTHER"
6529,"Suggestion: allow users to mark items as favorites. Any help would be appreciated.","FEATURE_REQUEST"
6530,"The project board is very slow and keeps freezing on my Windows laptop.","TECHNICAL_ISSUE"
6531,"Greetings, Please forwrad this message to your press team.","OTHER"
6532,"Hello, Can someone explain how to use the calendar","HOW_TO_SUPPORT"
6533,"Greetings, My account is disabled and I cannot reach my data.","ACCOUNT_ACCESS"
6534,"The team page becomes blank when I upload a ZIP file.","TECHNICAL_ISSUE"
6535,"I have some questions aobut your company before I proceed.","OTHER"
6536,"I have a quetsion about your service.","OTHER"
6537,"Good afternoon, I wish the dashboard had saved views","FEATURE_REQUEST"
6538,"I am a student working on a school project about your product, who can I talk to? Let me know what to do.","OTHER"
6539,"Hello, is anyone there? Please respond soon.","OTHER"
6540,"I cannot log in after the latest update. Thanks.","ACCOUNT_ACCESS"
6541,"My changes are not saved, the admin console reverts to the old values. Let me know what to do.","TECHNICAL_ISSUE"
6542,"Dear support team, I get an access denied message when I try to open my workspace.","ACCOUNT_ACCESS"
6543,"Hey, I would like more information before I create an account","OTHER"
6544,"Hey, It would improve my workflow if I could restore deleted items from a trash folder.","FEATURE_REQUEST"
6545,"Hi team, Do you have any security certifications? Thanks.","OTHER"
6546,"I cannot access my project board because it says I do not have permission.","ACCOUNT_ACCESS"
6547,"Good morning, Can you recommend which team I should contact for my request?","OTHER"
6548,"Hi team, My account was hacked and I cannot log in anymore.","ACCOUNT_ACCESS"
6549,"Good morning, Please get back to me when you can, I have a few questions.","OTHER"
6550,"Good afternoon, I upgraded my plan but the charge shows the wrong amount.","BILLING_PAYMENT"
6551,"Hello team, Why is my account locked? I need it restored as soon as possible.","ACCOUNT_ACCESS"
6552,"I have a qusetion about your service","OTHER"
6553,"How do I use the admin console to invite a member to my workspace?","HOW_TO_SUPPORT"
6554,"I need a receipt for my payment this quarter for tax purposes.","BILLING_PAYMENT"
6555,"I cancelled my subscription weeks ago and you still took money from my account. Regards.","BILLING_PAYMENT"
6556,"I cannot log in after turning on two-factor authentication. Regards.","ACCOUNT_ACCESS"
6557,"I am getting a message that my account is temporarily locked, please help me get in. Regards.","ACCOUNT_ACCESS"
6558,"Hi, I was charged for extra seats that I did not add.","BILLING_PAYMENT"
6559,"Hi team, The share button does nothing on the project board. Let me know what to do.","TECHNICAL_ISSUE"
6560,"It would be great to have an undo button in the team page.","FEATURE_REQUEST"
6561,"The payment page rejects my card and I cannot rneew my annual plan.","BILLING_PAYMENT"
6562,"Do you have a tutorial on how to pin a dashboard as my home page?","HOW_TO_SUPPORT"
6563,"It would be useful to receive quarterly team updates by email. Thanks a lot.","FEATURE_REQUEST"
6564,"Hello, The workspace does not display anything after the latest update. Please help.","TECHNICAL_ISSUE"
6565,"I am trying to prnit a report but I cannot find the option. Where is it? Thanks a lot.","HOW_TO_SUPPORT"
6566,"I wish the project board had drag and drop.","FEATURE_REQUEST"
6567,"Good morning, The login page keeps redirecting me back to the sign in screen. Thank you.","ACCOUNT_ACCESS"
6568,"Can you help me regain acecss to my account? I cannot do my work.","ACCOUNT_ACCESS"
6569,"Everything works on my computer but the inbox crashes on my Linux machine.","TECHNICAL_ISSUE"
6570,"Hi, I changed my email address and now I cannot access my account. Please respond soon.","ACCOUNT_ACCESS"
6571,"I cannot log in for two days. Please help","ACCOUNT_ACCESS"
6572,"File uploads stay stuck at zero percent. Let me know what to do","TECHNICAL_ISSUE"
6573,"Hey, I need to update the billing address on my invoice. Please respond soon.","BILLING_PAYMENT"
6574,"Good afternoon, Can someone explain how to use the mobile app?","HOW_TO_SUPPORT"
6575,"good morning, my bank shows a pending charge of $24.99 that i do not recognize.","BILLING_PAYMENT"
6576,"Hello, I would like to know who I should contact regarding a collaboration. Thanks.","OTHER"
6577,"The mobile app does not display anything after the latest update.","TECHNICAL_ISSUE"
6578,"Hey, I never received the SMS code, I already checked my spam folder.","ACCOUNT_ACCESS"
6579,"Greetings, What are the steps to change my display name?","HOW_TO_SUPPORT"
6580,"Can I know more about your service before deciding? Please help.","OTHER"
6581,"I would love to see an integration with Trello.","FEATURE_REQUEST"
6582,"Hi, Feature request: drag and drop.","FEATURE_REQUEST"
6583,"I represent a media outlet and want to reach out to the press team. Any help would be appreciated.","OTHER"
6584,"Hi team, Which page lets me manage my workspace name?","HOW_TO_SUPPORT"
6585,"I see a spinning loaedr that never finishes on the reports page.","TECHNICAL_ISSUE"
6586,"I canont log in on my MacBook. Please advise.","ACCOUNT_ACCESS"
6587,"The payment page rejects my card and I cannot renew my Pro plan. Thanks.","BILLING_PAYMENT"
6588,"The payment page rejects my card and I cannot renew my annual plan. Regards","BILLING_PAYMENT"
6589,"The download button does nothing on the notifications panel.","TECHNICAL_ISSUE"
6590,"Dear support team, There is a mistake in my latest invoice, the total does not match the plan price.","BILLING_PAYMENT"
6591,"Hello, Please show me how to use filters on the dashboard.","HOW_TO_SUPPORT"
6592,"hello, how do i use the inbox to remove a user from my team?","HOW_TO_SUPPORT"
6593,"Hi team, Can you help me regain access to my account? I need it restored as soon as possible.","ACCOUNT_ACCESS"
6594,"I lost my phone and cannot receive the verification code to sign in. Thanks a lot.","ACCOUNT_ACCESS"
6595,"How do I add a new team member?","HOW_TO_SUPPORT"
6596,"Greetings, What is the easiest way to change my notification settings?","HOW_TO_SUPPORT"
6597,"How do I duplicate a project? Thanks.","HOW_TO_SUPPORT"
6598,"Why is my account disabled? I need to get in right now.","ACCOUNT_ACCESS"
6599,"Hi, My session logs me out immeidately after I sign in.","ACCOUNT_ACCESS"
6600,"Please add Korean language support. Please advise","FEATURE_REQUEST"
6601,"My session logs me out immediately after I sign in. Thanks in advance.","ACCOUNT_ACCESS"
6602,"Hi there, Everything on the reports page is loading extremely slowly an hour ago. Regards.","TECHNICAL_ISSUE"
6603,"Hello, My PayPal payment faield but the money left my account.","BILLING_PAYMENT"
6604,"Please get back to me when you can, I have a few questions. Let me know what to do.","OTHER"
6605,"Please show me how to change my time zone","HOW_TO_SUPPORT"
6606,"Dear support team, The autosave is broken and my work was lost for two days.","TECHNICAL_ISSUE"
6607,"My bank shows a pending charge of $29 that I do not recognize. Thank you.","BILLING_PAYMENT"
6608,"Hello support, I upgraded my plan but the charge shows the wrong amount.","BILLING_PAYMENT"
6609,"Hey, Any documentation on how to duplicate a project?","HOW_TO_SUPPORT"
6610,"I would like instructions on how to archive old projects. Please advise.","HOW_TO_SUPPORT"
6611,"Dear support team, Could you add an option to export chatrs as XML","FEATURE_REQUEST"
6612,"Hello team, The two-factor code is rejected every time I try to sign in.","ACCOUNT_ACCESS"
6613,"Hey, I see a spinning loader that never finishes on the team page.","TECHNICAL_ISSUE"
6614,"I have been overcharged this month, please look into my billing. Please respond soon.","BILLING_PAYMENT"
6615,"Hi team, Why is my account blocked? I need access urgently","ACCOUNT_ACCESS"
6616,"Can you help me regain access to my account? I need access urgently. Thank you","ACCOUNT_ACCESS"
6617,"Is your sevrice available in Kenya? Let me know what to do.","OTHER"
6618,"Good morning, Why is my account deactivated? I need it restored as soon as possible.","ACCOUNT_ACCESS"
6619,"I downgraded to the Business plan but I was still billed the higher price.","BILLING_PAYMENT"
6620,"Hello, Not sure how to share a dashboard with a client, can you point me to the right help article?","HOW_TO_SUPPORT"
6621,"Can you explain how to export my data? Please help.","HOW_TO_SUPPORT"
6622,"I have a question about your service. Thanks a lot.","OTHER"
6623,"Hi, I would like to get in touch with sales.","OTHER"
6624,"hi, the sync between my devices has stopped working.","TECHNICAL_ISSUE"
6625,"how do i use the task list to add a new team member?","HOW_TO_SUPPORT"
6626,"Hello, I have a question about your service. Thank you.","OTHER"
6627,"The one-time passcode never arrives in my inbox.","ACCOUNT_ACCESS"
6628,"Dear support team, I got charged in the wrong currecny for my Basic plan.","BILLING_PAYMENT"
6629,"Please show me how to change my notification settings. Any help would be appreciated.","HOW_TO_SUPPORT"
6630,"I cannot log into my account, it says the email address is not registered but I have used it before. Regards.","ACCOUNT_ACCESS"
6631,"Unable to sign in on Opera, it just keeps reloading the login page. Regards.","ACCOUNT_ACCESS"
6632,"I am new here, how do I change my display name? Let me know what to do.","HOW_TO_SUPPORT"
6633,"Hi, I would like to speak with a sales representative about enterprise options. Please respond soon.","OTHER"
6634,"There is a bug where the inbox shows duplicate entries after I share.","TECHNICAL_ISSUE"
6635,"Good morning, My accuont has been locked and I do not know why.","ACCOUNT_ACCESS"
6636,"Hello team, I am not sure who to ask about this. Please respond soon.","OTHER"
6637,"Hi team, The API returns a 502 bad gateway when I call the endpoint","TECHNICAL_ISSUE"
6638,"Everything works on my computer but the project board crashes on my Linux machine","TECHNICAL_ISSUE"
6639,"Hi, Are you planning to release version history in the future?","FEATURE_REQUEST"
6640,"Hi there, I am stuck in a loop where the site asks me to verify my email again and again.","ACCOUNT_ACCESS"
6641,"My subscription renewed automatically and I did not want that, please refund me.","BILLING_PAYMENT"
6642,"Can you tell me more about your privacy policy? Any help would be appreciated.","OTHER"
6643,"I am writing to ask about internship opportunities. Thanks in advance.","OTHER"
6644,"Hello team, I am not able to log in from my work computer but it works on my computer.","ACCOUNT_ACCESS"
6645,"Hi, Please reset my account access, I cannot get past the login screen. Please advise.","ACCOUNT_ACCESS"
6646,"Please add Korean language support","FEATURE_REQUEST"
6647,"Dear support team, I got charged in the wrong currency for my monthly plan. Let me know what to do.","BILLING_PAYMENT"
6648,"Hello team, The page shows an unexpected 502 bad gateway when I save my profile.","TECHNICAL_ISSUE"
6649,"Data I entered yesetrday disappeared from the search page.","TECHNICAL_ISSUE"
6650,"I was removed from the workspace by mistake and cannot get back in.","ACCOUNT_ACCESS"
6651,"Hello support, My payment keeps failing at checkout even though my card is valid.","BILLING_PAYMENT"
6652,"Dear support team, Could you please implement single sign-on in a coming update?","FEATURE_REQUEST"
6653,"The two-factor code is rejected eevry time I try to sign in.","ACCOUNT_ACCESS"
6654,"The print button does nothing on the inbox.","TECHNICAL_ISSUE"
6655,"I would like a refund for the $59.99 charge for June. Regards.","BILLING_PAYMENT"
6656,"Greetings, I represent a media outlet and want to reach out to the press team.","OTHER"
6657,"Hey, Please stop future charges to my card and cancel my subscription.","BILLING_PAYMENT"
6658,"Can you walk me through how to create a custom report?","HOW_TO_SUPPORT"
6659,"The inbox is very slow and keeps freezing on my Linux machine.","TECHNICAL_ISSUE"
6660,"Please credit my account for the payment error this month.","BILLING_PAYMENT"
6661,"Greetings, Where do I go in the calendar to change my workspace name?","HOW_TO_SUPPORT"
6662,"Can you explain how to upload a company logo?","HOW_TO_SUPPORT"
6663,"I need a corrected invoice with our new company address. Thanks a lot","BILLING_PAYMENT"
6664,"the site is down for me, i only see a error 500.","TECHNICAL_ISSUE"
6665,"Video previews will not play in the profile page. Any help would be appreciated.","TECHNICAL_ISSUE"
6666,"Good morning, The one-time passcode never arrives in my inbox. Please help.","ACCOUNT_ACCESS"
6667,"can i know more about your servcie before deciding?","OTHER"
6668,"How did your company start? I am curious. Please respond soon.","OTHER"
6669,"The download link gives a 502 bad gateway instead of the file.","TECHNICAL_ISSUE"
6670,"I cannot access my mobile app because it says I do not have permission.","ACCOUNT_ACCESS"
6671,"Hello team, I do not have access to my old email address and need to recover my account.","ACCOUNT_ACCESS"
6672,"Please forward this message to your press team. Please help.","OTHER"
6673,"hi there, it would be nice to have login alerts by email.","FEATURE_REQUEST"
6674,"Dear support team, I cannot log in on my tablet","ACCOUNT_ACCESS"
6675,"Hi there, Text is cut off and overlapping on the analytics page on my MacBook. Thanks a lot.","TECHNICAL_ISSUE"
6676,"Greetings, My changes are not saved, the analytics page reverts to the old values.","TECHNICAL_ISSUE"
6677,"Hi there, I need a corrected invoice with our new company address.","BILLING_PAYMENT"
6678,"The page shows an unexpected 502 bad gateway when I save my profile.","TECHNICAL_ISSUE"
6679,"The reports page becomes blank when I upload a PNG image.","TECHNICAL_ISSUE"
6680,"Just started using the product, need to know how to duplicate a project.","HOW_TO_SUPPORT"
6681,"I am locked out after too many failed login attempts. Regards.","ACCOUNT_ACCESS"
6682,"How do I use the porject board to add a comment to a task? Please advise.","HOW_TO_SUPPORT"
6683,"payment status says pending for days, and my subscription is still not active. thanks in advance.","BILLING_PAYMENT"
6684,"Good afternoon, Where do I go in the task list to change my integration settings?","HOW_TO_SUPPORT"
6685,"I need to updtae the billing address on my invoice.","BILLING_PAYMENT"
6686,"Dear support team, It would be helpful if the workspace supported a compact layout.","FEATURE_REQUEST"
6687,"The download link gives a serevr error instead of the file.","TECHNICAL_ISSUE"
6688,"Is your service available in Nigeria? Please respond soon.","OTHER"
6689,"Hello, How did your company start? I am curious. Thanks.","OTHER"
6690,"Hey, My card was charged three times yesterday.","BILLING_PAYMENT"
6691,"The app crashes every time I try to export. Please help.","TECHNICAL_ISSUE"
6692,"I get a something went wrong message when I try to import on the notifications panel.","TECHNICAL_ISSUE"
6693,"What are the steps to import contacts from a CSV file? Thanks a lot.","HOW_TO_SUPPORT"
6694,"Please add a kanban view to the notifications panel","FEATURE_REQUEST"
6695,"Can someone explain how to use the analytics page? Thanks.","HOW_TO_SUPPORT"
6696,"i cannot log in on my windows laptop.","ACCOUNT_ACCESS"
6697,"I want to leave general feedback about my experience. Thanks in advance.","OTHER"
6698,"Good afternoon, How did your comapny start? I am curious.","OTHER"
6699,"Hi there, Which page lets me manage my default dashboard?","HOW_TO_SUPPORT"
6700,"Not sure how to rename a project, can you point me to the right help article","HOW_TO_SUPPORT"
6701,"Good morning, Text is cut off and overlappnig on the search page on my MacBook. Thanks a lot.","TECHNICAL_ISSUE"
6702,"The profile page is very slow and keeps freezing on my tablet","TECHNICAL_ISSUE"
6703,"Where do I go in the workspace to change my language settings?","HOW_TO_SUPPORT"
6704,"Hi team, I never received the security code, I already checked my spam folder.","ACCOUNT_ACCESS"
6705,"Would it be possible to tag items with labels? That would save us a lot of time.","FEATURE_REQUEST"
6706,"My account has been suspended and I do not know why.","ACCOUNT_ACCESS"
6707,"I got a new phone and my authenticator app no longer works, so I cannot log in","ACCOUNT_ACCESS"
6708,"Good morning, I changed my email address and now I cannot access my account.","ACCOUNT_ACCESS"
6709,"Hey, It would be nice to have two-factor authentication.","FEATURE_REQUEST"
6710,"Hello team, Are you currently hiring? Any help would be appreciated.","OTHER"
6711,"Please add support for exporting to Excel and also templates.","FEATURE_REQUEST"
6712,"The receipt email for my pyament never arrived.","BILLING_PAYMENT"
6713,"Hey, It would improve my workflow if I could pin important items to the top. Thanks a lot.","FEATURE_REQUEST"
6714,"How can I set up a recruring report? Please advise.","HOW_TO_SUPPORT"
6715,"I am getting a something went wrong message whenever I open the workspace.","TECHNICAL_ISSUE"
6716,"Please send an invoice for my latest Team subscription payment. Regards.","BILLING_PAYMENT"
6717,"Can you build version history into the calendar? Many users would benefit. Regards","FEATURE_REQUEST"
6718,"Hi there, Feature request: drag and drop.","FEATURE_REQUEST"
6719,"I need help but I am not sure which option applies. Thank you.","OTHER"
6720,"Hey, The website does not work properly in Opera, but it is fine in another browser","TECHNICAL_ISSUE"
6721,"i want to leave general feedback about my experience. please advise.","OTHER"
6722,"My account is suspneded and I need it restored as soon as possible.","ACCOUNT_ACCESS"
6723,"Greetings, I would like instructions on how to udpate my profile picture.","HOW_TO_SUPPORT"
6724,"Hello team, The reset link does nothing when I click it.","ACCOUNT_ACCESS"
6725,"Hey, I get an access denied message when I try to open my workspace.","ACCOUNT_ACCESS"
6726,"Is your service available in Sri Lanka? Thank you.","OTHER"
6727,"I am new here, how do I use filters on the dashboard?","HOW_TO_SUPPORT"
6728,"Is your service available in Singapore? Thanks a lot.","OTHER"
6729,"I would like instructions on how to remove a user from my team.","HOW_TO_SUPPORT"
6730,"I am stuck in a loop where the site asks me to verify my email again and again. Thanks a lot.","ACCOUNT_ACCESS"
6731,"I was billed $19 twice for the same subscription.","BILLING_PAYMENT"
6732,"I would like a refund for the $59.99 charge for March.","BILLING_PAYMENT"
6733,"The password I created during sign up is not accepted at login. Please advise.","ACCOUNT_ACCESS"
6734,"My account has been disabled and I do not know why. Thanks a lot.","ACCOUNT_ACCESS"
6735,"hi there, please send an invoice for my latest monthly subscription payment.","BILLING_PAYMENT"
6736,"Can you help me regain access to my account? I cannot reach my data. Thanks.","ACCOUNT_ACCESS"
6737,"Hello team, I was charged $99 for a plan I never upgraded to","BILLING_PAYMENT"
6738,"hey, the payment page rejects my card and i cannot renew my business plan. please advise.","BILLING_PAYMENT"
6739,"Hi, Please forward this message to customer success.","OTHER"
6740,"Hey, Any plans to support Tamil in the interface?","FEATURE_REQUEST"
6741,"Good morning, Account recovery is not working, the login code is not being sent.","ACCOUNT_ACCESS"
6742,"Hi there, Where can I change my saved filters? Thanks a lot.","HOW_TO_SUPPORT"
6743,"The calendar does not display anything after the latest update.","TECHNICAL_ISSUE"
6744,"Hello, Any plans to support Sinhala in the interface?","FEATURE_REQUEST"
6745,"Please credit my account for the payment error this month. Any help would be appreciated.","BILLING_PAYMENT"
6746,"Hi team, Please send an invoice for my latest Starter subscription payment","BILLING_PAYMENT"
6747,"There is a mistake in my latset invoice, the total does not match the plan price.","BILLING_PAYMENT"
6748,"Dear support team, Do you have a partnership program?","OTHER"
6749,"Hi there, Could you please implement login alerts by email in a coming update?","FEATURE_REQUEST"
6750,"I cannot log in after changnig my email address.","ACCOUNT_ACCESS"
6751,"I would like the option to set custom roles for team members in a future release. Regards.","FEATURE_REQUEST"
6752,"Hi, Just started using the product, need to know how to delete a workspace.","HOW_TO_SUPPORT"
6753,"Where can I find the saved filters? Please respond soon.","HOW_TO_SUPPORT"
6754,"Hi team, My card was charged three times for my anunal plan.","BILLING_PAYMENT"
6755,"What is the easiest way to upload a company logo?","HOW_TO_SUPPORT"
6756,"Hello support, I got charged in the wrong currency for my annual plan.","BILLING_PAYMENT"
6757,"Please consider adding a way to use the product without an internet connection. Regards.","FEATURE_REQUEST"
6758,"There is a mistake in my latest invoice, the total does not match the plan price. Thanks a lot","BILLING_PAYMENT"
6759,"Hello, is anyone there? Thank you.","OTHER"
6760,"hello team, there is a bug where the billing page shows duplicate entries after i delete. please respond soon.","TECHNICAL_ISSUE"
6761,"The API returns a generic error message when I call the endpoint. Any help would be appreciated.","TECHNICAL_ISSUE"
6762,"Hello team, Can you build saved views into the workspace? Many users would benefit. Any help would be appreciated.","FEATURE_REQUEST"
6763,"Hi team, I was charged GBP 45 yesterday but I expected a different amount.","BILLING_PAYMENT"
6764,"The page never finishes loading and only shows a 502 bad gateway","TECHNICAL_ISSUE"
6765,"What is the easiest way to change my password from the settings page? Please respond soon.","HOW_TO_SUPPORT"
6766,"it would be great to have saved views in the project board.","FEATURE_REQUEST"
6767,"Why is my account disabled? I cannot reach my data. Any help would be appreciated.","ACCOUNT_ACCESS"
6768,"I was billed $9.99 twice for the same subscription.","BILLING_PAYMENT"
6769,"The application crashes when I click download.","TECHNICAL_ISSUE"
6770,"Which page lets me manage my default dashboard?","HOW_TO_SUPPORT"
6771,"It would be great to have bulk actions in the calendar.","FEATURE_REQUEST"
6772,"Hello, Login fails on Firefox with an authentication failed message.","ACCOUNT_ACCESS"
6773,"I want a refund because I was billed after cancelling. Thanks.","BILLING_PAYMENT"
6774,"hi team, thank you for your help, everything is fine now. thanks in advance.","OTHER"
6775,"Good morning, I would like to get in touch with sales.","OTHER"
6776,"I am unable to sign in to my account since this morning. Thanks in advance.","ACCOUNT_ACCESS"
6777,"Hi team, I was charged after my free trial ended without any reminder.","BILLING_PAYMENT"
6778,"I would like a refund for the $120 charge on the first of the month.","BILLING_PAYMENT"
6779,"I was charged EUR 15 last month but I expected a different amount.","BILLING_PAYMENT"
6780,"There is a bug where the workspace shows duplicate entries after I print.","TECHNICAL_ISSUE"
6781,"My bank shows a pending charge of $14 that I do not recognize.","BILLING_PAYMENT"
6782,"I paid for the annual plan but my account still shows the free tier.","BILLING_PAYMENT"
6783,"Can you send me an invoice for the GBP 12 payment? Thanks.","BILLING_PAYMENT"
6784,"Hey, Thanks for the great support last week! Please respond soon.","OTHER"
6785,"I saw your ad and want to learn more. Please help.","OTHER"
6786,"Good morning, Account recovery is not working, the security code is not being sent.","ACCOUNT_ACCESS"
6787,"I forgot my password and the reset link says it has expired. Thank you.","ACCOUNT_ACCESS"
6788,"Good morning, My account is frozen and I need it restored as soon as possible.","ACCOUNT_ACCESS"
6789,"Do you have a partnership program? Thanks.","OTHER"
6790,"Hello, Buttons on the analytics page do not respond when I click them.","TECHNICAL_ISSUE"
6791,"I would like to speak with a sales representative about enterprise options. Please respond soon.","OTHER"
6792,"I would love to see an integration with Jira.","FEATURE_REQUEST"
6793,"good afternoon, sign in with single sign-on fails and shows an unauthorized message. thanks a lot.","ACCOUNT_ACCESS"
6794,"Hey, I am not sure who to ask about this. Please respond soon","OTHER"
6795,"Dear support team, Why was I billed GBP 12 when my plan should be cheaper?","BILLING_PAYMENT"
6796,"Hey, Can you help me regain access to my account? I need access urgently.","ACCOUNT_ACCESS"
6797,"Can you build offline mode into the billing page? Many users would benefit. Thank you.","FEATURE_REQUEST"
6798,"My payment was successful but my subscription is still inactive. Please help.","BILLING_PAYMENT"
6799,"i need to change the credit card used for my subscription payments. thanks.","BILLING_PAYMENT"
6800,"I would like the option to use the product without an internet connection in a future release. Let me know what to do.","FEATURE_REQUEST"
6801,"The analytics page becomes blank when I upload a video file. Please advise.","TECHNICAL_ISSUE"
6802,"Do you have a tutorial on how to create a custom report?","HOW_TO_SUPPORT"
6803,"Do you support customers based in the United Kingdom? Thanks a lot","OTHER"
6804,"My team would love to have drag and drop. Is it on the roadmap? Please respond soon.","FEATURE_REQUEST"
6805,"How do I use the inbox to remove a user from my team?","HOW_TO_SUPPORT"
6806,"Greetings, I am getting a error code 403 whenever I open the notifications panel.","TECHNICAL_ISSUE"
6807,"My bank shows a pending charge of $19 that I do not recognize. Please advise.","BILLING_PAYMENT"
6808,"Can you explain how to change the date format?","HOW_TO_SUPPORT"
6809,"Plaese get back to me when you can, I have a few questions. Let me know what to do.","OTHER"
6810,"I cannot log in for a week. Thanks a lot.","ACCOUNT_ACCESS"
6811,"Any documentation on how to add a comment to a task?","HOW_TO_SUPPORT"
6812,"Do you have a tutorial on how to link my account to Slack? Thanks a lot.","HOW_TO_SUPPORT"
6813,"the two-factor code is rejected every time i try to sign in. please respond soon.","ACCOUNT_ACCESS"
6814,"I have a question about your service. Thanks.","OTHER"
6815,"I was charged GBP 12 for a plan I never upgraded to. Thanks.","BILLING_PAYMENT"
6816,"I cannot log in an hour ago.","ACCOUNT_ACCESS"
6817,"Hello team, I keep getting an invalid password message even though I am typing it correctly. Please help.","ACCOUNT_ACCESS"
6818,"Thanks for the great support last week! Any help would be appreciated.","OTHER"
6819,"Please get back to me when you can, I have a few questions. Any help would be appreciated.","OTHER"
6820,"Hello, My invitation link to join the team does not let me sign in.","ACCOUNT_ACCESS"
6821,"Dear support team, Do you support customers based in Sri Lanka","OTHER"
6822,"Hi, I would like a refund for the $49 charge last month. Let me know what to do.","BILLING_PAYMENT"
6823,"Good afternoon, The API returns a error 404 when I call the endpoint.","TECHNICAL_ISSUE"
6824,"Dear support team, Where can I change my integration settings?","HOW_TO_SUPPORT"
6825,"Add a favorites list please, it is missing from the profile page. Regards.","FEATURE_REQUEST"
6826,"Hello, An option for drag and drop would make the porduct much better.","FEATURE_REQUEST"
6827,"Hi team, Can you build an undo button into the dashboard? Many users would benefit. Thanks in advance.","FEATURE_REQUEST"
6828,"Hello team, Please let us export analytics data to Word. Please advise.","FEATURE_REQUEST"
6829,"Hello team, I have some questions about your company before I proceed.","OTHER"
6830,"Good afternoon, Thank you for your help, everything is fine now.","OTHER"
6831,"I was billed $59.99 twcie for the same subscription. Please help.","BILLING_PAYMENT"
6832,"Dear support team, I lost my phone and cannot receive the verification code to sign in.","ACCOUNT_ACCESS"
6833,"Hi there, Do you have a partnership program","OTHER"
6834,"it would improve my workflow if i could tag items with labels. please help.","FEATURE_REQUEST"
6835,"Hello team, Can you build custom filters into the analytics page? Many users would benefit","FEATURE_REQUEST"
6836,"greetings, the page never finishes loading and only shows a something went wrong message.","TECHNICAL_ISSUE"
6837,"Hey, I would like instructions on how to remove a user from my team","HOW_TO_SUPPORT"
6838,"Good afternoon, The application crashes when I click publish.","TECHNICAL_ISSUE"
6839,"Video previews will not play in the profile page. Thanks.","TECHNICAL_ISSUE"
6840,"Sign in with single sign-on fails and shows an unauthorized message.","ACCOUNT_ACCESS"
6841,"Please send an invoice for my latest Starter subscription payment.","BILLING_PAYMENT"
6842,"i do not have access to my old email address and need to recover my account. any help would be appreciated.","ACCOUNT_ACCESS"
6843,"Good afternoon, Can I pay by bank transfer instead of card? My card keeps getting declined.","BILLING_PAYMENT"
6844,"Hello support, The payment page rejects my card and I cannot renew my Team plan. Please respond soon.","BILLING_PAYMENT"
6845,"What is the easiest way to transfer ownership of a workspace?","HOW_TO_SUPPORT"
6846,"Can you build a mobile widget into the project board? Many users would benefit","FEATURE_REQUEST"
6847,"hey, product idea: let us pin important items to the top.","FEATURE_REQUEST"
6848,"Hello team, I upgraded my plan but the charge shows the wrong amount.","BILLING_PAYMENT"
6849,"Dear support team, My team would love to have version history. Is it on the roadmap? Please respond soon.","FEATURE_REQUEST"
6850,"I cancelled my subscription weeks ago and you still took money from my account. Please help.","BILLING_PAYMENT"
6851,"what are the steps to set my working hours?","HOW_TO_SUPPORT"
6852,"Is your service available in India? Thank you.","OTHER"
6853,"Hi there, Suggestion: allow users to use the product without an internet connection.","FEATURE_REQUEST"
6854,"hello team, i would like a refund for the $19 charge this month.","BILLING_PAYMENT"
6855,"Hi team, The workspace does not display anything after the latest update.","TECHNICAL_ISSUE"
6856,"There is an unknown charge of $24.99 from your company on my bank statement. Thanks in advance.","BILLING_PAYMENT"
6857,"Hello support, The app freezes when I try to publish a large PNG image. Thanks.","TECHNICAL_ISSUE"
6858,"The one-time passcode never arrives in my inbox. Thanks in advance.","ACCOUNT_ACCESS"
6859,"hello support, the site is down for me, i only see a server error. thanks a lot.","TECHNICAL_ISSUE"
6860,"Hi team, Thank you for your help, everything is fine now. Any help would be appreciated.","OTHER"
6861,"It would be great to have a calendar view in the calendar.","FEATURE_REQUEST"
6862,"I was charged $99 this quarter but I expected a different amount.","BILLING_PAYMENT"
6863,"I am unable to sign in to my account since this morning. Any help would be appreciated.","ACCOUNT_ACCESS"
6864,"Hello team, I would like instructions on how to delete a workspace. Thanks a lot.","HOW_TO_SUPPORT"
6865,"The system says the PDF format is not supported even though it is valid. Please advise.","TECHNICAL_ISSUE"
6866,"Everything works on my computer but the billing page crashes on my iPhone.","TECHNICAL_ISSUE"
6867,"Hello, Do you offer any events or webinars? Let me know what to do.","OTHER"
6868,"Hello team, Do you have a tutorial on how to change the date format? Let me know what to do.","HOW_TO_SUPPORT"
6869,"Are you planning to release a kanban view in the future","FEATURE_REQUEST"
6870,"Can you send me an invoice for the $29 payment? Thanks in advance.","BILLING_PAYMENT"
6871,"Hi, I want to leave genearl feedback about my experience.","OTHER"
6872,"a pop up with a something went wrong message appears every time i try to save.","TECHNICAL_ISSUE"
6873,"I was billed $59.99 twice for the same subscription. Let me know what to do.","BILLING_PAYMENT"
6874,"Dear support team, I got a new phone and my authenticator app no longer works, so I cannot log in. Thanks in advance.","ACCOUNT_ACCESS"
6875,"My account is blocked and I cannot reach my data.","ACCOUNT_ACCESS"
6876,"Where can I change my defalut dashboard? Thanks a lot","HOW_TO_SUPPORT"
6877,"Dear support team, The payment page rejects my card and I cannot renew my Business plan.","BILLING_PAYMENT"
6878,"Unable to sign in on Opera, it just keeps reloading the login page. Please respond soon.","ACCOUNT_ACCESS"
6879,"What are the steps to restore a deleted file? Thanks a lot.","HOW_TO_SUPPORT"
6880,"Why was I billed $99 when my plan should be cheaper? Thanks.","BILLING_PAYMENT"
6881,"Good morning, Featrue request: a calendar view.","FEATURE_REQUEST"
6882,"Suggestion: allow users to use the product without an internet connection.","FEATURE_REQUEST"
6883,"Hello support, I get a 502 bad gateway when I try to save on the task list. Thanks in advance.","TECHNICAL_ISSUE"
6884,"Hello, is anoyne there? Let me know what to do.","OTHER"
6885,"I need help but I am not sure wihch option applies.","OTHER"
6886,"Dear support team, I need to talk to someone but I do not know what to select. Any help would be appreciated.","OTHER"
6887,"Greetings, I cannot log in after the latest update.","ACCOUNT_ACCESS"
6888,"Do you have a tutorial on how to update my profile picture?","HOW_TO_SUPPORT"
6889,"Hello team, Do you offer any events or webinars?","OTHER"
6890,"Please let us export tables to CSV.","FEATURE_REQUEST"
6891,"Hello, The page keeps refreshing by itself and I lose what I typed","TECHNICAL_ISSUE"
6892,"Hi team, Please consider adding a way to set reminders on tasks.","FEATURE_REQUEST"
6893,"I was charged $249 for a plan I never upgraded to. Thanks a lot.","BILLING_PAYMENT"
6894,"Hi there, I wish the inbox had a mobile widget. Thanks in advance.","FEATURE_REQUEST"
6895,"Dear support team, Not sure how to update my profile picture, can you point me to the right help article?","HOW_TO_SUPPORT"
6896,"The team page becomes blnak when I upload a PDF.","TECHNICAL_ISSUE"
6897,"product idea: let us pin important items to the top.","FEATURE_REQUEST"
6898,"What are your businses hours?","OTHER"
6899,"How did your cmopany start? I am curious. Please respond soon.","OTHER"
6900,"Hi team, I need help but I am not sure which option applies. Thanks in advance.","OTHER"
6901,"I get a generic error message when I try to save on the admin console.","TECHNICAL_ISSUE"
6902,"Good afternoon, Do you offer any events or webinars","OTHER"
6903,"I keep getting an invalid password message even though I am typing it correctly. Please advise.","ACCOUNT_ACCESS"
6904,"Could you add an option to export activity logs as Word? Thanks","FEATURE_REQUEST"
6905,"Good afternoon, Is your service available in Nigeria?","OTHER"
6906,"Hey, Can you walk me through how to import contacts from a CSV file?","HOW_TO_SUPPORT"
6907,"Can you help me regain access to my account? I need to get in right now. Thanks in advance.","ACCOUNT_ACCESS"
6908,"Hello, is anyone there?","OTHER"
6909,"Please consider adding a way to customize the dashboard layout.","FEATURE_REQUEST"
6910,"Hello, Which page lets me manage my integration settings?","HOW_TO_SUPPORT"
6911,"Hey, I want to switch to annual billing to get the discount, how is the payment handled?","BILLING_PAYMENT"
6912,"Please forward this message to your security team. Thanks.","OTHER"
6913,"Can you build a knaban view into the dashboard? Many users would benefit.","FEATURE_REQUEST"
6914,"Good afternoon, Charts on the workspace do not load.","TECHNICAL_ISSUE"
6915,"A pop up with a error 404 appears every time I try to refresh. Let me know what to do.","TECHNICAL_ISSUE"
6916,"I want to switch to annual billing to get the discount, how is the payment handled? Any help would be appreciated.","BILLING_PAYMENT"
6917,"Can soemone contact me about an issue?","OTHER"
6918,"I see a spinning loader that never finishes on the search page.","TECHNICAL_ISSUE"
6919,"I wolud like instructions on how to find my activity history.","HOW_TO_SUPPORT"
6920,"i cannot access my inbox because it says i do not have permission. thanks in advance.","ACCOUNT_ACCESS"
6921,"I want to switch to annual billnig to get the discount, how is the payment handled? Thank you.","BILLING_PAYMENT"
6922,"The task list shows a error 500 since yesterday. Please advise.","TECHNICAL_ISSUE"
6923,"I am getting a message that my account is temporarily locked, please help me get in. Please help.","ACCOUNT_ACCESS"
6924,"Can you walk me through how to set up a recruring report","HOW_TO_SUPPORT"
6925,"Hi, Are you planning to release custom themes in the future? Thanks in advance.","FEATURE_REQUEST"
6926,"Hello, The task list shows a something went wrong message an hour ago.","TECHNICAL_ISSUE"
6927,"Dear support team, I cannot log into my account, it says the email address is not registered but I have used it before.","ACCOUNT_ACCESS"
6928,"Hey, Would it be possible to customize the dashboard layout? That would save us a lot of time.","FEATURE_REQUEST"
6929,"Video previews will not play in the search page. Please respond soon.","TECHNICAL_ISSUE"
6930,"The app freezes when I try to delete a large PDF","TECHNICAL_ISSUE"
6931,"The reset link does nothing when I click it. Thank you.","ACCOUNT_ACCESS"
6932,"Please add single sign-on for account security. Let me know what to do.","FEATURE_REQUEST"
6933,"Hey, Payment status says pending for days, and my subscription is still not active","BILLING_PAYMENT"
6934,"Unable to sign in on Edge, it just keeps reloading the login page. Regards.","ACCOUNT_ACCESS"
6935,"I would like more information before I craete an account.","OTHER"
6936,"Suggestion: allow users to set reminders on tasks. Thanks a lot.","FEATURE_REQUEST"
6937,"Hello, I would like more information before I create an account","OTHER"
6938,"Where do I go in the team page to change my default dashboard? Please advise.","HOW_TO_SUPPORT"
6939,"Hey, Why was I billed $14 when my plan should be cheaper?","BILLING_PAYMENT"
6940,"Hello, I was removed from the workspace by msitake and cannot get back in.","ACCOUNT_ACCESS"
6941,"I would like to get in touch with sales. Please respond soon.","OTHER"
6942,"Hello, Can I get a call back from someone on your team?","OTHER"
6943,"Greetings, I am a student working on a school project about your product, who can I talk to","OTHER"
6944,"Scheduled reports are not running at the set time. Thank you.","TECHNICAL_ISSUE"
6945,"Dear support team, Can you send me some information about what you offer?","OTHER"
6946,"Good afternoon, Can you walk me through how to pirnt a report?","HOW_TO_SUPPORT"
6947,"Can you build custom themes into the analytics page? Many users would benefit","FEATURE_REQUEST"
6948,"Greetings, Product idea: let us set custom roles for team members.","FEATURE_REQUEST"
6949,"Hi, Please add support for exporting to Google Sheets and also bulk actions.","FEATURE_REQUEST"
6950,"Hello team, Any plans to support French in the interface?","FEATURE_REQUEST"
6951,"An option for a calendar view would make the product much better.","FEATURE_REQUEST"
6952,"Greetings, The download link gives a generic error message instead of the file. Thanks in advance","TECHNICAL_ISSUE"
6953,"Hello support, I cannot recover my account because the security questions are not working.","ACCOUNT_ACCESS"
6954,"How do I use the workspace to link my account to Slack?","HOW_TO_SUPPORT"
6955,"Could you add an option to export tables as Excel?","FEATURE_REQUEST"
6956,"Dear support team, Would you consider adding a Slack connection to your product?","FEATURE_REQUEST"
6957,"Hello, Please send an invoice for my latest Business subscription payment. Thanks a lot.","BILLING_PAYMENT"
6958,"It would be helpful if the analytics page supported a mobile widget.","FEATURE_REQUEST"
6959,"Dear support team, The system says the CSV file format is not supported even though it is valid.","TECHNICAL_ISSUE"
6960,"There is an unknown charge of GBP 45 from your company on my bank statement.","BILLING_PAYMENT"
6961,"hello team, i keep getting an invalid password message even though i am typing it correctly.","ACCOUNT_ACCESS"
6962,"The submit button does nothing on the workspace.","TECHNICAL_ISSUE"
6963,"How do I create a template? Regards.","HOW_TO_SUPPORT"
6964,"Please add dark mode to the task list.","FEATURE_REQUEST"
6965,"The task list becomes blank when I upload a JPEG photo.","TECHNICAL_ISSUE"
6966,"Good morning, My colleague left the company and I need access to the admin account. Thanks.","ACCOUNT_ACCESS"
6967,"good morning, i would like to get in touch with the right department.","OTHER"
6968,"Greetings, Please send an invoice for my latest Basic subsrciption payment.","BILLING_PAYMENT"
6969,"Hey, Are you planning to release keyboard shortcuts in the future? Please help.","FEATURE_REQUEST"
6970,"Is it possible to share a dashboard with a client? I cannot find where. Thanks.","HOW_TO_SUPPORT"
6971,"I forgot my password and the reest link says it has expired. Thanks","ACCOUNT_ACCESS"
6972,"Hello, Data I entered yesterday disappeared from the notifications panel.","TECHNICAL_ISSUE"
6973,"Hello support, The autosave is broken and my work was lost sicne this morning.","TECHNICAL_ISSUE"
6974,"Hi, The page shows an unexpected error code 403 when I save my profile. Regards.","TECHNICAL_ISSUE"
6975,"the system says the spreadsheet format is not supported even though it is valid.","TECHNICAL_ISSUE"
6976,"Which page lets me manage my email preferences? Please respond soon.","HOW_TO_SUPPORT"
6977,"Dear support team, Could you add an option to export contact lists as PDF","FEATURE_REQUEST"
6978,"Add drag and drop please, it is missing from the inbox.","FEATURE_REQUEST"
6979,"The refresh button does nothing on the calendar.","TECHNICAL_ISSUE"
6980,"I am trying to merge duplciate entries but I cannot find the option. Where is it?","HOW_TO_SUPPORT"
6981,"Everything works on my computer but the search page crashes on my Windows laptop.","TECHNICAL_ISSUE"
6982,"Good afternoon, I need a corrected invoice with our new company address.","BILLING_PAYMENT"
6983,"My credit card was declined but my bank says there is no problem. Thanks in advance.","BILLING_PAYMENT"
6984,"Everything works on my computer but the settings page crashes on my MacBook.","TECHNICAL_ISSUE"
6985,"Please unlock my account, I entered the wrong password several times. Let me know what to do.","ACCOUNT_ACCESS"
6986,"Where do I go in the reports page to change my time zone settings?","HOW_TO_SUPPORT"
6987,"Any documentation on how to duplicate a project?","HOW_TO_SUPPORT"
6988,"Add a search bar please, it is missing from the calendar.","FEATURE_REQUEST"
6989,"Unable to sign in on Brave, it just keeps reloading the login page.","ACCOUNT_ACCESS"
6990,"Feature request: the ability to schedule reports in advance. Please respond soon.","FEATURE_REQUEST"
6991,"Hello team, Can you explain how to create a template?","HOW_TO_SUPPORT"
6992,"Suggestion: allow users to schedule repotrs in advance.","FEATURE_REQUEST"
6993,"Dear support team, My account has been locked and I do not know why.","ACCOUNT_ACCESS"
6994,"I was charged $59.99 for a plan I never upgraded to. Let me know what to do.","BILLING_PAYMENT"
6995,"Good morning, Any documentation on how to import contacts from a CSV file?","HOW_TO_SUPPORT"
6996,"Hey, I am not sure who to ask about this.","OTHER"
6997,"Good afternoon, Scheduled reports are not running at the set time.","TECHNICAL_ISSUE"
6998,"Please send an invoice for my latest Premium subscription payment. Thanks.","BILLING_PAYMENT"
6999,"I am trying to pin a dashboard as my home page but I cannot find the option. Where is it","HOW_TO_SUPPORT"
7000,"Hi team, I would like to know who I should contact regarding a collaboration. Thanks in advance.","OTHER"
7001,"Hi, I need a crorected invoice with our new company address. Regards.","BILLING_PAYMENT"
7002,"Good morning, I got charged in the wrong currency for my annual plan.","BILLING_PAYMENT"
7003,"Hi there, Could someone give me an overview of what your company does?","OTHER"
7004,"Good morning, My team would love to have dark mode. Is it on the roadmap?","FEATURE_REQUEST"
7005,"I got charged in the wrong currency for my Team plan. Thanks a lot.","BILLING_PAYMENT"
7006,"Please add support for exporting to PowerPoint and also an undo button","FEATURE_REQUEST"
7007,"My changes are not saved, the search page reverts to the old values.","TECHNICAL_ISSUE"
7008,"Please add support for exporting to Google Sheets and also custom themes.","FEATURE_REQUEST"
7009,"Hello, The password I created durnig sign up is not accepted at login","ACCOUNT_ACCESS"
7010,"Dear support team, Not sure how to set up my workspace for the first time, can you point me to the right help article?","HOW_TO_SUPPORT"
7011,"Hi team, I would like to get in touch with a product specialist.","OTHER"
7012,"I want a refund bceause I was billed after cancelling.","BILLING_PAYMENT"
7013,"The page never finishes loading and only shows a blank white screen. Thank you.","TECHNICAL_ISSUE"
7014,"Which menu do I use to set up a recurring report? Please advise.","HOW_TO_SUPPORT"
7015,"Greetings, I need help but I am not sure which option applies. Any help would be appreciated.","OTHER"
7016,"Hi team, I am new here, how do I export my data?","HOW_TO_SUPPORT"
7017,"Dear support team, I upgraded my plan but the charge shows the wrong amount.","BILLING_PAYMENT"
7018,"What is the esaiest way to restore a deleted file","HOW_TO_SUPPORT"
7019,"Hi, I would like to know who I should contact regarding a collaboration.","OTHER"
7020,"Hi there, An option for a search bar would make the product much better.","FEATURE_REQUEST"
7021,"Good morning, Is it possible to create a template? I cannot find where.","HOW_TO_SUPPORT"
7022,"Please add a compact layout to the profile page.","FEATURE_REQUEST"
7023,"Good morning, The website does not work properly in Opera, but it is fine in another browser.","TECHNICAL_ISSUE"
7024,"Hey, My credit card was declined but my bank says there is no problem. Please help.","BILLING_PAYMENT"
7025,"Hi team, The SMS code takes forever to arrive and then it has expired.","ACCOUNT_ACCESS"
7026,"I would like the option to add comments to reports in a future release.","FEATURE_REQUEST"
7027,"My account is deactivated and I need to get in right now. Thanks in advance.","ACCOUNT_ACCESS"
7028,"Please stop future charges to my card and cancel my subscription. Thank you.","BILLING_PAYMENT"
7029,"I was charged EUR 39 for my annual plan but I expected a different amount.","BILLING_PAYMENT"
7030,"hi team, i would like to speak with a sales representative about enterprise options. thank you.","OTHER"
7031,"Hi, The app freezes when I try to share a large PNG image.","TECHNICAL_ISSUE"
7032,"Could you please implement two-factor authentication in a coming update?","FEATURE_REQUEST"
7033,"The refresh button does nothing on the workspace.","TECHNICAL_ISSUE"
7034,"There is a mistake in my latest invoice, the total does not match the plan price. Thank you.","BILLING_PAYMENT"
7035,"Good afternoon, It would be nice to have authenticator app support.","FEATURE_REQUEST"
7036,"I think I sent this to the wrong place, who is the right contact? Please help.","OTHER"
7037,"Please let us export reports to JSON.","FEATURE_REQUEST"
7038,"Hi team, Please reset my account access, I cannot get past the login screen.","ACCOUNT_ACCESS"
7039,"Any documentation on how to set up my workspace for the first time?","HOW_TO_SUPPORT"
7040,"Hello team, Do you have any security certifications?","OTHER"
7041,"What is the easiest way to download a report?","HOW_TO_SUPPORT"
7042,"Hello, I was billed EUR 39 twice for the same subscription.","BILLING_PAYMENT"
7043,"Good afternoon, Data I entered yesterday disappeared from the calendar","TECHNICAL_ISSUE"
7044,"I am new here, how do I change my display name","HOW_TO_SUPPORT"
7045,"Greetings, Please add authenticator app support for account security.","FEATURE_REQUEST"
7046,"It would be helpful if the settings page supported a kanban view.","FEATURE_REQUEST"
7047,"i downgraded to the monthly plan but i was still billed the higher price. please respond soon.","BILLING_PAYMENT"
7048,"I never received the password reset email, I already checked my spam folder. Any help would be appreciated.","ACCOUNT_ACCESS"
7049,"I am unable to sign in to my account since last night. Any help would be appreciated.","ACCOUNT_ACCESS"
7050,"The mobile app closes immediately after opening on my Linux machine.","TECHNICAL_ISSUE"
7051,"Hey, I would like instructions on how to add a comment to a task. Thanks a lot.","HOW_TO_SUPPORT"
7052,"i want to switch to annaul billing to get the discount, how is the payment handled? regards.","BILLING_PAYMENT"
7053,"Is it possible to add a comment to a task? I cannot find where.","HOW_TO_SUPPORT"
7054,"Good morning, The magic link never arrives in my inbox.","ACCOUNT_ACCESS"
7055,"i cannot access my inbox because it says i do not have permission. let me know what to do.","ACCOUNT_ACCESS"
7056,"i am getting a 502 bad gateway whenever i open the settings page. thanks a lot.","TECHNICAL_ISSUE"
7057,"my invitation link to join the team does not let me sign in. please respond soon.","ACCOUNT_ACCESS"
7058,"Hi there, I need a corrected invoice with our new company address. Please help.","BILLING_PAYMENT"
7059,"Hey, Is there a guide that shows how to transfer ownership of a workspace?","HOW_TO_SUPPORT"
7060,"I want to report something that does not fit any category. Thank you","OTHER"
7061,"Hello, I am a student working on a school project about your product, who can I talk to?","OTHER"
7062,"Hello support, Feature request: the ability to schedule reports in advance.","FEATURE_REQUEST"
7063,"Hey, I was charged $249 for a plan I never upgraded to.","BILLING_PAYMENT"
7064,"I represent a media outlet and want to recah out to the press team","OTHER"
7065,"Good morning, My renewal payment failed and now my subscription shows as past due.","BILLING_PAYMENT"
7066,"Hello team, An option for a favorites list would make the product much better.","FEATURE_REQUEST"
7067,"Hey, I have a question about your service. Thanks in advance.","OTHER"
7068,"Good afternoon, It would be helpful if the inbox supported dark mode","FEATURE_REQUEST"
7069,"Which page lets me manage my language settings","HOW_TO_SUPPORT"
7070,"It would improve my workflow if I could add custom fields to every project. Any help would be appreciated.","FEATURE_REQUEST"
7071,"Hey, Login fails on Opera with an authentication failed message.","ACCOUNT_ACCESS"
7072,"good afternoon, what are the steps to rename a project?","HOW_TO_SUPPORT"
7073,"Good morning, I need a receipt for my payment for June for tax purposes.","BILLING_PAYMENT"
7074,"The payment page rejects my card and I cannot renew my Pro plan. Please help.","BILLING_PAYMENT"
7075,"Good morning, Could you add auto save to the settings page?","FEATURE_REQUEST"
7076,"Greetings, Please forward this message to sales","OTHER"
7077,"Hi team, Do you have a partnership program?","OTHER"
7078,"It would be helpful if the task list supported dark mode.","FEATURE_REQUEST"
7079,"Please add auto save to the inbox.","FEATURE_REQUEST"
7080,"My card was chagred twice yesterday.","BILLING_PAYMENT"
7081,"Good morning, Can someone explain how to use the admin console","HOW_TO_SUPPORT"
7082,"hi team, i cannot log in since yesterday.","ACCOUNT_ACCESS"
7083,"Greetings, What are your business hours?","OTHER"
7084,"My card was charged twice this quarter. Please help.","BILLING_PAYMENT"
7085,"Are you planning to release a search bar in the future?","FEATURE_REQUEST"
7086,"Which menu do I use to download a report?","HOW_TO_SUPPORT"
7087,"is it possible to share a dashborad with a client? i cannot find where.","HOW_TO_SUPPORT"
7088,"Hey, Images are not displaying correctly on the billing page in Edge.","TECHNICAL_ISSUE"
7089,"hi there, please add dark mode to the dashboard.","FEATURE_REQUEST"
7090,"I would love to see an integration with Google Calendar. Thanks.","FEATURE_REQUEST"
7091,"I need a receipt for my payment last month for tax purposes. Thanks in advance.","BILLING_PAYMENT"
7092,"Hello support, Where can I change my team permissions?","HOW_TO_SUPPORT"
7093,"Feature request: the ability to set reminders on tasks","FEATURE_REQUEST"
7094,"Greetings, Thnak you for your help, everything is fine now","OTHER"
7095,"could you tell me how to set up a recurring report? thank you.","HOW_TO_SUPPORT"
7096,"Is there a guide that shows how to update my profile picture? Thank you.","HOW_TO_SUPPORT"
7097,"Hey, Where do I go in the team page to change my display name?","HOW_TO_SUPPORT"
7098,"I want a refnud because I was billed after cancelling. Please advise.","BILLING_PAYMENT"
7099,"My bank shows a pending charge of $149 that I do not recognize.","BILLING_PAYMENT"
7100,"Suggestion: allow users to assign tasks to multiple people.","FEATURE_REQUEST"
7101,"I see a spinning loader that never finishes on the billing page. Let me know what to do.","TECHNICAL_ISSUE"
7102,"I want to leave general feedback about my experience. Thank you.","OTHER"
7103,"Please add support for exporting to JSON and also dark mode.","FEATURE_REQUEST"
7104,"Could you tell me how to set up my workspace for the first time?","HOW_TO_SUPPORT"
7105,"Hi team, Please get back to me when you can, I have a few questions.","OTHER"
7106,"my card was charged three times for march.","BILLING_PAYMENT"
7107,"Dear support team, Product idea: let us set custom roles for team members.","FEATURE_REQUEST"
7108,"Hi, The app crashes every time I try to upload.","TECHNICAL_ISSUE"
7109,"I upgraded my plan but the charge shows the wrong amount. Any help would be appreciated.","BILLING_PAYMENT"
7110,"hi there, i was removed from the workspace by mistake and cannot get back in.","ACCOUNT_ACCESS"
7111,"Any plans to support Japanese in the interface?","FEATURE_REQUEST"
7112,"Please add Arabic language support.","FEATURE_REQUEST"
7113,"Do you offer any events or webinars?","OTHER"
7114,"I am trying to upload a company logo but I cannot find the option. Where is it?","HOW_TO_SUPPORT"
7115,"hi there, suggestion: allow users to see who viewed a shared report.","FEATURE_REQUEST"
7116,"Hi team, Plaese unlock my account, I entered the wrong password several times. Thank you.","ACCOUNT_ACCESS"
7117,"Why was I billed $49 when my plan should be cheaper","BILLING_PAYMENT"
7118,"Which menu do I use to export my data? Please respond soon.","HOW_TO_SUPPORT"
7119,"Thank you for your help, everything is fine now. Let me know what to do","OTHER"
7120,"Good morning, Are you currently hiring?","OTHER"
7121,"Good morning, I would like more information before I create an account.","OTHER"
7122,"Dear support team, I cannot log in on my iPhone.","ACCOUNT_ACCESS"
7123,"How do I remove a user from my team?","HOW_TO_SUPPORT"
7124,"Hello, Is there someone I can meet in person to talk about your product? Regards.","OTHER"
7125,"I get an access denied message when I try to open my workspace. Thank you","ACCOUNT_ACCESS"
7126,"My card was charged three times this week. Thanks a lot.","BILLING_PAYMENT"
7127,"I cannot recover my account because the security questions are not working. Please help.","ACCOUNT_ACCESS"
7128,"I cannot log in since Monday.","ACCOUNT_ACCESS"
7129,"Can you send me an invioce for the $59.99 payment","BILLING_PAYMENT"
7130,"Hi, Sign in with single sign-on fails and shows an unauthorized message. Thanks in advance.","ACCOUNT_ACCESS"
7131,"Hi team, We really need version history on the task list, please consider it.","FEATURE_REQUEST"
7132,"Hello, I was removed from the workspace by mistake and cannot get back in.","ACCOUNT_ACCESS"
7133,"Good afternoon, The page never finsihes loading and only shows a generic error message. Let me know what to do.","TECHNICAL_ISSUE"
7134,"Hello, Sign in with single sign-on fails and shows an unauthorized message.","ACCOUNT_ACCESS"
7135,"Good afternoon, My account is suspended and I cannot do my work","ACCOUNT_ACCESS"
7136,"my invitation link to join the team does not let me sign in. thank you.","ACCOUNT_ACCESS"
7137,"Hi, Please let us export contact lists to JSON.","FEATURE_REQUEST"
7138,"Text is cut off and overlapping on the profile page on my Windows laptop.","TECHNICAL_ISSUE"
7139,"Hi, Please stop future charges to my card and cancel my subscription. Please advise","BILLING_PAYMENT"
7140,"Hi team, The discount promised to me is not reflected on my bill. Please help.","BILLING_PAYMENT"
7141,"It would be helpful if the project board supported keyboard shortcuts.","FEATURE_REQUEST"
7142,"I lost my phone and cannot receive the verification code to sign in. Please advise.","ACCOUNT_ACCESS"
7143,"Hello support, I need a corrected invoice with our new company address.","BILLING_PAYMENT"
7144,"Payment sattus says pending for days, and my subscription is still not active","BILLING_PAYMENT"
7145,"Whcih page lets me manage my language settings","HOW_TO_SUPPORT"
7146,"Hello support, My colleague left the company and I need access to the admin account.","ACCOUNT_ACCESS"
7147,"Hi there, Charts on the task list do not load.","TECHNICAL_ISSUE"
7148,"I represent a media outlet and want to recah out to the press team. Please help.","OTHER"
7149,"Login fails on Chrome with an authentication failed message.","ACCOUNT_ACCESS"
7150,"My changes are not saved, the inbox reevrts to the old values.","TECHNICAL_ISSUE"
7151,"Hi there, My renewal payment failed and now my subscription shows as past due.","BILLING_PAYMENT"
7152,"my chanegs are not saved, the calendar reverts to the old values.","TECHNICAL_ISSUE"
7153,"My card was charged twice on the first of the month. Regards.","BILLING_PAYMENT"
7154,"I would like a refund for the $120 charge last month","BILLING_PAYMENT"
7155,"Good afternoon, I cancelled my subscription weeks ago and you still took money from my account.","BILLING_PAYMENT"
7156,"Which page lets me manage my default dashboard? Please respond soon.","HOW_TO_SUPPORT"
7157,"The delete button does nothing on the analytics page.","TECHNICAL_ISSUE"
7158,"The system says the ZIP file format is not supported even though it is valid. Any help would be appreciated.","TECHNICAL_ISSUE"
7159,"Can I pay by bank transfer instead of card? My card keeps getting declined. Any help would be appreciated.","BILLING_PAYMENT"
7160,"Do you support customers based in Brazil?","OTHER"
7161,"Hello, The API reutrns a error 500 when I call the endpoint.","TECHNICAL_ISSUE"
7162,"The page never finsihes loading and only shows a error 404. Please respond soon.","TECHNICAL_ISSUE"
7163,"Hello team, What is the easiest way to set up my workspace for the first time?","HOW_TO_SUPPORT"
7164,"My card was charged twice this quarter.","BILLING_PAYMENT"
7165,"I represent a media outlet and want to reach out to the press team. Thanks a lot.","OTHER"
7166,"Can you explain how to download a report? Please advise.","HOW_TO_SUPPORT"
7167,"the page never finishes loading and only shows a generic error message. thanks.","TECHNICAL_ISSUE"
7168,"I forgot the emial I used to register and cannot get into my account.","ACCOUNT_ACCESS"
7169,"Good morning, I am not able to log in from my iPad but it works on my computer.","ACCOUNT_ACCESS"
7170,"Feature request: the ability to filter by date range.","FEATURE_REQUEST"
7171,"I am not able to log in from my iPhone but it works on my computer.","ACCOUNT_ACCESS"
7172,"Hi, I never received the one-time passcode, I already checked my spam folder.","ACCOUNT_ACCESS"
7173,"How do I use the team page to rename a project?","HOW_TO_SUPPORT"
7174,"Any plans to support Portuguese in the interface? Thanks a lot.","FEATURE_REQUEST"
7175,"What is the easiest way to make a teammate an admin?","HOW_TO_SUPPORT"
7176,"Could you add a search bar to the search page? Please help.","FEATURE_REQUEST"
7177,"Dear support team, How do I print a report?","HOW_TO_SUPPORT"
7178,"Hi there, Just started using the product, need to know how to export my data","HOW_TO_SUPPORT"
7179,"I am trying to set my working hours but I cannot find the option. Where is it?","HOW_TO_SUPPORT"
7180,"Hi, I am locked out after too many failed login attempts","ACCOUNT_ACCESS"
7181,"Hello support, I would like to get in touch with your press team.","OTHER"
7182,"Can I get a call back from someone on your team? Please help.","OTHER"
7183,"Hi, How do I use the workspace to upload a company logo","HOW_TO_SUPPORT"
7184,"please add biometric login for account security.","FEATURE_REQUEST"
7185,"Where do I go in the settings page to change my workspace name? Please help.","HOW_TO_SUPPORT"
7186,"Please add custom themes to the notifications panel.","FEATURE_REQUEST"
7187,"Hello, The app crashes every time I try to import.","TECHNICAL_ISSUE"
7188,"Hi team, The SMS code never arrives in my inbox","ACCOUNT_ACCESS"
7189,"Can you explain how to export my data? Please advise.","HOW_TO_SUPPORT"
7190,"I am not sure who to ask abuot this.","OTHER"
7191,"Dear support team, Can you send me an invoice for the EUR 15 payment?","BILLING_PAYMENT"
7192,"Hi, Please add support for exporting to JSON and also an undo button. Thank you","FEATURE_REQUEST"
7193,"Hello support, Could someone give me an overview of what your company does?","OTHER"
7194,"I am trying to pin a dashboard as my home page but I cannot find the option. Where is it? Thanks.","HOW_TO_SUPPORT"
7195,"Good afternoon, Where do I go in the task list to change my profile information?","HOW_TO_SUPPORT"
7196,"Hello, I am stuck in a loop where the site asks me to verify my email again and again. Please advise.","ACCOUNT_ACCESS"
7197,"I have some questions about your company before I proceed. Please help.","OTHER"
7198,"Add a kanban view please, it is missing from the settings page.","FEATURE_REQUEST"
7199,"Hello, Pelase get back to me when you can, I have a few questions.","OTHER"
7200,"I cannot access my profile page because it says I do not have permission.","ACCOUNT_ACCESS"
7201,"Greetings, I am new here, how do I invite a member to my workspace?","HOW_TO_SUPPORT"
7202,"Hello, Scheduled reports are not running at the set time","TECHNICAL_ISSUE"
7203,"Hello support, My credit card was declined but my bank says there is no problem.","BILLING_PAYMENT"
7204,"Can you explain how to set up a recurring report? Thanks in advance.","HOW_TO_SUPPORT"
7205,"Greetings, I paid for the monthly plan but my account still shows the free tier","BILLING_PAYMENT"
7206,"Hello support, I need help but I am not sure which option applies.","OTHER"
7207,"I need a corrected invoice with our new company address. Any help would be appreciated.","BILLING_PAYMENT"
7208,"Greetings, Thank you for your help, everything is fine now.","OTHER"
7209,"Hello support, I need help but I am not sure which option applies. Regards.","OTHER"
7210,"Good morning, I cannot log in after turning on two-factor authentication.","ACCOUNT_ACCESS"
7211,"Hi, I wish the notifications panel had a kanban view.","FEATURE_REQUEST"
7212,"Good afternoon, Where is your company located? Thank you.","OTHER"
7213,"Good afternoon, A pop up with a error 500 appears every time I try to refresh.","TECHNICAL_ISSUE"
7214,"Any plans to support Portugeuse in the interface? Thank you","FEATURE_REQUEST"
7215,"I was charged $49 for a plan I never upgraded to. Regards.","BILLING_PAYMENT"
7216,"Hello team, I am getting a blank white screen whenever I open the team page.","TECHNICAL_ISSUE"
7217,"Good morning, Do you have a partnership program? Let me know what to do.","OTHER"
7218,"Hello support, Where is your company located? Let me know what to do.","OTHER"
7219,"What is the easiest way to link my account to Slack? Please help.","HOW_TO_SUPPORT"
7220,"My changes are not saved, the admin console reverts to the old values. Any help would be appreciated.","TECHNICAL_ISSUE"
7221,"I am writing to ask about internship opportunities. Please help.","OTHER"
7222,"Hello, Just started using the product, need to know how to create a template.","HOW_TO_SUPPORT"
7223,"I was charged $14 this month but I expected a different amount.","BILLING_PAYMENT"
7224,"dear support team, why is my account blocked? i need it restored as soon as possible.","ACCOUNT_ACCESS"
7225,"Unable to sign in on Firefox, it just keeps reolading the login page.","ACCOUNT_ACCESS"
7226,"I forgot the email I used to register and cannot get into my account. Please help.","ACCOUNT_ACCESS"
7227,"Please send monthly progress reports to my inbox automatically, it would help a lot. Any help would be appreciated.","FEATURE_REQUEST"
7228,"Hi there, A pop up with a error code 403 appears every time I try to publish.","TECHNICAL_ISSUE"
7229,"The page shows an unexpected blank white screen when I save my profile. Regards.","TECHNICAL_ISSUE"
7230,"Good afternoon, I would love to see an integration with Google Drive.","FEATURE_REQUEST"
7231,"everything on the billing page is loading extremely slowly since the latest update.","TECHNICAL_ISSUE"
7232,"dear support team, add dark mode please, it is missing from the dashboard. let me know what to do.","FEATURE_REQUEST"
7233,"My credit card was declined but my bank says there is no problem","BILLING_PAYMENT"
7234,"Product idea: let us mark items as favorites.","FEATURE_REQUEST"
7235,"Hi there, The application crashes when I click print.","TECHNICAL_ISSUE"
7236,"Good morning, Can someone contact me about an issue? Regards.","OTHER"
7237,"How do I use the billing page to upload a company logo?","HOW_TO_SUPPORT"
7238,"Is there a guide that shows how to archive old projects?","HOW_TO_SUPPORT"
7239,"I paid for the monthly plan but my account still shows the free tier. Please respond soon.","BILLING_PAYMENT"
7240,"Product idea: let us set custom roles for team members. Please advise.","FEATURE_REQUEST"
7241,"Hello support, The notifications panel is very slow and keeps freezing on my MacBook.","TECHNICAL_ISSUE"
7242,"Hello support, Scheduled reports are not running at the set time.","TECHNICAL_ISSUE"
7243,"What are the steps to assign a task to a colleague","HOW_TO_SUPPORT"
7244,"Why did the price of my Premium plan go up?","BILLING_PAYMENT"
7245,"Hello team, Which page lets me manage my workspace name?","HOW_TO_SUPPORT"
7246,"My username is not recogniezd on the login page.","ACCOUNT_ACCESS"
7247,"Hello, I am locked out after too many failed login attempts.","ACCOUNT_ACCESS"
7248,"I am new here, how do I assign a task to a colleague","HOW_TO_SUPPORT"
7249,"Everything on the project board is loading extremely slowly since Monday.","TECHNICAL_ISSUE"
7250,"hi, can you explain how to turn on email alerts?","HOW_TO_SUPPORT"
7251,"Hello, An option for keyboard shortcuts would make the product much better. Thanks.","FEATURE_REQUEST"
7252,"Hello support, Can I get a call back from someone on your team?","OTHER"
7253,"Hello, Thanks for the great support last week!","OTHER"
7254,"Hi, My subscription renewed automatically and I did not want that, please refund me.","BILLING_PAYMENT"
7255,"I have a question abuot your service.","OTHER"
7256,"I represent a media outlet and want to reach out to the press team. Please respond soon.","OTHER"
7257,"Please consider adding a way to tag items with labels","FEATURE_REQUEST"
7258,"Please credit my account for the payment error on the first of the month. Thanks in advance.","BILLING_PAYMENT"
7259,"dear support team, what are the steps to import contacts from a csv file?","HOW_TO_SUPPORT"
7260,"Hi team, Why did the price of my annual plan go up?","BILLING_PAYMENT"
7261,"A pop up with a error code 403 appears every time I try to export.","TECHNICAL_ISSUE"
7262,"Greetings, Video previews will not play in the mobile app.","TECHNICAL_ISSUE"
7263,"Any documentation on how to link my account to Slack?","HOW_TO_SUPPORT"
7264,"Hi, My account was hacked and I cannot log in anymore.","ACCOUNT_ACCESS"
7265,"I see a spinning loader that never finishes on the search page. Thanks in advance.","TECHNICAL_ISSUE"
7266,"Dear support team, I changed my email adrdess and now I cannot access my account","ACCOUNT_ACCESS"
7267,"Do you offer any events or webinars? Please help.","OTHER"
7268,"hello support, my creidt card was declined but my bank says there is no problem.","BILLING_PAYMENT"
7269,"My payment was successful but my subscirption is still inactive. Thanks a lot.","BILLING_PAYMENT"
7270,"Hey, Please stop future charges to my card and cancel my subscription. Please help.","BILLING_PAYMENT"
7271,"Dear support team, Sign in with single sign-on fails and shows an unauthorized message.","ACCOUNT_ACCESS"
7272,"I would like instructions on how to change my time zone.","HOW_TO_SUPPORT"
7273,"i was charged $120 for a plan i never upgraded to. any help would be appreciated.","BILLING_PAYMENT"
7274,"I would like to get in touch with a manager. Let me know what to do.","OTHER"
7275,"hello support, i want a refund because i was billed after cancelling.","BILLING_PAYMENT"
7276,"Could you add an option to export project lists as PDF? Thank you.","FEATURE_REQUEST"
7277,"Please forward this message to the partnerships team. Regards.","OTHER"
7278,"Just started using the product, need to know how to pin a dashboard as my home page. Let me know what to do.","HOW_TO_SUPPORT"
7279,"Dear support team, My subscription renewed automatically and I did not want that, please refund me","BILLING_PAYMENT"
7280,"Hi team, I am a student wokring on a school project about your product, who can I talk to?","OTHER"
7281,"Could you add a mboile widget to the calendar?","FEATURE_REQUEST"
7282,"There is a bug where the search page shows duplicate entries after I export.","TECHNICAL_ISSUE"
7283,"Where do I go in the settings page to change my default dashboard?","HOW_TO_SUPPORT"
7284,"Text is cut off and overlapping on the admin console on my work computer.","TECHNICAL_ISSUE"
7285,"Feautre request: an undo button. Thanks.","FEATURE_REQUEST"
7286,"Hi there, The VAT number is missing from my invoice.","BILLING_PAYMENT"
7287,"Hey, It would be helpful if the admin console supported a search bar.","FEATURE_REQUEST"
7288,"Good morning, Please consider adding a way to see who viewed a shared report. Thanks a lot","FEATURE_REQUEST"
7289,"Good morning, The download link gives a error code 403 instead of the file.","TECHNICAL_ISSUE"
7290,"Hello, Which menu do I use to add a new team member?","HOW_TO_SUPPORT"
7291,"Please add authenticator app support for account security.","FEATURE_REQUEST"
7292,"I cannot log in for two days.","ACCOUNT_ACCESS"
7293,"Dear support team, Where can I change my saved filters? Please help","HOW_TO_SUPPORT"
7294,"It would be great to have a calendar view in the mobile app.","FEATURE_REQUEST"
7295,"The app freezes when I try to import a large ZIP file.","TECHNICAL_ISSUE"
7296,"Good afternoon, I was charged after my free trial ended without any reminder.","BILLING_PAYMENT"
7297,"Good afternoon, How did your copmany start? I am curious.","OTHER"
7298,"greetings, i changed my phone number and now i cannot get the login code. please respond soon.","ACCOUNT_ACCESS"
7299,"Just started using the product, need to know how to turn on email alerts. Please advise.","HOW_TO_SUPPORT"
7300,"Could you add drag and drop to the workspace?","FEATURE_REQUEST"
7301,"It would be useful to receive biweekly performance summaries by email.","FEATURE_REQUEST"
7302,"Hey, Please add two-factor authentication for account security. Please help.","FEATURE_REQUEST"
7303,"It would improve my workflow if I could add custom fields to every project.","FEATURE_REQUEST"
7304,"Where can I find the integration settings","HOW_TO_SUPPORT"
7305,"Hey, Would you consider adding a GitHub connection to your product?","FEATURE_REQUEST"
7306,"An option for custom themes would make the product much better.","FEATURE_REQUEST"
7307,"Hi team, Everything works on my computer but the project board crashes on my MacBook.","TECHNICAL_ISSUE"
7308,"Please add a Microsoft Teams integration, our whole team uses it. Let me know what to do","FEATURE_REQUEST"
7309,"hi there, are you planning to release custom themes in the future?","FEATURE_REQUEST"
7310,"Hi, We really need a favorites list on the admin console, please consider it.","FEATURE_REQUEST"
7311,"Images are not displaying correctly on the workpsace in Brave.","TECHNICAL_ISSUE"
7312,"Hi, After I reset my password the new one is not accepted. Thanks in advance","ACCOUNT_ACCESS"
7313,"Hi there, The page shows an unexpected generic error message when I save my profile.","TECHNICAL_ISSUE"
7314,"hey, please consider adding a way to see who viewed a shared report.","FEATURE_REQUEST"
7315,"Hi there, Could you add an option to export activity logs as CSV?","FEATURE_REQUEST"
7316,"Good afternoon, The site is down for me, I only see a error code 403. Regards.","TECHNICAL_ISSUE"
7317,"everything on the search page is loading extremely slowly since this morning. please respond soon.","TECHNICAL_ISSUE"
7318,"Greetings, I am unable to sign in to my account since this morning. Let me know what to do","ACCOUNT_ACCESS"
7319,"Greetings, Payment status says pending for days, and my subscription is still not active.","BILLING_PAYMENT"
7320,"Hi, Please add support for exporting to PDF and also keyboard shortcuts. Please help.","FEATURE_REQUEST"
7321,"Hello, I would like to speak with a sales representative about enterprise options. Let me know what to do.","OTHER"
7322,"Hi, I paid for the Starter plan but my account still shows the free tier.","BILLING_PAYMENT"
7323,"Hello team, The upload button does nothing on the mobile app. Thanks a lot.","TECHNICAL_ISSUE"
7324,"Greetings, Which menu do I use to transfer ownership of a workspace?","HOW_TO_SUPPORT"
7325,"Hi there, My renewal payment failed and now my subscription shows as past due. Thanks in advance.","BILLING_PAYMENT"
7326,"Hello team, Can you build auto save into the dashboard? Many users would benefit. Please help.","FEATURE_REQUEST"
7327,"Hi, Could you add templates to the admin console?","FEATURE_REQUEST"
7328,"Why is my account deactivated? I need it restored as soon as possible. Let me know what to do.","ACCOUNT_ACCESS"
7329,"Hello team, I need a receipt for my payment for March for tax purposes.","BILLING_PAYMENT"
7330,"How can I set my working hours?","HOW_TO_SUPPORT"
7331,"Good afternoon, Could you add an opiton to export tables as XML?","FEATURE_REQUEST"
7332,"The search page becomes blank when I upload a spreadsheet","TECHNICAL_ISSUE"
7333,"Why did the price of my Pro plan go up? Thanks in advance.","BILLING_PAYMENT"
7334,"Please send daily progress reports to my inbox automatically, it would help a lot.","FEATURE_REQUEST"
7335,"Hi there, I see a spinning loader that never finishes on the analytics page.","TECHNICAL_ISSUE"
7336,"Do you have a tutorial on how to import contacts from a CSV file?","HOW_TO_SUPPORT"
7337,"hi, my colleague left the company and i need access to the admin account.","ACCOUNT_ACCESS"
7338,"Hello support, Product idea: let us customize the dashboard layout.","FEATURE_REQUEST"
7339,"File uploads stay sutck at zero percent.","TECHNICAL_ISSUE"
7340,"Good morning, I cannot access my project board because it says I do not have permission.","ACCOUNT_ACCESS"
7341,"It wolud be nice to have biometric login. Thanks.","FEATURE_REQUEST"
7342,"It would improve my workflow if I colud restore deleted items from a trash folder. Thank you","FEATURE_REQUEST"
7343,"The website does not work properly in Firefox, but it is fine in another browser.","TECHNICAL_ISSUE"
7344,"Hello team, The mobile app does not display anything after the latest update.","TECHNICAL_ISSUE"
7345,"I was removed from the workpsace by mistake and cannot get back in","ACCOUNT_ACCESS"
7346,"Hi team, The mobile app closes immediately after opening on my Android phone.","TECHNICAL_ISSUE"
7347,"Can you help me regain access to my account? I need to get in right now. Let me know what to do.","ACCOUNT_ACCESS"
7348,"I would like a refund for the $49 charge this week.","BILLING_PAYMENT"
7349,"hi there, can someone contact me about an issue? please respond soon.","OTHER"
7350,"Where do I go in the inbox to change my email preferences?","HOW_TO_SUPPORT"
7351,"There is a bug where the calendar shows duplicate entries after I download.","TECHNICAL_ISSUE"
7352,"I have a question about your service. Thank you.","OTHER"
7353,"Hello, Is it possible to change my password from the settings page? I cannot find where.","HOW_TO_SUPPORT"
7354,"Good morning, I cannot log in for the past few days.","ACCOUNT_ACCESS"
7355,"I got charged in the wrong currency for my monthly plan. Thanks.","BILLING_PAYMENT"
7356,"Hi team, Why is my account locked? I cannot do my work. Thanks a lot.","ACCOUNT_ACCESS"
7357,"I would like instructions on how to turn on email alerts.","HOW_TO_SUPPORT"
7358,"Hi there, Is your service available in the UAE?","OTHER"
7359,"Dear support team, I would love to see an integration with HubSpot.","FEATURE_REQUEST"
7360,"add a compact layout please, it is missing from the search page.","FEATURE_REQUEST"
7361,"Dear support team, Just started using the product, need to know how to pin a dashboard as my home page.","HOW_TO_SUPPORT"
7362,"Do you have a partenrship program","OTHER"
7363,"Hey, The dashboard numbers are wrong and do not match the raw data","TECHNICAL_ISSUE"
7364,"hi team, is your service avialable in australia? please advise.","OTHER"
7365,"It would be helpful if the task list supported bulk actions.","FEATURE_REQUEST"
7366,"I was charged for extra seats that I did not add. Let me know what to do.","BILLING_PAYMENT"
7367,"Just started using the product, need to know how to assign a task to a colleague.","HOW_TO_SUPPORT"
7368,"Hello support, I cancelled my subscription weeks ago and you still took money from my account.","BILLING_PAYMENT"
7369,"Good morning, Sign in with single sign-on fails and shows an unauthorized message. Thanks a lot.","ACCOUNT_ACCESS"
7370,"A pop up with a something went wrong message appears every time I try to share.","TECHNICAL_ISSUE"
7371,"my payment was successful but my subscription is still inactive. thanks a lot.","BILLING_PAYMENT"
7372,"I would like to get in touch with your security team. Any help would be appreciated.","OTHER"
7373,"It would be useful to receive quarterly performance summaries by email.","FEATURE_REQUEST"
7374,"Hi there, The payment went through but I did not get a confirmation and my account is not upgraded.","BILLING_PAYMENT"
7375,"Could you add an option to export contact lists as PowerPoint?","FEATURE_REQUEST"
7376,"just started using the product, need to know how to import contacts from a csv file.","HOW_TO_SUPPORT"
7377,"Hello support, Are you planning to release a search bar in the future?","FEATURE_REQUEST"
7378,"I am not able to log in from my Linux machine but it works on my computer.","ACCOUNT_ACCESS"
7379,"Hi there, I do not have access to my old email address and need to recover my account.","ACCOUNT_ACCESS"
7380,"Could you add an option to export tables as XML?","FEATURE_REQUEST"
7381,"Could you add templates to the task list?","FEATURE_REQUEST"
7382,"hi, my changes are not saved, the billing page reverts to the old values. thanks in advance.","TECHNICAL_ISSUE"
7383,"Dear support team, The payment page rejects my card and I cannot renew my Basic plan.","BILLING_PAYMENT"
7384,"Good afternoon, I downgraded to the Premium plan but I was still billed the higher price. Please advise.","BILLING_PAYMENT"
7385,"Dear support team, I was charged for exrta seats that I did not add. Any help would be appreciated.","BILLING_PAYMENT"
7386,"Hello, Video previews will not play in the dashboard. Thank you.","TECHNICAL_ISSUE"
7387,"Can someone explain how to use the analytics page? Let me know what to do","HOW_TO_SUPPORT"
7388,"Please unlock my account, I entered the wrong password several times.","ACCOUNT_ACCESS"
7389,"Greetings, I would like the option to pin important items to the top in a future release.","FEATURE_REQUEST"
7390,"It would be useful to receive daily activity reports by email. Please respond soon.","FEATURE_REQUEST"
7391,"Good afternoon, Please add support for exporting to Word and also templates. Please respond soon.","FEATURE_REQUEST"
7392,"I would like instructions on how to create a new project.","HOW_TO_SUPPORT"
7393,"I would like the option to attach several files at once in a future release.","FEATURE_REQUEST"
7394,"Please let us export contact lists to PDF.","FEATURE_REQUEST"
7395,"The app crashes every time I try to upload.","TECHNICAL_ISSUE"
7396,"Hello, Please add a mobile widget to the notifications panel.","FEATURE_REQUEST"
7397,"The team page becomes blank when I upload a Excel file.","TECHNICAL_ISSUE"
7398,"Can I pay by bank trnasfer instead of card? My card keeps getting declined. Please help.","BILLING_PAYMENT"
7399,"Is it possible to assign a task to a colleague? I cannot find where. Any help would be appreciated.","HOW_TO_SUPPORT"
7400,"hello support, i am unable to sign in to my account since this morning. thanks in advance.","ACCOUNT_ACCESS"
7401,"Hi there, Notifications are not being delivered to my phone","TECHNICAL_ISSUE"
7402,"I represent a media outlet and want to reach out to the perss team. Regards.","OTHER"
7403,"Do you have any seucrity certifications?","OTHER"
7404,"Hi there, Can you explain how to find my activity history?","HOW_TO_SUPPORT"
7405,"I want to report something that does not fit any category.","OTHER"
7406,"Good afternoon, It would be great to have dark mode in the settings page. Please help.","FEATURE_REQUEST"
7407,"Hi there, How can I make a teammate an admin?","HOW_TO_SUPPORT"
7408,"Hi, There is an unknown charge of EUR 39 from your comapny on my bank statement.","BILLING_PAYMENT"
7409,"Is your service available in Kenya?","OTHER"
7410,"Which page lets me manage my saved filters? Let me know what to do.","HOW_TO_SUPPORT"
7411,"I downgraded to the Pro plan but I was still billed the higher price.","BILLING_PAYMENT"
7412,"The payment page rejects my card and I cannot renew my Premium plan. Thanks.","BILLING_PAYMENT"
7413,"Everything wroks on my computer but the search page crashes on my Windows laptop.","TECHNICAL_ISSUE"
7414,"The app freezes when I try to upload a large PDF.","TECHNICAL_ISSUE"
7415,"I cannot log in after turning on two-factor authentication. Any help would be appreciated.","ACCOUNT_ACCESS"
7416,"The system says the Excel file format is not supported even though it is valid.","TECHNICAL_ISSUE"
7417,"Hi there, Not sure how to import contacts from a CSV file, can you point me to the right help article? Regards.","HOW_TO_SUPPORT"
7418,"Where can I find the privacy settings? Thanks in advance.","HOW_TO_SUPPORT"
7419,"Hey, I need a corrected invoice with our new company address. Let me know what to do.","BILLING_PAYMENT"
7420,"The exported video file is corrupted and cannot be opened","TECHNICAL_ISSUE"
7421,"Hello support, Would you consider adding a Salesforce connection to your product?","FEATURE_REQUEST"
7422,"I got a new phone and my atuhenticator app no longer works, so I cannot log in.","ACCOUNT_ACCESS"
7423,"Hey, I would like a refund for the $149 charge this month.","BILLING_PAYMENT"
7424,"hello team, i would like to get in touch with the right department.","OTHER"
7425,"Everything on the project board is loading extremely slowly snice Monday.","TECHNICAL_ISSUE"
7426,"Hello team, I am getting a generic error message whenever I open the notifications panel.","TECHNICAL_ISSUE"
7427,"Is there a guide that shows how to change my noitfication settings","HOW_TO_SUPPORT"
7428,"Hi, Please refund my last payment, I did not use the service at all","BILLING_PAYMENT"
7429,"It would be great to have a search bar in the task list.","FEATURE_REQUEST"
7430,"I downgraded to the annual plan but I was still billed the higher price. Thanks in advance","BILLING_PAYMENT"
7431,"Hello support, I got a new phone and my authenticator app no longer works, so I cannot log in. Thanks in advance.","ACCOUNT_ACCESS"
7432,"My changes are not saved, the calendar reverts to the old values.","TECHNICAL_ISSUE"
7433,"Hi, I do not have access to my old email address and need to recover my account. Thank you.","ACCOUNT_ACCESS"
7434,"There is an unknown charge of $249 from your company on my bank statement.","BILLING_PAYMENT"
7435,"Good afternoon, I have a question about your service.","OTHER"
7436,"Good afternoon, I changed my phone number and now I cannot get the login code.","ACCOUNT_ACCESS"
7437,"The payment went through but I did not get a conifrmation and my account is not upgraded. Thanks a lot.","BILLING_PAYMENT"
7438,"I cannot access my settings page because it says I do not have permission. Any help would be appreciated","ACCOUNT_ACCESS"
7439,"I was charged $49 last month but I expected a different amount.","BILLING_PAYMENT"
7440,"Please add a GitHub integration, our whloe team uses it.","FEATURE_REQUEST"
7441,"There is a mistake in my latest invoice, the total does not match the plan price. Thanks in advance.","BILLING_PAYMENT"
7442,"Hello team, Do you have a tutorial on how to duplicate a project?","HOW_TO_SUPPORT"
7443,"Hi, I cannot log in after resetting my password. Please respond soon.","ACCOUNT_ACCESS"
7444,"Good afternoon, I forgot the email I used to register and cannot get into my account.","ACCOUNT_ACCESS"
7445,"Any plans to support Arabic in the interface? Thanks a lot.","FEATURE_REQUEST"
7446,"good afternoon, my invitation link to join the team does not let me sign in.","ACCOUNT_ACCESS"
7447,"Hello, Suggestion: allow users to set custom roles for team members.","FEATURE_REQUEST"
7448,"Hello support, The invoice shows the wrong company name, please correct it.","BILLING_PAYMENT"
7449,"Please send an invoice for my latest Etnerprise subscription payment.","BILLING_PAYMENT"
7450,"Hello support, The magic link takes forever to arrive and then it has expired.","ACCOUNT_ACCESS"
7451,"Hello support, What is the easiest way to change my time zone?","HOW_TO_SUPPORT"
7452,"Please let us export tables to XML.","FEATURE_REQUEST"
7453,"Hi there, I changed my phone number and now I cannot get the login code.","ACCOUNT_ACCESS"
7454,"Please forward this message to your security team. Please respond soon.","OTHER"
7455,"Good morning, Please forward this message to the right department.","OTHER"
7456,"Hello support, I would like more information before I create an account.","OTHER"
7457,"the sms code never arrives in my inbox. thank you.","ACCOUNT_ACCESS"
7458,"Dear support team, What are your business hours? Any help would be appreciated.","OTHER"
7459,"I got charged in the wrong currency for my Basic plan.","BILLING_PAYMENT"
7460,"I was charged $49 this week but I expected a different amount.","BILLING_PAYMENT"
7461,"Hello team, I have some questions about your company before I proceed. Please advise.","OTHER"
7462,"hi team, i am getting a timeout error whenever i open the search page.","TECHNICAL_ISSUE"
7463,"Please add dark mode to the calendar.","FEATURE_REQUEST"
7464,"Hello team, I paid for the Premium plan but my account still shows the free tier.","BILLING_PAYMENT"
7465,"I am trying to export my data but I cannot find the option. Where is it?","HOW_TO_SUPPORT"
7466,"My card was chraged three times this week.","BILLING_PAYMENT"
7467,"I am writing to ask about internship opportunities. Please advise.","OTHER"
7468,"Hi there, Video previews will not play in the profile page.","TECHNICAL_ISSUE"
7469,"What are your business hours? Let me know what to do.","OTHER"
7470,"Can you explain how to assign a task to a colleague?","HOW_TO_SUPPORT"
7471,"Hi, Please credit my account for the payment error last month.","BILLING_PAYMENT"
7472,"Dear support team, The dashboard numbers are wrong and do not match the raw data.","TECHNICAL_ISSUE"
7473,"Can someone conatct me about an issue?","OTHER"
7474,"Please credit my account for the payment error this week. Let me know what to do.","BILLING_PAYMENT"
7475,"Good morning, Any documentation on how to find my activity history?","HOW_TO_SUPPORT"
7476,"Please add a search bar to the profile page.","FEATURE_REQUEST"
7477,"Is your service available in Japan? Please advise.","OTHER"
7478,"Hello team, I got charged in the wrong currency for my Business plan.","BILLING_PAYMENT"
7479,"Good afternoon, How did your company start? I am curious.","OTHER"
7480,"Do you support customers based in Nigeria","OTHER"
7481,"My account was hacked and I cannot log in anymore. Let me know what to do","ACCOUNT_ACCESS"
7482,"I am locked out after too many failed login attempts. Thanks.","ACCOUNT_ACCESS"
7483,"I need to change the credit card used for my subscription payments. Regards.","BILLING_PAYMENT"
7484,"my team would love to have auto save. is it on the roadmap? please help.","FEATURE_REQUEST"
7485,"Good morning, Is there a guide that shows how to pin a dashboard as my home page?","HOW_TO_SUPPORT"
7486,"Dear support team, I would like instructions on how to change the date format","HOW_TO_SUPPORT"
7487,"Hello, My account has been deactivated and I do not know why.","ACCOUNT_ACCESS"
7488,"A pop up with a generic error message appears every time I try to download.","TECHNICAL_ISSUE"
7489,"I would like instructions on how to set my working hours.","HOW_TO_SUPPORT"
7490,"good afternoon, can you build a calendar view into the profile page? many users would benefit.","FEATURE_REQUEST"
7491,"Please show me how to create a custom report.","HOW_TO_SUPPORT"
7492,"Hello, I cannot access my search page because it says I do not have permission.","ACCOUNT_ACCESS"
7493,"Dear support team, The payment page rejects my card and I cannot renew my Team plan. Thanks in advance.","BILLING_PAYMENT"
7494,"Please add support for exporting to JSON and also custom themes.","FEATURE_REQUEST"
7495,"hello support, after i reset my password the new one is not accepted.","ACCOUNT_ACCESS"
7496,"Add a kanban view please, it is missing from the calendar","FEATURE_REQUEST"
7497,"Please add support for exporting to Word and also keyboard shortcuts.","FEATURE_REQUEST"
7498,"I was charged GBP 45 last month but I expected a different amount. Thanks in advance","BILLING_PAYMENT"
7499,"I am locked out after too many failed login attempts. Thanks a lot.","ACCOUNT_ACCESS"
7500,"I cannot log in on my tablet. Thank you.","ACCOUNT_ACCESS"
7501,"It would be great to have version history in the search page.","FEATURE_REQUEST"
7502,"A pop up with a timeout error appears every time I try to sync","TECHNICAL_ISSUE"
7503,"Notifications are not being delivered to my phone. Thank you","TECHNICAL_ISSUE"
7504,"A pop up with a something went wrong message appears every time I try to import.","TECHNICAL_ISSUE"
7505,"could you please implement login alerts by email in a coming update? thanks in advance.","FEATURE_REQUEST"
7506,"Is it possible to pin a dashboard as my home page? I cannot find where.","HOW_TO_SUPPORT"
7507,"I want a refund bceause I was billed after cancelling. Thanks in advance","BILLING_PAYMENT"
7508,"Could you tell me how to change the language of the interface?","HOW_TO_SUPPORT"
7509,"Hey, Test message, please ignore.","OTHER"
7510,"Good morning, The password reset email takes forever to arrive and then it has expired.","ACCOUNT_ACCESS"
7511,"Hello team, I cannot sign in with my Google account anymore.","ACCOUNT_ACCESS"
7512,"Hi there, I would like to know who I should contact rgearding a collaboration.","OTHER"
7513,"I would like to get in touch with custoemr success","OTHER"
7514,"Hello team, We really need bulk actions on the dashboard, please consider it.","FEATURE_REQUEST"
7515,"Thank you for your help, everything is fine now. Thank you.","OTHER"
7516,"The search page shows a error 404 since this morning.","TECHNICAL_ISSUE"
7517,"Just started using the product, need to know how to set up a recurring report.","HOW_TO_SUPPORT"
7518,"Hi team, Text is cut off and overlapping on the search page on my work computer.","TECHNICAL_ISSUE"
7519,"The sync between my devices has stopped working","TECHNICAL_ISSUE"
7520,"Buttons on the workspace do not respond when I click them. Please help.","TECHNICAL_ISSUE"
7521,"Hi, I was chagred $19 for a plan I never upgraded to","BILLING_PAYMENT"
7522,"it would be great if we could customize the dashboard layout.","FEATURE_REQUEST"
7523,"Hi, Could you tell me how to turn on email alerts","HOW_TO_SUPPORT"
7524,"Is your service available in Australia?","OTHER"
7525,"Hi there, I am getting a message that my account is temporarily locked, please help me get in.","ACCOUNT_ACCESS"
7526,"Hey, Would it be possible to add comments to reports? That would save us a lot of time.","FEATURE_REQUEST"
7527,"good morning, where can i find the export options?","HOW_TO_SUPPORT"
7528,"i paid for the starter plan but my account still shows the free tier.","BILLING_PAYMENT"
7529,"Hello support, I need a receipt for my payment on the first of the month for tax purposes.","BILLING_PAYMENT"
7530,"Where can I find the workspace name? Thanks","HOW_TO_SUPPORT"
7531,"Good morning, Thanks for the great support last week! Any help would be appreciated.","OTHER"
7532,"Please forward this message to customer success. Regards.","OTHER"
7533,"Is your service available in the United Kingdom? Please advise.","OTHER"
7534,"We really need a compact layout on the admin console, please consider it","FEATURE_REQUEST"
7535,"I cannot access my search page because it says I do not have permission. Regards.","ACCOUNT_ACCESS"
7536,"Dear support team, Please add German language support. Any help would be appreciated.","FEATURE_REQUEST"
7537,"the export button does nothing on the adimn console.","TECHNICAL_ISSUE"
7538,"Greetings, My renewal payment failed and now my subscription shows as past due. Let me know what to do.","BILLING_PAYMENT"
7539,"Where do I go in the calendar to change my integration settings","HOW_TO_SUPPORT"
7540,"Good afternoon, I am locked out after too many failed login attempts.","ACCOUNT_ACCESS"
7541,"Greetings, Feature request: the ability to sort the list by multiple columns","FEATURE_REQUEST"
7542,"Hello team, I am wirting to ask about internship opportunities.","OTHER"
7543,"Could you add keyboard shortcuts to the analytics page?","FEATURE_REQUEST"
7544,"Hi team, Video previews will not play in the dashboard. Please help.","TECHNICAL_ISSUE"
7545,"Can you build a favorites list into the dashboard? Many users would benefit.","FEATURE_REQUEST"
7546,"My team would love to have a search bar. Is it on the roadmap?","FEATURE_REQUEST"
7547,"Hello team, My account has been blocked and I do not know why. Thanks a lot.","ACCOUNT_ACCESS"
7548,"Hello, Can you recommend which team I should contact for my request?","OTHER"
7549,"I get an access denied message when I try to open my workspace.","ACCOUNT_ACCESS"
7550,"Hi, I do not have access to my old email address and need to recover my account. Thanks a lot","ACCOUNT_ACCESS"
7551,"Which menu do I use to turn on email alerts? Let me know what to do.","HOW_TO_SUPPORT"
7552,"Account recovery is not working, the magic link is not being sent. Thanks a lot.","ACCOUNT_ACCESS"
7553,"Please credit my account for the payment error this month. Please respond soon.","BILLING_PAYMENT"
7554,"The autosave is broken and my work was lost since yesterday","TECHNICAL_ISSUE"
7555,"Hi there, I wish the projcet board had a compact layout.","FEATURE_REQUEST"
7556,"Hi team, Can you send me some information about what you offer?","OTHER"
7557,"I would like instructions on how to make a teammate an admin. Thanks a lot.","HOW_TO_SUPPORT"
7558,"Add drag and drop please, it is missing from the admin console. Regards.","FEATURE_REQUEST"
7559,"Greetings, I would like a refund for the $29 charge this month.","BILLING_PAYMENT"
7560,"Hi, Data I entered yesterday disappeared from the settings page.","TECHNICAL_ISSUE"
7561,"The login page kepes redirecting me back to the sign in screen. Any help would be appreciated.","ACCOUNT_ACCESS"
7562,"Dear support team, Is there someone I can meet in person to talk about your product?","OTHER"
7563,"Hi, Is there someone I can meet in person to talk about your product? Thanks.","OTHER"
7564,"Good morning, Just started using the product, need to know how to turn on email alerts.","HOW_TO_SUPPORT"
7565,"Greetings, Not sure how to make a teammate an admin, can you point me to the right help article? Regards.","HOW_TO_SUPPORT"
7566,"Hi, My bank shows a pending charge of EUR 39 that I do not recognize.","BILLING_PAYMENT"
7567,"Uploading a video file gets stuck at zero percent and never finishes.","TECHNICAL_ISSUE"
7568,"Are you currently hiring? Any help would be appreciated.","OTHER"
7569,"Account recovery is not working, the one-time passocde is not being sent.","ACCOUNT_ACCESS"
7570,"The coupon code did not apply at checkout and I was charged the full price. Please advise.","BILLING_PAYMENT"
7571,"I am getting a blank white screen whenever I open the admin console.","TECHNICAL_ISSUE"
7572,"The settings page becomes blank when I upload a JPEG photo.","TECHNICAL_ISSUE"
7573,"Is it possible to chnage the language of the interface? I cannot find where.","HOW_TO_SUPPORT"
7574,"Please credit my account for the payment error for my annual plan. Any help would be appreciated.","BILLING_PAYMENT"
7575,"What are the steps to duplicate a project?","HOW_TO_SUPPORT"
7576,"Good afternoon, I would like to get in touch with the right department.","OTHER"
7577,"Video previews will not play in the billing page.","TECHNICAL_ISSUE"
7578,"Video previews will not play in the reports page.","TECHNICAL_ISSUE"
7579,"I am new here, how do I change my notification settings?","HOW_TO_SUPPORT"
7580,"hey, the billing page shows a 502 bad gateway since this morning. any help would be appreciated.","TECHNICAL_ISSUE"
7581,"I have been overcharged for March, plesae look into my billing. Thank you.","BILLING_PAYMENT"
7582,"Not sure how to change my display name, can you point me to the right help article?","HOW_TO_SUPPORT"
7583,"Good afternoon, My subscription renewed automatically and I did not want that, please refund me.","BILLING_PAYMENT"
7584,"Hi, I have a question about your service.","OTHER"
7585,"Good afternoon, I see a spinning loader that never finishes on the team page.","TECHNICAL_ISSUE"
7586,"Dear support team, Do you support customers based in Japan?","OTHER"
7587,"How do I set my working hours?","HOW_TO_SUPPORT"
7588,"The print button does nothing on the admin console.","TECHNICAL_ISSUE"
7589,"Buttons on the admin console do not respond when I click them","TECHNICAL_ISSUE"
7590,"I am not sure who to ask about this. Please advise.","OTHER"
7591,"Where do I go in the calendar to change my time zone settings?","HOW_TO_SUPPORT"
7592,"Hello team, Hello, is aynone there?","OTHER"
7593,"Good morning, Can someone contact me about an issue?","OTHER"
7594,"Hello, The application crashes when I click sync.","TECHNICAL_ISSUE"
7595,"Where can I change my privacy settings?","HOW_TO_SUPPORT"
7596,"Good afternoon, Someone changed my password and I no longer have access to my account. Please respond soon.","ACCOUNT_ACCESS"
7597,"Hey, The app freezes when I try to delete a large CSV file","TECHNICAL_ISSUE"
7598,"there is a mistake in my latest invoice, the total does not match the plan price.","BILLING_PAYMENT"
7599,"Greetings, I need to change the credit card used for my subscription payments.","BILLING_PAYMENT"
7600,"Please consider adding a way to add comments to reports.","FEATURE_REQUEST"
7601,"I was billed $24.99 twice for the same subscription","BILLING_PAYMENT"
7602,"i get a blank white screen when i try to share on the workspace.","TECHNICAL_ISSUE"
7603,"Text is cut off and overlapping on the inbox on my iPad.","TECHNICAL_ISSUE"
7604,"Is your service available in Germany? Regards.","OTHER"
7605,"My card was charged three times this quarter. Thank you.","BILLING_PAYMENT"
7606,"Hello team, Are you planning to release custom themes in the future?","FEATURE_REQUEST"
7607,"The password reset email never arrives in my inbox. Thanks.","ACCOUNT_ACCESS"
7608,"Hello team, I cannot log in after the latest update.","ACCOUNT_ACCESS"
7609,"Is it possible to chagne the language of the interface? I cannot find where","HOW_TO_SUPPORT"
7610,"I am not able to log in from my iPad but it works on my computer. Please advise.","ACCOUNT_ACCESS"
7611,"Hey, Where can I find the team permissions? Please advise.","HOW_TO_SUPPORT"
7612,"We really need an undo button on the dashboard, please consider it.","FEATURE_REQUEST"
7613,"Good afternoon, The verification step keeps failing when I try to sign in, since yesterday.","ACCOUNT_ACCESS"
7614,"How can I connect my calendar?","HOW_TO_SUPPORT"
7615,"Hi, Could you add an option to export contact lists as PDF?","FEATURE_REQUEST"
7616,"Good afternoon, The mobile app closes immediately after opening on my iPhone.","TECHNICAL_ISSUE"
7617,"Can you send me an invoice for the $120 payment?","BILLING_PAYMENT"
7618,"Feature request: the ability to use the product without an internet connection. Please respond soon.","FEATURE_REQUEST"
7619,"the application crashes when i click export. thanks.","TECHNICAL_ISSUE"
7620,"I would like to get in touch with a manager. Please advise.","OTHER"
7621,"Hi there, The two-factor code is reejcted every time I try to sign in.","ACCOUNT_ACCESS"
7622,"Good morning, I want to reprot something that does not fit any category. Thanks a lot.","OTHER"
7623,"Hello, Please stop future chagres to my card and cancel my subscription.","BILLING_PAYMENT"
7624,"Everything on the workspace is loading extremely slowly since yesterday","TECHNICAL_ISSUE"
7625,"Hello support, I have been overcharged this week, please look into my billing.","BILLING_PAYMENT"
7626,"Hi team, Images are not displaying correctly on the search page in Brave.","TECHNICAL_ISSUE"
7627,"Not sure how to turn on email alerts, can you point me to the right help article? Please help.","HOW_TO_SUPPORT"
7628,"there is an unknown charge of $59.99 from your company on my bank statement. thank you.","BILLING_PAYMENT"
7629,"hi team, please add support for exporting to json and also bulk actions.","FEATURE_REQUEST"
7630,"I am writing to ask aobut internship opportunities.","OTHER"
7631,"Hello, I am new here, how do I change my password from the settings page? Thanks a lot.","HOW_TO_SUPPORT"
7632,"Hello support, The payment went through but I did not get a confirmation and my account is not upgraded.","BILLING_PAYMENT"
7633,"Greetings, The workspace is very slow and keeps freezing on my work computer.","TECHNICAL_ISSUE"
7634,"Hi there, I am unable to sign in to my account since the latest update. Please help.","ACCOUNT_ACCESS"
7635,"Hi team, I would like to get in touch with sales.","OTHER"
7636,"Is there a guide that shows how to pin a dashboard as my home page?","HOW_TO_SUPPORT"
7637,"I never received the magic link, I already checked my spam folder. Thanks.","ACCOUNT_ACCESS"
7638,"Is there someone I can meet in person to talk about your product? Thanks.","OTHER"
7639,"The receipt email for my payment never arrived. Let me know what to do.","BILLING_PAYMENT"
7640,"How do I find my activity history? Please help.","HOW_TO_SUPPORT"
7641,"Hey, Do you have a tutorial on how to change my time zone?","HOW_TO_SUPPORT"
7642,"Good morning, I would like instructions on how to pin a dashboard as my home page.","HOW_TO_SUPPORT"
7643,"I would like the option to see who viweed a shared report in a future release","FEATURE_REQUEST"
7644,"Any documentation on how to remove a user from my team?","HOW_TO_SUPPORT"
7645,"Dear support team, I would like to get in touch with customer success.","OTHER"
7646,"Would you consider adding a Notion connection to your product?","FEATURE_REQUEST"
7647,"Hello team, Payment status says pending for days, and my subscription is still not active. Thanks","BILLING_PAYMENT"
7648,"Greetings, My changes are not saved, the task list reverts to the old values.","TECHNICAL_ISSUE"
7649,"Hello, How do I use the settings page to change my password from the settings page? Please respond soon.","HOW_TO_SUPPORT"
7650,"Hello team, I want to report something that does not fit any category.","OTHER"
7651,"Good morning, Data I entered yesterday disappeared from the task list. Any help would be appreciated.","TECHNICAL_ISSUE"
7652,"I am new here, how do I export my data?","HOW_TO_SUPPORT"
7653,"My card was charged twice this quarter. Please respond soon.","BILLING_PAYMENT"
7654,"Hi team, Which page lets me manage my email preferences?","HOW_TO_SUPPORT"
7655,"Hello, Please forward this message to the careers team.","OTHER"
7656,"The dashboard numbers are wrong and do not match the raw data. Thank you.","TECHNICAL_ISSUE"
7657,"Thanks for the great support last week! Thanks.","OTHER"
7658,"The workspace shows a timeout error an hour ago.","TECHNICAL_ISSUE"
7659,"Hi there, I wish the project board had saved views.","FEATURE_REQUEST"
7660,"Hi team, Is your service available in Canada?","OTHER"
7661,"Hi, I got a new phone and my auhtenticator app no longer works, so I cannot log in.","ACCOUNT_ACCESS"
7662,"Greetings, I paid for the Business plan but my account still shows the free tier.","BILLING_PAYMENT"
7663,"Hi, Is it possible to archive old projects? I cannot find where.","HOW_TO_SUPPORT"
7664,"Hello, Can you build templates into the notifications panel? Many users would benefit.","FEATURE_REQUEST"
7665,"I am getting a something went wrong message whenever I open the dashboard","TECHNICAL_ISSUE"
7666,"I would like a refund for the GBP 12 charge yesterday. Let me know what to do.","BILLING_PAYMENT"
7667,"Good morning, Can you send me some information about what you offer? Thanks.","OTHER"
7668,"Hello team, The application crashes when I click download.","TECHNICAL_ISSUE"
7669,"I need a corrected invoice with our new company address. Regards.","BILLING_PAYMENT"
7670,"I would like a refund for the GBP 45 charge this quarter.","BILLING_PAYMENT"
7671,"Uploading a Word document gets stuck at 1 percent and never finishes. Please help.","TECHNICAL_ISSUE"
7672,"Please send quarterly email digests to my inbox automatically, it would help a lot.","FEATURE_REQUEST"
7673,"I have been overcharged this week, please look into my billing.","BILLING_PAYMENT"
7674,"Can I get a call back from smoeone on your team?","OTHER"
7675,"everything on the analytics page is loading extremely slowly for the past few days.","TECHNICAL_ISSUE"
7676,"Hello, Please let us export analytics data to PowerPoint.","FEATURE_REQUEST"
7677,"Greetings, I want to switch to annual billing to get the discount, how is the payment handled?","BILLING_PAYMENT"
7678,"Please add login alerts by email for account security.","FEATURE_REQUEST"
7679,"I wish the inbox had a compact layout.","FEATURE_REQUEST"
7680,"Any documentation on how to archive old projects?","HOW_TO_SUPPORT"
7681,"I would like more information before I cretae an account.","OTHER"
7682,"my changes are not saved, the mobile app reverts to the old values.","TECHNICAL_ISSUE"
7683,"Hi, How do I use the project board to download a report?","HOW_TO_SUPPORT"
7684,"Hello, I am unable to sign in to my account for the past few days.","ACCOUNT_ACCESS"
7685,"Hello support, Unable to sign in on Firefox, it just keeps reloading the login page.","ACCOUNT_ACCESS"
7686,"Hi, The page keeps refreshing by itself and I lose what I typed.","TECHNICAL_ISSUE"
7687,"I upgraded my plan but the charge shows the wrong amount. Regards.","BILLING_PAYMENT"
7688,"Good morning, I have been overcharged for June, please look into my billing. Regards.","BILLING_PAYMENT"
7689,"Please let us export tables to Word.","FEATURE_REQUEST"
7690,"Greetings, Suggestion: allow users to assign tasks to multiple people.","FEATURE_REQUEST"
7691,"Why is my account locked? I need to get in right now.","ACCOUNT_ACCESS"
7692,"Add bulk actions please, it is missing from the reports page.","FEATURE_REQUEST"
7693,"An option for offline mode would make the product much better. Please advise","FEATURE_REQUEST"
7694,"Text is cut off and overlapping on the analytics page on my Windows laptop.","TECHNICAL_ISSUE"
7695,"I am getting a error code 403 whenever I open the admin console.","TECHNICAL_ISSUE"
7696,"Please add Arabic language support. Thank you.","FEATURE_REQUEST"
7697,"Hey, My payment was successful but my subcsription is still inactive.","BILLING_PAYMENT"
7698,"Hi team, The inbox does not display anything after the latest update.","TECHNICAL_ISSUE"
7699,"A pop up with a error 500 appears every time I try to refresh.","TECHNICAL_ISSUE"
7700,"I was billed $14 twice for the same subscription.","BILLING_PAYMENT"
7701,"Where do I go in the analytics page to change my workspace name? Thank you.","HOW_TO_SUPPORT"
7702,"Feature request: keyboard shortcuts. Regards.","FEATURE_REQUEST"
7703,"Can you explain how to change my display name? Any help would be appreciated.","HOW_TO_SUPPORT"
7704,"Any documentation on how to merge duplicate entries?","HOW_TO_SUPPORT"
7705,"Hello team, Do you have any security certifications? Thanks in advance.","OTHER"
7706,"I am unable to sign in to my account for the past few days. Any help would be appreciated.","ACCOUNT_ACCESS"
7707,"Hello support, The VAT number is missing from my invoice.","BILLING_PAYMENT"
7708,"Greetings, I have a general inquiry that does not fit any of the topics.","OTHER"
7709,"Please send daily email digests to my inbox automatically, it would help a lot.","FEATURE_REQUEST"
7710,"my paypal payment failed but the money left my account. thanks in advance.","BILLING_PAYMENT"
7711,"i am new here, how do i share a dashboard with a client?","HOW_TO_SUPPORT"
7712,"Why was I billed $99 when my plan should be cheaper?","BILLING_PAYMENT"
7713,"I want to report something that does not fit any category. Please advise.","OTHER"
7714,"Not sure how to import contacts from a CSV file, can you point me to the right help article?","HOW_TO_SUPPORT"
7715,"Good afternoon, How did your company start? I am curious. Thanks in advance.","OTHER"
7716,"I cnanot sign in with my Google account anymore.","ACCOUNT_ACCESS"
7717,"I have been overcharged for March, please look into my billing. Thank you","BILLING_PAYMENT"
7718,"Dear support team, Please reset my account access, I cannot get past the login screen. Any help would be appreciated.","ACCOUNT_ACCESS"
7719,"Please add drag and drop to the settings page.","FEATURE_REQUEST"
7720,"Dear support team, Where can I find the report templates?","HOW_TO_SUPPORT"
7721,"Hi there, Any plans to support Korean in the interface?","FEATURE_REQUEST"
7722,"Greetings, Can you explain how to change my notification settings? Thanks in advance.","HOW_TO_SUPPORT"
7723,"Hello support, Is your service available in Japan? Thanks a lot.","OTHER"
7724,"I want to leave genearl feedback about my experience","OTHER"
7725,"dear support team, i wish the notifications panel had a search bar. thanks in advance.","FEATURE_REQUEST"
7726,"Hello, My credit card was declined but my bank says there is no problem. Thanks","BILLING_PAYMENT"
7727,"There is a bug where the mobile app shows duplicate entries after I submit.","TECHNICAL_ISSUE"
7728,"Please add a compact layout to the billing page. Thanks.","FEATURE_REQUEST"
7729,"Could you add an option to export tables as Excel? Thank you.","FEATURE_REQUEST"
7730,"I would like instructions on how to create a template. Regards.","HOW_TO_SUPPORT"
7731,"I changed my email address and now I cannot access my account. Thank you.","ACCOUNT_ACCESS"
7732,"Which menu do I use to change the language of the interface?","HOW_TO_SUPPORT"
7733,"I was charged $120 for a plan I never upgraded to. Let me know what to do.","BILLING_PAYMENT"
7734,"It would be helpful if the task list suppotred an undo button.","FEATURE_REQUEST"
7735,"Dear support team, The API returns a timeout error when I call the endpoint.","TECHNICAL_ISSUE"
7736,"Hello, Uploading a Excel file gets stuck at 10 percent and never finishes.","TECHNICAL_ISSUE"
7737,"My credit card was declined but my bank says there is no problem. Please help.","BILLING_PAYMENT"
7738,"The app crashes every time I try to export.","TECHNICAL_ISSUE"
7739,"I need help but I am not sure wihch option applies. Thanks in advance.","OTHER"
7740,"I have a question about your service. Please respond soon.","OTHER"
7741,"Greetings, Could you please implement passkey support in a coming update","FEATURE_REQUEST"
7742,"Hello support, I am a student working on a school project about your product, who can I talk to? Any help would be appreciated.","OTHER"
7743,"I am getting a error 500 whenever I open the mobile app.","TECHNICAL_ISSUE"
7744,"Dear support team, My team would love to have keyboard shortcuts. Is it on the roadmap?","FEATURE_REQUEST"
7745,"Please add a Asana integration, our whole team uses it.","FEATURE_REQUEST"
7746,"Hey, I am getting a error code 403 whenever I open the notifications panel.","TECHNICAL_ISSUE"
7747,"good afternoon, account recovery is not working, the login code is not being sent.","ACCOUNT_ACCESS"
7748,"Please forward this message to the partnerships team. Let me know what to do.","OTHER"
7749,"The one-time passcode takes forever to arrive and then it has expired. Thanks.","ACCOUNT_ACCESS"
7750,"I would like to sepak with a sales representative about enterprise options.","OTHER"
7751,"Hey, Can you tell me more about your privacy policy? Thanks in advance.","OTHER"
7752,"Good morning, Why did the price of my Team plan go up?","BILLING_PAYMENT"
7753,"Hi team, I have a question about your service. Thank you.","OTHER"
7754,"Hello team, I am gteting a message that my account is temporarily locked, please help me get in.","ACCOUNT_ACCESS"
7755,"Are you planning to release custom filters in the future? Please help.","FEATURE_REQUEST"
7756,"Hi, I am not sure who to ask about this. Any help would be appreciated","OTHER"
7757,"Hi there, Please show me how to share a dashboard with a client.","HOW_TO_SUPPORT"
7758,"Hello support, The app crashes every time I try to refresh.","TECHNICAL_ISSUE"
7759,"Hi, Do you have a tutorial on how to remove a user from my team? Let me know what to do.","HOW_TO_SUPPORT"
7760,"Do you have any sceurity certifications?","OTHER"
7761,"hi team, i would like to speak with a sales representative about enterprise options. thanks a lot.","OTHER"
7762,"Buttons on the calendar do not respond when I click them.","TECHNICAL_ISSUE"
7763,"Good morning, Please get back to me when you can, I have a few questions. Thanks.","OTHER"
7764,"I was charged $249 for a plan I never upgraded to. Regards.","BILLING_PAYMENT"
7765,"Can you help me regain access to my account? I have a deadline today. Any help would be appreciated.","ACCOUNT_ACCESS"
7766,"The app crashes every time I try to submit. Thanks.","TECHNICAL_ISSUE"
7767,"Greetings, My account has been suspended and I do not know why.","ACCOUNT_ACCESS"
7768,"Hello, Can you explain how to connect my calendar?","HOW_TO_SUPPORT"
7769,"hi team, i want to leave general feedback about my experience. let me know what to do.","OTHER"
7770,"Hello, I downgraded to the monthly plan but I was still billed the higher price.","BILLING_PAYMENT"
7771,"Good afternoon, Where is your company located?","OTHER"
7772,"Good morning, Where do I go in the calendar to change my workspace name?","HOW_TO_SUPPORT"
7773,"Please show me how to change the date format.","HOW_TO_SUPPORT"
7774,"I am getting a error 404 whenever I open the task list.","TECHNICAL_ISSUE"
7775,"It would be useful to receive monthly usage summaries by email. Thanks a lot","FEATURE_REQUEST"
7776,"The invoice shows the wrong company name, please correct it. Please respond soon.","BILLING_PAYMENT"
7777,"The invoice shows the wrong company name, please correct it. Please advise.","BILLING_PAYMENT"
7778,"The exported Excel file is corrupted and cannot be opened.","TECHNICAL_ISSUE"
7779,"The search page is very slow and keeps freezing on my MacBook. Please respond soon.","TECHNICAL_ISSUE"
7780,"Hello, My renewal payment failed and now my subscription shows as past due","BILLING_PAYMENT"
7781,"It would be useful to receive monthly team updates by email. Please help.","FEATURE_REQUEST"
7782,"Hi, Which menu do I use to merge duplicate entries?","HOW_TO_SUPPORT"
7783,"I paid for the Pro plan but my account still shows the free tier.","BILLING_PAYMENT"
7784,"Good afternoon, The page never finishes loading and only shows a something went wrong message. Regards.","TECHNICAL_ISSUE"
7785,"Hi, I would like more information before I create an account.","OTHER"
7786,"What are your business hours? Please help.","OTHER"
7787,"there is an unknown charge of $99 from your company on my bank statement.","BILLING_PAYMENT"
7788,"Hello, I was charged GBP 12 for a plan I never upgraded to. Thanks a lot.","BILLING_PAYMENT"
7789,"Hey, Everything on the team page is loading extremely slowly since this morning.","TECHNICAL_ISSUE"
7790,"Any plans to support French in the interface? Please advise.","FEATURE_REQUEST"
7791,"Do you support customers based in India","OTHER"
7792,"I would love to see an integration with Dropbox. Please help.","FEATURE_REQUEST"
7793,"Greetings, Can you recommend which team I should contact for my request?","OTHER"
7794,"Good morning, Please add passkey support for account security. Thanks.","FEATURE_REQUEST"
7795,"Hi, Can someone explain how to use the dashboard?","HOW_TO_SUPPORT"
7796,"Hello support, How can I make a teammate an admin","HOW_TO_SUPPORT"
7797,"Hey, Is there someone I can meet in person to talk about your product? Please help.","OTHER"
7798,"Text is cut off and overlapping on the settings page on my Windows laptop.","TECHNICAL_ISSUE"
7799,"Hello team, The sync between my devices has stopped working.","TECHNICAL_ISSUE"
7800,"how can i import cnotacts from a csv file?","HOW_TO_SUPPORT"
7801,"Add version history please, it is missing from the profile page.","FEATURE_REQUEST"
7802,"Hi there, Please unlock my account, I entered the wrong password several times.","ACCOUNT_ACCESS"
7803,"Hi, Any documentation on how to assign a task to a colleague?","HOW_TO_SUPPORT"
7804,"Hi, The search page is very slow and keeps freezing on my work computer.","TECHNICAL_ISSUE"
7805,"Hello, The export button does nothing on the profile page.","TECHNICAL_ISSUE"
7806,"Hey, I downgraded to the Team plan but I was still billed the higher price. Let me know what to do.","BILLING_PAYMENT"
7807,"Please forward this message to your security team. Please advise.","OTHER"
7808,"Hello team, My renewal payment failed and now my subscription shows as past due.","BILLING_PAYMENT"
7809,"Hi team, I would like to get in touch with a manager.","OTHER"
7810,"Hello, An option for offline mode would make the product much better.","FEATURE_REQUEST"
7811,"Where do I go in the billing page to change my default dashboard?","HOW_TO_SUPPORT"
7812,"Good morning, Can you build a search bar into the notifications panel? Many users would benefit","FEATURE_REQUEST"
7813,"It would be great to have drag and drop in the search page.","FEATURE_REQUEST"
7814,"Hello, I cannot log in on my Windows laptop","ACCOUNT_ACCESS"
7815,"dear support team, do you have any security certifications?","OTHER"
7816,"Could you tell me how to add a new team member?","HOW_TO_SUPPORT"
7817,"Hello, I want to switch to annual billing to get the discount, how is the payment handled?","BILLING_PAYMENT"
7818,"Everything works on my computer but the settings page crashes on my iPad. Thanks.","TECHNICAL_ISSUE"
7819,"Someone changed my password and I no longer have access to my account. Regards.","ACCOUNT_ACCESS"
7820,"Hi, Any plans to support Arabic in the interface? Thanks a lot.","FEATURE_REQUEST"
7821,"I want to leave genreal feedback about my experience. Please help.","OTHER"
7822,"Could you add an option to export analytics data as XML? Please respond soon.","FEATURE_REQUEST"
7823,"Hi there, I think I sent this to the wrong place, who is the right contact?","OTHER"
7824,"My session logs me out immediately atfer I sign in.","ACCOUNT_ACCESS"
7825,"do you have a tutorial on how to turn on email alerts?","HOW_TO_SUPPORT"
7826,"where can i change my integration settings?","HOW_TO_SUPPORT"
7827,"I wuold like to get in touch with the legal department.","OTHER"
7828,"Good afternoon, Do you have any security certifications?","OTHER"
7829,"Greetings, It would be great to have saved views in the rpeorts page","FEATURE_REQUEST"
7830,"Good afternoon, I was charged after my free trial ended without any reminder. Thanks.","BILLING_PAYMENT"
7831,"Greetings, Why did the price of my monthly plan go up?","BILLING_PAYMENT"
7832,"The save button does nothing on the inbox. Any help would be appreciated.","TECHNICAL_ISSUE"
7833,"I see a spinning loader that never finishes on the team page.","TECHNICAL_ISSUE"
7834,"The verification step keeps failing when I try to sign in, since the latest update.","ACCOUNT_ACCESS"
7835,"We really need a search bar on the team page, please consider it.","FEATURE_REQUEST"
7836,"I am trying to set up a recurring report but I cannot find the option. Where is it?","HOW_TO_SUPPORT"
7837,"hello support, the payment page rejects my card and i cannot renew my annual plan. thanks a lot.","BILLING_PAYMENT"
7838,"Where can I change my default dashboard? Thank you.","HOW_TO_SUPPORT"
7839,"The admin console becomes blank when I upload a video file. Please respond soon.","TECHNICAL_ISSUE"
7840,"Uploading a PNG image gets stuck at 100 percent and never finishes.","TECHNICAL_ISSUE"
7841,"Hello team, Do you have a tutorial on how to transfer ownership of a workspace?","HOW_TO_SUPPORT"
7842,"Dear support team, I am stuck in a loop where the site asks me to verify my email again and again. Thanks.","ACCOUNT_ACCESS"
7843,"There is a bug where the dashboard shows duplicate entries after I import.","TECHNICAL_ISSUE"
7844,"The dashboard is very slow and keeps freezing on my Android phone. Please respond soon.","TECHNICAL_ISSUE"
7845,"Greetings, Buttons on the settings page do not respond when I click them.","TECHNICAL_ISSUE"
7846,"Hi team, Notifications are not being delivered to my phone.","TECHNICAL_ISSUE"
7847,"Hi, I got charged in the wrong currency for my Team plan. Please advise.","BILLING_PAYMENT"
7848,"good morning, test message, please ignore. regards.","OTHER"
7849,"Good afternoon, I am trying to find my activity history but I cannot find the option. Where is it?","HOW_TO_SUPPORT"
7850,"Hi team, Could you add an option to export charts as XML?","FEATURE_REQUEST"
7851,"How do I use the profile page to change my notification settings?","HOW_TO_SUPPORT"
7852,"Hi there, The app freezes when I try to print a large ZIP file.","TECHNICAL_ISSUE"
7853,"I need a receipt for my payment this week for tax purposes. Any help would be appreciated.","BILLING_PAYMENT"
7854,"I saw your ad and want to learn more. Thanks in advance.","OTHER"
7855,"The application crashes when I click delete. Please help.","TECHNICAL_ISSUE"
7856,"Dear support team, Can you build a search bar into the project board? Many users would benefit","FEATURE_REQUEST"
7857,"Hi there, What is the easiest way to create a new project?","HOW_TO_SUPPORT"
7858,"Good afternoon, My PayPal payment failed but the money left my account. Thanks in advance.","BILLING_PAYMENT"
7859,"i am new here, how do i download a report? please help.","HOW_TO_SUPPORT"
7860,"hi team, could someone give me an overview of what your company does? regards.","OTHER"
7861,"please unlock my account, i entered the wrong password several times. thanks in advance.","ACCOUNT_ACCESS"
7862,"Scheduled reports are not running at the set time. Regards.","TECHNICAL_ISSUE"
7863,"Hi, The API returns a 502 bad gateway when I call the endpoint.","TECHNICAL_ISSUE"
7864,"The VAT number is msising from my invoice.","BILLING_PAYMENT"
7865,"Hi there, Please forward this message to the partnerships team","OTHER"
7866,"Buttons on the claendar do not respond when I click them.","TECHNICAL_ISSUE"
7867,"Please send an invoice for my latest Team subscription payment.","BILLING_PAYMENT"
7868,"Please reset my account access, I canont get past the login screen. Any help would be appreciated.","ACCOUNT_ACCESS"
7869,"Please refund my last payment, I did not use the service at all","BILLING_PAYMENT"
7870,"i was charged $19 for a plan i never upgraded to.","BILLING_PAYMENT"
7871,"My account was hacekd and I cannot log in anymore.","ACCOUNT_ACCESS"
7872,"Please add a Outlook integration, our whole team uses it.","FEATURE_REQUEST"
7873,"Good morning, I am unable to sign in to my account for two days. Thanks in advance.","ACCOUNT_ACCESS"
7874,"Hey, I need help but I am not sure which option applies. Any help would be appreciated.","OTHER"
7875,"I was charged $149 for a plan I never upgraded to.","BILLING_PAYMENT"
7876,"The application crashes when I click delete.","TECHNICAL_ISSUE"
7877,"Dear support team, Please add a Microsoft Teams integration, our whole team uses it.","FEATURE_REQUEST"
7878,"Hi there, How can I change the language of the interface?","HOW_TO_SUPPORT"
7879,"I need to change the credit card used for my subcsription payments.","BILLING_PAYMENT"
7880,"hello team, please credit my account for the payment error this week.","BILLING_PAYMENT"
7881,"Can you help me regain access to my account? I cannot reach my data. Regards.","ACCOUNT_ACCESS"
7882,"i think i sent this to the wrong place, who is the right contact?","OTHER"
7883,"I see a spinning loader that never finishes on the analytics page.","TECHNICAL_ISSUE"
7884,"I would like to get in touch with the careers team. Any help would be appreciated.","OTHER"
7885,"The page shows an unexpected timeout error when I save my profile.","TECHNICAL_ISSUE"
7886,"Dear support team, I cannot log in after the latest update.","ACCOUNT_ACCESS"
7887,"Wolud you consider adding a Google Calendar connection to your product?","FEATURE_REQUEST"
7888,"I would like to speak with a sales represetnative about enterprise options","OTHER"
7889,"Images are not displaying correctly on the admin console in Safari.","TECHNICAL_ISSUE"
7890,"Dear support team, Scheduled reports are not running at the set time. Thanks a lot.","TECHNICAL_ISSUE"
7891,"Good morning, I cannot recover my account because the security questions are not working.","ACCOUNT_ACCESS"
7892,"Please reset my account access, I cannot get past the login screen. Thanks.","ACCOUNT_ACCESS"
7893,"Good afternoon, I need help but I am not sure which option applies. Thanks in advance.","OTHER"
7894,"How do I use the calendar to set up a recurring report? Thanks a lot.","HOW_TO_SUPPORT"
7895,"Do you have a tutorial on how to link my account to Slack?","HOW_TO_SUPPORT"
7896,"where can i find the export options? thank you.","HOW_TO_SUPPORT"
7897,"I am getting a message that my account is temporarily locked, please help me get in. Thank you.","ACCOUNT_ACCESS"
7898,"Hello support, Please forward this message to the partnerships team.","OTHER"
7899,"I get a something went wrong message when I try to share on the calendar. Please advise.","TECHNICAL_ISSUE"
7900,"There is a bug where the search page shows duplicate entries after I save.","TECHNICAL_ISSUE"
7901,"It would be helpful if the settings page supported a mobile widget.","FEATURE_REQUEST"
7902,"Please reset my acocunt access, I cannot get past the login screen.","ACCOUNT_ACCESS"
7903,"My card was charged twice for June. Thanks in advance.","BILLING_PAYMENT"
7904,"Which menu do I use to rename a project?","HOW_TO_SUPPORT"
7905,"Dear support team, Someone changed my password and I no longer have access to my account.","ACCOUNT_ACCESS"
7906,"My renewal payment failed and now my subscription shows as past due. Thank you.","BILLING_PAYMENT"
7907,"My card was charged three times for my annual plan. Please respond soon.","BILLING_PAYMENT"
7908,"A pop up with a blank white screen appears every time I try to sync.","TECHNICAL_ISSUE"
7909,"Please send an invoice for my latest Pro subscription payment. Thanks.","BILLING_PAYMENT"
7910,"Hello support, Please refund my last payment, I did not use the service at all.","BILLING_PAYMENT"
7911,"Notifications are not being delivered to my phone. Any help would be appreciated.","TECHNICAL_ISSUE"
7912,"Good afternoon, Just strated using the product, need to know how to create a new project","HOW_TO_SUPPORT"
7913,"Can you explain how to export my data?","HOW_TO_SUPPORT"
7914,"Hello, The password I created during sign up is not accepted at login.","ACCOUNT_ACCESS"
7915,"The aplpication crashes when I click print. Thanks.","TECHNICAL_ISSUE"
7916,"please show me how to remove a user from my team. please respond soon.","HOW_TO_SUPPORT"
7917,"Hey, I am unable to sign in to my account since Monday. Thanks.","ACCOUNT_ACCESS"
7918,"Hello, Any documentation on how to assign a task to a colleague?","HOW_TO_SUPPORT"
7919,"Good morning, I am not sure who to ask about this.","OTHER"
7920,"Suggestion: allow uesrs to add custom fields to every project.","FEATURE_REQUEST"
7921,"Hi, Which menu do I use to change my notification settings? Thank you.","HOW_TO_SUPPORT"
7922,"Hi, Feature request: bulk actions. Thanks a lot.","FEATURE_REQUEST"
7923,"Someone changed my password and I no longer have access to my account.","ACCOUNT_ACCESS"
7924,"Not sure how to transfer ownership of a workspace, can you point me to the right help article?","HOW_TO_SUPPORT"
7925,"Hello support, Any plans to support Japanese in the interface? Thanks in advance.","FEATURE_REQUEST"
7926,"Please let us export invoices to CSV.","FEATURE_REQUEST"
7927,"hello support, the autosave is broken and my work was lost since this morning. thank you.","TECHNICAL_ISSUE"
7928,"why did the price of my team plan go up?","BILLING_PAYMENT"
7929,"Hi, The payment page rejects my card and I cannot renew my Team plan.","BILLING_PAYMENT"
7930,"Hi, Please add single sign-on for account security","FEATURE_REQUEST"
7931,"i have a general inquiry that does not fit any of the topics. thanks in advance.","OTHER"
7932,"Can someone contact me aobut an issue?","OTHER"
7933,"The inbox shows a blank white screen for a week.","TECHNICAL_ISSUE"
7934,"Good morning, Buttons on the profile page do not respond when I click them.","TECHNICAL_ISSUE"
7935,"Why did the price of my Starter plan go up? Thank you.","BILLING_PAYMENT"
7936,"The print button does nothing on the mobile app. Please respond soon","TECHNICAL_ISSUE"
7937,"please show me how to update my profile picture.","HOW_TO_SUPPORT"
7938,"Hello, The system says the PDF format is not supported even though it is valid.","TECHNICAL_ISSUE"
7939,"My account is locked and I cannot do my work.","ACCOUNT_ACCESS"
7940,"The page keeps refreshing by iteslf and I lose what I typed.","TECHNICAL_ISSUE"
7941,"Hey, The verification email never arrives in my inbox.","ACCOUNT_ACCESS"
7942,"I want to leave genreal feedback about my experience. Thank you.","OTHER"
7943,"Could you please implement biometric login in a coming update?","FEATURE_REQUEST"
7944,"Images are not displaying correctly on the profile page in Edge.","TECHNICAL_ISSUE"
7945,"Product idea: let us schedule reports in advance.","FEATURE_REQUEST"
7946,"Good afternoon, I need to change the credit card used for my subscription payments.","BILLING_PAYMENT"
7947,"The API returns a 502 bad gateway when I call the endpoint.","TECHNICAL_ISSUE"
7948,"The payment page rejects my card and I cannot renew my Business plan.","BILLING_PAYMENT"
7949,"Is there a guide that shows how to connect my calendar?","HOW_TO_SUPPORT"
7950,"I am getting a error 500 whenever I open the team page. Please advise.","TECHNICAL_ISSUE"
7951,"Good morning, My account was hacked and I cannot log in anymore. Please respond soon.","ACCOUNT_ACCESS"
7952,"How do I use the team page to change my time zone?","HOW_TO_SUPPORT"
7953,"Hello team, Charts on the inbox do not load.","TECHNICAL_ISSUE"
7954,"Hi, Do you support customers based in India?","OTHER"
7955,"Hi team, Please add dark mode to the dashboard. Thanks a lot.","FEATURE_REQUEST"
7956,"Hi, Could you please implement authenticator app support in a coming update? Let me know what to do.","FEATURE_REQUEST"
7957,"Hello, My credit card was declined but my bank says there is no problem.","BILLING_PAYMENT"
7958,"The website does not work properly in Chrome, but it is fine in anotehr browser. Any help would be appreciated.","TECHNICAL_ISSUE"
7959,"Good afternoon, I got a new phone and my authenticator app no longer works, so I cannot log in. Any help would be appreciated.","ACCOUNT_ACCESS"
7960,"please add french language support. regards.","FEATURE_REQUEST"
7961,"It would be nice to have two-factor authentication. Thank you.","FEATURE_REQUEST"
7962,"Could you tell me how to transfer ownership of a workspace? Let me know what to do.","HOW_TO_SUPPORT"
7963,"Can you walk me through how to find my activity history? Please respond soon.","HOW_TO_SUPPORT"
7964,"How do I change my password from the settings page","HOW_TO_SUPPORT"
7965,"Hello team, Images are not displaying correctly on the settings page in Brave.","TECHNICAL_ISSUE"
7966,"Hey, Could you add an option to export charts as Word?","FEATURE_REQUEST"
7967,"Hello, Charts on the task list do not load.","TECHNICAL_ISSUE"
7968,"dear support team, an option for templates would make the product much better.","FEATURE_REQUEST"
7969,"I am trying to find my activity histroy but I cannot find the option. Where is it? Thank you.","HOW_TO_SUPPORT"
7970,"good morning, would you consider adding a jira connection to your product?","FEATURE_REQUEST"
7971,"Hello, Any documentation on how to create a new project?","HOW_TO_SUPPORT"
7972,"It would be useful to receive daily team updates by email.","FEATURE_REQUEST"
7973,"Hello support, It would be great to have dark mode in the project board.","FEATURE_REQUEST"
7974,"What is the easiest way to share a dahsboard with a client?","HOW_TO_SUPPORT"
7975,"I think I sent this to the wrong place, who is the right contact? Please advise.","OTHER"
7976,"Hey, The SMS code takes forever to arrive and then it has expired.","ACCOUNT_ACCESS"
7977,"Is there someone I can meet in preson to talk about your product? Please advise.","OTHER"
7978,"hey, do you support customers based in canada? please advise.","OTHER"
7979,"Everything works on my computer but the project board crashes on my tablet. Please respond soon.","TECHNICAL_ISSUE"
7980,"My bank shows a pending charge of $49 that I do not recognize.","BILLING_PAYMENT"
7981,"I am new here, how do I assign a task to a colleague? Thanks.","HOW_TO_SUPPORT"
7982,"Hello, I cannot log in after the latest update.","ACCOUNT_ACCESS"
7983,"I cannot access my search page because it says I do not have permission. Please help.","ACCOUNT_ACCESS"
7984,"The page keeps refreshing by itslef and I lose what I typed.","TECHNICAL_ISSUE"
7985,"Hello, The exported JPEG photo is corrupted and cannot be opened.","TECHNICAL_ISSUE"
7986,"Greetings, What is the easiest way to add a new team member?","HOW_TO_SUPPORT"
7987,"The app freezes when I try to download a large PDF. Regards.","TECHNICAL_ISSUE"
7988,"The system says the JPEG photo format is not supported even though it is valid. Thanks.","TECHNICAL_ISSUE"
7989,"I see a spinning loader that never finishes on the settings page.","TECHNICAL_ISSUE"
7990,"How can I print a report? Thanks in advance.","HOW_TO_SUPPORT"
7991,"Hello, I want to report something that does not fit any category.","OTHER"
7992,"I cannot recover my account bceause the security questions are not working. Please help.","ACCOUNT_ACCESS"
7993,"Not sure how to change the date format, can you point me to the right help article? Thank you.","HOW_TO_SUPPORT"
7994,"What is the easiest way to import contacts from a CSV file?","HOW_TO_SUPPORT"
7995,"Good morning, It would be useful to receive daily team updates by email.","FEATURE_REQUEST"
7996,"The site is down for me, I only see a server error. Thank you.","TECHNICAL_ISSUE"
7997,"I wish the task list had an undo button.","FEATURE_REQUEST"
7998,"Good afternoon, I am getting a message that my account is temporarily locked, please help me get in.","ACCOUNT_ACCESS"
7999,"Hello support, I need a receipt for my payment this week for tax purposes.","BILLING_PAYMENT"
8000,"I do not have accses to my old email address and need to recover my account.","ACCOUNT_ACCESS"
8001,"The autosave is broken and my work was lost an hour ago.","TECHNICAL_ISSUE"
8002,"Account recovery is not working, the password reset email is not being sent. Please respond soon.","ACCOUNT_ACCESS"
8003,"Dear support team, The website does not work properly in Chrome, but it is fine in anohter browser.","TECHNICAL_ISSUE"
8004,"My card was charged three times this quarter.","BILLING_PAYMENT"
8005,"I am new here, how do I invite a member to my workspace","HOW_TO_SUPPORT"
8006,"Do you have a partnership program?","OTHER"
8007,"Hello support, The receipt email for my payment never arrived.","BILLING_PAYMENT"
8008,"Good afternoon, I got a new phone and my authenticator app no longer works, so I cannot log in.","ACCOUNT_ACCESS"
8009,"Hi team, I downgraded to the Enterprise plan but I was still billed the higher price.","BILLING_PAYMENT"
8010,"I would love to see an integration with Outlook. Thank you.","FEATURE_REQUEST"
8011,"Hello support, The integration keeps disconnecting and shows an error each time. Any help would be appreciated","TECHNICAL_ISSUE"
8012,"It would be great to have a search bar in the notifications panel.","FEATURE_REQUEST"
8013,"Greetings, Could you add an option to export activity logs as PowerPoint","FEATURE_REQUEST"
8014,"Not sure how to archive old projects, can you point me to the right help article? Regards.","HOW_TO_SUPPORT"
8015,"Is it possible to invite a member to my workspace? I cannot find where.","HOW_TO_SUPPORT"
8016,"Can you send me an invoice for the EUR 39 payment","BILLING_PAYMENT"
8017,"Hello, I got charged in the wrong currency for my annual plan","BILLING_PAYMENT"
8018,"Good afternoon, Charts on the dashboard do not load.","TECHNICAL_ISSUE"
8019,"Good morning, The autosave is broken and my work was lost an hour ago.","TECHNICAL_ISSUE"
8020,"Hi there, Please add custom filters to the analytics page.","FEATURE_REQUEST"
8021,"Please add a Trello integration, our whole team uses it.","FEATURE_REQUEST"
8022,"Unable to sign in on Chrome, it just keeps reloading the login page. Please respond soon.","ACCOUNT_ACCESS"
8023,"Wolud you consider adding a Outlook connection to your product?","FEATURE_REQUEST"
8024,"The payment went through but I did not get a confirmation and my account is not upgraded. Please respond soon.","BILLING_PAYMENT"
8025,"Hello team, Where is your company located?","OTHER"
8026,"The API returns a error code 403 when I call the endpoint. Please respond soon","TECHNICAL_ISSUE"
8027,"I wuold like to get in touch with a manager.","OTHER"
8028,"Good afternoon, I cannot log in for the past few days.","ACCOUNT_ACCESS"
8029,"Images are not displaying correctly on the reports page in Chrome.","TECHNICAL_ISSUE"
8030,"I need a corrected invoice with our new company address. Thanks.","BILLING_PAYMENT"
8031,"Can you explain how to change my time zone? Thank you.","HOW_TO_SUPPORT"
8032,"Hi, Please add authenticator app support for account security. Thanks.","FEATURE_REQUEST"
8033,"Good morning, I represent a media outlet and want to reach out to the press team. Thank you.","OTHER"
8034,"Hi, Someone changed my password and I no longer have access to my account.","ACCOUNT_ACCESS"
8035,"Cuold you tell me how to update my profile picture? Please advise.","HOW_TO_SUPPORT"
8036,"hi team, the download link gives a generic error message instead of the file.","TECHNICAL_ISSUE"
8037,"The site is down for me, I only see a 502 bad gateway.","TECHNICAL_ISSUE"
8038,"Any documentation on how to upload a company logo? Regards.","HOW_TO_SUPPORT"
8039,"hi, can someone contact me about an issue?","OTHER"
8040,"Greetings, I want a refund because I was billed after cancelling.","BILLING_PAYMENT"
8041,"Hello support, What is the easiest way to set up a recurring report?","HOW_TO_SUPPORT"
8042,"Dear support team, I was charged for extra seats that I did not add. Regards","BILLING_PAYMENT"
8043,"Dear support team, Is it possible to create a template? I cannot find where.","HOW_TO_SUPPORT"
8044,"The print button does nothing on the profile page. Any help would be appreciated.","TECHNICAL_ISSUE"
8045,"Hello, Product idea: let us filter by date range.","FEATURE_REQUEST"
8046,"Hi team, The magic link takes forever to arrive and then it has expired.","ACCOUNT_ACCESS"
8047,"Greetings, After I reset my password the new one is not accepted.","ACCOUNT_ACCESS"
8048,"Dear support team, The site is down for me, I only see a error 404.","TECHNICAL_ISSUE"
8049,"Hello support, It would imporve my workflow if I could set reminders on tasks.","FEATURE_REQUEST"
8050,"Good morning, I would like instructions on how to invite a member to my workspace. Let me know what to do.","HOW_TO_SUPPORT"
8051,"Can I know more about your service before deciding? Thanks in advance.","OTHER"
8052,"Please add Portuguese language support.","FEATURE_REQUEST"
8053,"Hello support, The payment page rejects my card and I cannot renew my Pro plan.","BILLING_PAYMENT"
8054,"The integratoin keeps disconnecting and shows an error each time.","TECHNICAL_ISSUE"
8055,"Hey, Why is my account suspended? I need it restored as soon as possible.","ACCOUNT_ACCESS"
8056,"Hi there, I would like to know who I should contact regarding a collaboration. Any help would be appreciated.","OTHER"
8057,"How do I use the mobile app to find my activity history?","HOW_TO_SUPPORT"
8058,"I got a new phone and my authenticator app no longer works, so I cannot log in. Regards.","ACCOUNT_ACCESS"
8059,"Hi team, I get a error code 403 when I try to submit on the workspace. Thank you.","TECHNICAL_ISSUE"
8060,"Can you explain how to merge duplicate entries?","HOW_TO_SUPPORT"
8061,"hi, the system says the jpeg photo format is not supported even though it is valid.","TECHNICAL_ISSUE"
8062,"How can I add a comment to a task?","HOW_TO_SUPPORT"
8063,"The mobile app is very slow and keeps freezing on my Linux machine.","TECHNICAL_ISSUE"
8064,"Hey, Can I pay by bank transfer instead of card? My card keeps getting declined.","BILLING_PAYMENT"
8065,"I was billed EUR 39 twice for the same subscription.","BILLING_PAYMENT"
8066,"Hi team, I need help but I am not sure which option applies.","OTHER"
8067,"Hello support, The payemnt went through but I did not get a confirmation and my account is not upgraded.","BILLING_PAYMENT"
8068,"Hi there, Thanks for the great support last week! Thanks.","OTHER"
8069,"Dear support team, It would be useful to receive quarterly progress reports by email.","FEATURE_REQUEST"
8070,"the verification step keeps faliing when i try to sign in, an hour ago. please respond soon.","ACCOUNT_ACCESS"
8071,"Good morning, I have a general inquiry that does not fit any of the topics.","OTHER"
8072,"Where do I go in the dashboard to change my privacy settings?","HOW_TO_SUPPORT"
8073,"Could you add an option to export project lists as JSON? Please respond soon.","FEATURE_REQUEST"
8074,"Hello team, Account recovery is not working, the security code is not being sent. Thanks in advance","ACCOUNT_ACCESS"
8075,"Could you tell me how to transfer ownership of a workspace? Please advise.","HOW_TO_SUPPORT"
8076,"Good afternoon, The sync between my devices has stopped working.","TECHNICAL_ISSUE"
8077,"Would it be possible to pin important items to the top? That would save us a lot of time.","FEATURE_REQUEST"
8078,"Uploading a CSV file gets stuck at 10 percent and never finishes.","TECHNICAL_ISSUE"
8079,"An option for a mobile widget would make the product much better.","FEATURE_REQUEST"
8080,"Hello team, Please reset my account access, I cannot get past the login screen.","ACCOUNT_ACCESS"
8081,"Scheduled reports are not running at the set time. Thanks in advance.","TECHNICAL_ISSUE"
8082,"Why is my accuont frozen? I cannot do my work.","ACCOUNT_ACCESS"
8083,"I think I sent this to the wrong place, who is the right contact? Please respond soon.","OTHER"
8084,"I am new here, how do I change the language of the interface?","HOW_TO_SUPPORT"
8085,"Hi, I need a receipt for my payment for June for tax purposes. Please help","BILLING_PAYMENT"
8086,"Hi there, The inbox shows a error 404 since Monday.","TECHNICAL_ISSUE"
8087,"Hello support, There is an unknown charge of $9.99 from your company on my bank statement","BILLING_PAYMENT"
8088,"I cannot log in after changing my email address. Let me know what to do.","ACCOUNT_ACCESS"
8089,"My changes are not saved, the workspace reverts to the old values. Thanks.","TECHNICAL_ISSUE"
8090,"The page shows an unexpected blank white screen when I save my profile.","TECHNICAL_ISSUE"
8091,"Hey, I would like the option to add custom fields to every project in a future release.","FEATURE_REQUEST"
8092,"The app crashes every time I try to share.","TECHNICAL_ISSUE"
8093,"Good morning, Login fails on Chrome with an authentication failed message. Please respond soon.","ACCOUNT_ACCESS"
8094,"Are you currently hiring? Please respond soon.","OTHER"
8095,"Everything works on my computer but the workspace crashes on my Windows laptop.","TECHNICAL_ISSUE"
8096,"Greetings, I would like instructions on how to duplicate a project.","HOW_TO_SUPPORT"
8097,"Greetings, Can I get a call back from someone on your team? Any help would be appreciated.","OTHER"
8098,"Hi, Can you explain how to print a report?","HOW_TO_SUPPORT"
8099,"the payment page rejects my card and i cannot renew my premium plan.","BILLING_PAYMENT"
8100,"Hi, Are you planning to release a mobile widget in the future?","FEATURE_REQUEST"
8101,"Add saved views please, it is missing from the dashboard.","FEATURE_REQUEST"
8102,"Hello, My colleague left the company and I need accses to the admin account.","ACCOUNT_ACCESS"
8103,"Hello, Why is my account locked? I have a deadline today. Thanks in advance.","ACCOUNT_ACCESS"
8104,"Hi team, I cannot recover my account because the security questions are not working.","ACCOUNT_ACCESS"
8105,"The refresh button does nothing on the profile page.","TECHNICAL_ISSUE"
8106,"Hi there, I cannot log in on my MacBook.","ACCOUNT_ACCESS"
8107,"I am trying to create a template but I cannot find the option. Where is it?","HOW_TO_SUPPORT"
8108,"I represent a media outlet and want to reach out to the press team. Thanks.","OTHER"
8109,"I am not sure who to ask about this. Please respond soon.","OTHER"
8110,"I would like to know who I should contact regarding a collaboration. Thanks in advance.","OTHER"
8111,"Greetings, Thanks for the great support last week!","OTHER"
8112,"Good afternoon, Someone changed my password and I no longer have access to my account. Please advise.","ACCOUNT_ACCESS"
8113,"Hi there, I am new here, how do I turn on email alerts? Thank you.","HOW_TO_SUPPORT"
8114,"Dear support team, I have a general inquiry that does not fit any of the topics. Please help","OTHER"
8115,"The refresh button does nothing on the team page.","TECHNICAL_ISSUE"
8116,"Is there soemone I can meet in person to talk about your product?","OTHER"
8117,"i never received the activation email, i already checked my spam folder. regards.","ACCOUNT_ACCESS"
8118,"Unable to sign in on Opera, it just keeps reloading the login page.","ACCOUNT_ACCESS"
8119,"Charts on the profile page do not load.","TECHNICAL_ISSUE"
8120,"a pop up with a error 500 appears every time i try to import.","TECHNICAL_ISSUE"
8121,"It would improve my workflow if I could attach several files at once. Please respond soon.","FEATURE_REQUEST"
8122,"Hello team, I changed my phone number and now I cannot get the login code.","ACCOUNT_ACCESS"
8123,"I was billed $29 twice for the same subscription.","BILLING_PAYMENT"
8124,"The download link gives a error 404 instead of the file. Regards.","TECHNICAL_ISSUE"
8125,"Hello team, I have a general inquiry that does not fit any of the topics.","OTHER"
8126,"Good morning, The login page keeps redirecting me back to the sign in screen","ACCOUNT_ACCESS"
8127,"Hi there, My session logs me out immediately after I sign in.","ACCOUNT_ACCESS"
8128,"Hey, Any documentation on how to print a report?","HOW_TO_SUPPORT"
8129,"Hey, I was charged $59.99 for a plan I never upgraded to.","BILLING_PAYMENT"
8130,"I forgot the email I used to register and cannot get into my account. Regards.","ACCOUNT_ACCESS"
8131,"The app freezes when I try to share a large ZIP file. Please respond soon.","TECHNICAL_ISSUE"
8132,"My account is disabled and I cannot reach my data.","ACCOUNT_ACCESS"
8133,"Greetings, I am writing to ask about inetrnship opportunities.","OTHER"
8134,"Greetings, Hello, is anyone there?","OTHER"
8135,"Hi team, I was charged for extra seats that I did not add. Let me know what to do.","BILLING_PAYMENT"
8136,"I cannot log in on my iPhone. Please respond soon.","ACCOUNT_ACCESS"
8137,"I get an acecss denied message when I try to open my workspace. Thanks.","ACCOUNT_ACCESS"
8138,"Hey, I cannot sign in with my Google account anymore. Thanks.","ACCOUNT_ACCESS"
8139,"Feature request: the ability to add custom fields to every project.","FEATURE_REQUEST"
8140,"Feature request: the ability to use the product without an internet connection.","FEATURE_REQUEST"
8141,"Can you help me regain access to my account? I cannot do my work.","ACCOUNT_ACCESS"
8142,"The settings page shows a something went wrong message since last night","TECHNICAL_ISSUE"
8143,"Where do I go in the search page to change my export options? Regards.","HOW_TO_SUPPORT"
8144,"please let us export reports to xml.","FEATURE_REQUEST"
8145,"How do I use the billing page to remove a user from my team?","HOW_TO_SUPPORT"
8146,"I am new here, how do I pin a dashboard as my home page? Regards.","HOW_TO_SUPPORT"
8147,"Buttons on the reports page do not respond when I click them.","TECHNICAL_ISSUE"
8148,"Hello support, There is a bug where the reports page shows duplicate entries after I sync.","TECHNICAL_ISSUE"
8149,"Good afternoon, Please forward this message to a product specialist.","OTHER"
8150,"I forgot the email I used to register and cannot get into my account. Let me know what to do","ACCOUNT_ACCESS"
8151,"Hello support, I cannot log in for a week.","ACCOUNT_ACCESS"
8152,"Thanks for the great support last week! Let me know what to do.","OTHER"
8153,"Notifications are not being delivered to my phone.","TECHNICAL_ISSUE"
8154,"It would be great to have version history in the profile page.","FEATURE_REQUEST"
8155,"The SMS code never arrives in my inbox. Please respond soon.","ACCOUNT_ACCESS"
8156,"Hello team, Please get back to me when you can, I have a few questions.","OTHER"
8157,"Hi team, An option for a search bar would make the product much better.","FEATURE_REQUEST"
8158,"Hi, I cannot access my porject board because it says I do not have permission.","ACCOUNT_ACCESS"
8159,"I never received the security code, I already checked my spam folder. Please advise.","ACCOUNT_ACCESS"
8160,"hi, could you tell me how to upload a company logo? please help.","HOW_TO_SUPPORT"
8161,"Hello team, Iamges are not displaying correctly on the profile page in Edge. Please respond soon.","TECHNICAL_ISSUE"
8162,"I was charged $19 on the first of the month but I expected a different amount.","BILLING_PAYMENT"
8163,"Text is cut off and overlapping on the search page on my iPhone. Please respond soon","TECHNICAL_ISSUE"
8164,"Hi there, Can you build custom themes into the analytics page? Many users would benefit.","FEATURE_REQUEST"
8165,"Please send an invoice for my latest annual subscription payment.","BILLING_PAYMENT"
8166,"I would love to see an intergation with Trello.","FEATURE_REQUEST"
8167,"Hi there, I am a student working on a school project about your product, who can I talk to?","OTHER"
8168,"I am new here, how do I make a teammate an admin?","HOW_TO_SUPPORT"
8169,"Please stop future charges to my card and cancel my subscription. Please advise.","BILLING_PAYMENT"
8170,"I am stuck in a loop where the site asks me to verify my email again and again. Let me know what to do.","ACCOUNT_ACCESS"
8171,"Good morning, I am not able to log in from my iPad but it works on my computer. Any help would be appreciated.","ACCOUNT_ACCESS"
8172,"Hi team, The profile page shows a something went wrong message for the past few days. Please respond soon.","TECHNICAL_ISSUE"
8173,"I was charged for extra seats that I did not add.","BILLING_PAYMENT"
8174,"Where do I go in the inbox to change my integration settings?","HOW_TO_SUPPORT"
8175,"An option for dark mode would make the product much better. Please help.","FEATURE_REQUEST"
8176,"Could you please implement IP allow listing in a coming update?","FEATURE_REQUEST"
8177,"Could you add a mobile widget to the calendar? Any help would be appreciated.","FEATURE_REQUEST"
8178,"We relaly need auto save on the admin console, please consider it.","FEATURE_REQUEST"
8179,"Hey, Product idea: let us use the product without an internet connection.","FEATURE_REQUEST"
8180,"Would you consider adding a Asana connection to your product?","FEATURE_REQUEST"
8181,"Hello support, Buttons on the project board do not respond when I click them.","TECHNICAL_ISSUE"
8182,"Hi there, Can you expalin how to change the language of the interface?","HOW_TO_SUPPORT"
8183,"Hey, The autosave is broken and my work was lost an hour ago.","TECHNICAL_ISSUE"
8184,"Hi team, Any documentation on how to use filters on the dashboard?","HOW_TO_SUPPORT"
8185,"Hi there, I cannot access my project board because it says I do not have permission","ACCOUNT_ACCESS"
8186,"I was chagred $19 for June but I expected a different amount.","BILLING_PAYMENT"
8187,"Hi there, I would like to speak with a sales representative about enterprise options.","OTHER"
8188,"Hey, I cannot log in for the past few days. Thank you.","ACCOUNT_ACCESS"
8189,"Please show me how to merge duplicate entries. Thanks a lot.","HOW_TO_SUPPORT"
8190,"Hello team, Please unlock my account, I entered the wrong password several times.","ACCOUNT_ACCESS"
8191,"Good morning, Unable to sign in on Edge, it just keeps reloading the loign page. Please advise.","ACCOUNT_ACCESS"
8192,"Hey, The reset link does nothing when I click it. Please advise.","ACCOUNT_ACCESS"
8193,"Good morning, Notifications are not being delivered to my phone.","TECHNICAL_ISSUE"
8194,"I cannot log in on my iPad. Please help.","ACCOUNT_ACCESS"
8195,"just started using the product, need to know how to delete a workspace. please advise.","HOW_TO_SUPPORT"
8196,"I was removed from the workspace by mistake and cannot get back in. Please help.","ACCOUNT_ACCESS"
8197,"Would you consider adding a Slack connection to your product? Please advise.","FEATURE_REQUEST"
8198,"Hi team, The two-factor code is rejected every time I try to sign in.","ACCOUNT_ACCESS"
8199,"Hi team, I cannot log into my account, it says the email address is not registered but I have used it before.","ACCOUNT_ACCESS"
8200,"We raelly need a favorites list on the analytics page, please consider it. Thanks.","FEATURE_REQUEST"
8201,"Good afternoon, I would like the option to pin important items to the top in a future release.","FEATURE_REQUEST"
8202,"I downgraded to the Business plan but I was still billed the hihger price.","BILLING_PAYMENT"
8203,"hello team, where is your company located? thanks.","OTHER"
8204,"I got a new phone and my authenticator app no longer works, so I cannot log in. Please help.","ACCOUNT_ACCESS"
8205,"Can you send me an invoice for the $99 payment","BILLING_PAYMENT"
8206,"Hello team, Can you explain how to archive old projects? Thanks","HOW_TO_SUPPORT"
8207,"Hello, How do I find my actviity history?","HOW_TO_SUPPORT"
8208,"Good morning, How can I create a template? Any help would be appreciated.","HOW_TO_SUPPORT"
8209,"Is your service available in Mexico?","OTHER"
8210,"Good afternoon, Would it be possible to assign tasks to multiple people? That would save us a lot of time.","FEATURE_REQUEST"
8211,"Good afternoon, Is there someone I can meet in person to talk abuot your product? Thank you.","OTHER"
8212,"I would love to see an integration with Outlook.","FEATURE_REQUEST"
8213,"I get a 502 bad gateway when I try to download on the reports page.","TECHNICAL_ISSUE"
8214,"Hi, The dsahboard becomes blank when I upload a PDF.","TECHNICAL_ISSUE"
8215,"I would like more information before I create an account. Let me know what to do.","OTHER"
8216,"Please send an invoice for my latest Pro subscription payment","BILLING_PAYMENT"
8217,"Please credit my account for the payment error on the first of the month.","BILLING_PAYMENT"
8218,"Hello, I saw your ad and want to learn more.","OTHER"
8219,"I was charged $49 for a plan I never upgraded to.","BILLING_PAYMENT"
8220,"the disocunt promised to me is not reflected on my bill.","BILLING_PAYMENT"
8221,"It would improve my workflow if I could pin important items to the top.","FEATURE_REQUEST"
8222,"Hello support, My PayPal payment failed but the money left my account.","BILLING_PAYMENT"
8223,"Hi there, I have a general inquiry that does not fit any of the topics. Please advise.","OTHER"
8224,"Can I get a call back from someone on your team? Thanks in advance.","OTHER"
8225,"Where do I go in the settings page to change my language settings","HOW_TO_SUPPORT"
8226,"Where do I go in the analytics page to change my privacy settings?","HOW_TO_SUPPORT"
8227,"Good morning, I was charged for extra seats that I did not add.","BILLING_PAYMENT"
8228,"hello, i want to leave general feedback about my experience. please respond soon.","OTHER"
8229,"My account is disabled and I need to get in right now.","ACCOUNT_ACCESS"
8230,"Please send quarterly activity reports to my inbox automatically, it would help a lot. Please respond soon.","FEATURE_REQUEST"
8231,"Hi, Do you support customers based in Kenya?","OTHER"
8232,"Greetings, The system says the spreadsheet format is not supported even though it is valid.","TECHNICAL_ISSUE"
8233,"Hi team, Not sure how to change the language of the interface, can you point me to the right help article?","HOW_TO_SUPPORT"
8234,"Hello team, Please let us export tables to XML.","FEATURE_REQUEST"
8235,"Hello team, I would like a refund for the EUR 39 charge this quarter.","BILLING_PAYMENT"
8236,"Atfer I reset my password the new one is not accepted.","ACCOUNT_ACCESS"
8237,"Hi, Please get back to me when you can, I have a few questions.","OTHER"
8238,"Would you consider adding a Microsoft Teams connection to your product? Please help.","FEATURE_REQUEST"
8239,"Can you build custom filters into the admin console? Many users would benefit.","FEATURE_REQUEST"
8240,"I need help but I am not sure which option applies. Let me know what to do.","OTHER"
8241,"Hey, Buttons on the profile page do not respond when I click them.","TECHNICAL_ISSUE"
8242,"My bank shows a pending charge of EUR 15 that I do not recognize.","BILLING_PAYMENT"
8243,"Hi team, The app crashes every time I try to export. Any help would be appreciated","TECHNICAL_ISSUE"
8244,"The website does not work properly in Chrome, but it is fine in another browser. Thank you","TECHNICAL_ISSUE"
8245,"Do you have a tutorial on how to merge duplicate entries?","HOW_TO_SUPPORT"
8246,"Can you explain how to pin a dashboard as my home page? Regards","HOW_TO_SUPPORT"
8247,"Greetings, I am getting a message that my account is temporarily locked, please help me get in.","ACCOUNT_ACCESS"
8248,"add a calendar view please, it is missing from the task list. please advise.","FEATURE_REQUEST"
8249,"I was billed EUR 39 twice for the same subscription. Please advise.","BILLING_PAYMENT"
8250,"Hello support, The coupon code did not apply at checkout and I was charged the full price.","BILLING_PAYMENT"
8251,"Please add two-factor authentication for account security. Thanks","FEATURE_REQUEST"
8252,"The verification email never arrives in my inbox. Regards.","ACCOUNT_ACCESS"
8253,"Would it be possible to customize the dashboard layout? That would save us a lot of time. Please help.","FEATURE_REQUEST"
8254,"Could you add a favorites list to the reports page?","FEATURE_REQUEST"
8255,"Hello team, There is a bug where the analytics page shows duplicate entries after I import.","TECHNICAL_ISSUE"
8256,"The site is down for me, I only see a error 500. Thank you.","TECHNICAL_ISSUE"
8257,"Images are not displaying correctly on the calendar in Edge. Any help would be appreciated.","TECHNICAL_ISSUE"
8258,"Hi team, Do you have any security certifications?","OTHER"
8259,"Do you offer any events or webinars? Let me know what to do.","OTHER"
8260,"everything works on my computer but the project board crashes on my iphone.","TECHNICAL_ISSUE"
8261,"Hello, The system says the JPEG photo format is not supported even though it is valid.","TECHNICAL_ISSUE"
8262,"Hello support, Can you build a calendar view into the profile page? Many users would benefit. Regards.","FEATURE_REQUEST"
8263,"Hi, Payment status says pending for days, and my subscription is still not active.","BILLING_PAYMENT"
8264,"Please add IP allow listing for account security.","FEATURE_REQUEST"
8265,"I was charged EUR 39 this week but I expected a different amount.","BILLING_PAYMENT"
8266,"Dear support team, I am trying to duplicate a project but I cannot find the option. Where is it?","HOW_TO_SUPPORT"
8267,"I was charged for extra saets that I did not add.","BILLING_PAYMENT"
8268,"Good afternoon, The coupon code did not apply at checkout and I was charged the full price.","BILLING_PAYMENT"
8269,"Add offline mode please, it is missing from the admin console. Thanks a lot.","FEATURE_REQUEST"
8270,"Hi, I am not able to log in from my work computer but it works on my computer.","ACCOUNT_ACCESS"
8271,"Hello team, The discount promised to me is not reflected on my bill.","BILLING_PAYMENT"
8272,"Good afternoon, The verifiaction step keeps failing when I try to sign in, since the latest update.","ACCOUNT_ACCESS"
8273,"Good afternoon, I keep getting an invalid password message even though I am typing it correctly.","ACCOUNT_ACCESS"
8274,"Uploading a CSV file gets stuck at 50 percent and never finishes.","TECHNICAL_ISSUE"
8275,"Please consider adding a way to attach several files at once.","FEATURE_REQUEST"
8276,"Please show me how to download a report. Any help would be appreciated.","HOW_TO_SUPPORT"
8277,"The settings page becomes blank when I upolad a spreadsheet.","TECHNICAL_ISSUE"
8278,"Hi team, I am unable to sign in to my account since Monday.","ACCOUNT_ACCESS"
8279,"Can you send me some information about what you offer? Regards","OTHER"
8280,"Hello, Please add IP allow listing for account security.","FEATURE_REQUEST"
8281,"Hello team, The magic link never arrives in my inbox.","ACCOUNT_ACCESS"
8282,"Hey, I think I sent this to the wrong place, who is the right contact?","OTHER"
8283,"can you send me some information about what you offer? thank you.","OTHER"
8284,"Can you tell me more about your privacy policy? Let me know what to do.","OTHER"
8285,"Hi, Please show me how to change my display name. Thank you","HOW_TO_SUPPORT"
8286,"Hello, I cannot log in after resetting my password.","ACCOUNT_ACCESS"
8287,"Hello support, I downgraded to the Premium plan but I was still billed the higher price.","BILLING_PAYMENT"
8288,"Please forward this message to sales. Please advise.","OTHER"
8289,"Good afternoon, The verification email never arrives in my inbox.","ACCOUNT_ACCESS"
8290,"Hi team, How do I turn on email alerts","HOW_TO_SUPPORT"
8291,"Dear support team, Can you build a compact layout into the dashboard? Many users would benefit.","FEATURE_REQUEST"
8292,"Why was I billed $19 when my plan should be cheaper?","BILLING_PAYMENT"
8293,"It would be useful to receive biweekly usage summaries by email. Please respond soon","FEATURE_REQUEST"
8294,"Good morning, Uploading a ZIP file gets stuck at zero percent and never finishes.","TECHNICAL_ISSUE"
8295,"Hi, I cancelled my subscription weeks ago and you still took money from my account.","BILLING_PAYMENT"
8296,"Dear support team, Charts on the team page do not load.","TECHNICAL_ISSUE"
8297,"Just started using the product, need to know how to upload a company logo. Thanks a lot.","HOW_TO_SUPPORT"
8298,"Hello support, The analytics page does not display anything after the latest update. Please help.","TECHNICAL_ISSUE"
8299,"hello, there is a bug where the search page shows duplicate entries after i print.","TECHNICAL_ISSUE"
8300,"The page never finishes loading and only shows a server error.","TECHNICAL_ISSUE"
8301,"Hi team, I keep getting an invalid password message even though I am typing it correctly","ACCOUNT_ACCESS"
8302,"Are you planning to release a compact layuot in the future","FEATURE_REQUEST"
8303,"Please add support for exporting to XML and also bulk actions. Regards.","FEATURE_REQUEST"
8304,"I am new here, how do I change my display name? Thank you.","HOW_TO_SUPPORT"
8305,"I would like instructions on how to set up my workspace for the first time. Please help.","HOW_TO_SUPPORT"
8306,"could someone give me an ovreview of what your company does?","OTHER"
8307,"Hey, Do you have a partnership program?","OTHER"
8308,"Suggestion: allow users to duplicate an entire project.","FEATURE_REQUEST"
8309,"I was billed EUR 15 twice for the same subscription.","BILLING_PAYMENT"
8310,"Good morning, Please add a Zapier integration, our whole team uses it.","FEATURE_REQUEST"
8311,"Hey, Everything on the settings page is loading extremely slowly for a week.","TECHNICAL_ISSUE"
8312,"Hi, My bank shows a pending charge of $9.99 that I do not recognize.","BILLING_PAYMENT"
8313,"I am not sure who to ask about this. Thanks in advance.","OTHER"
8314,"Why is my account suspended? I cannot do my work.","ACCOUNT_ACCESS"
8315,"Good afternoon, My team would love to have auto save. Is it on the roadmap?","FEATURE_REQUEST"
8316,"Do you have any secruity certifications?","OTHER"
8317,"i have a general inquiry that does not fit any of the topics. please respond soon.","OTHER"
8318,"My payment keeps failing at checkout even though my card is valid. Regards.","BILLING_PAYMENT"
8319,"My account has been blocked and I do not know why. Thanks in advance.","ACCOUNT_ACCESS"
8320,"It would be great to have saved views in the admin console.","FEATURE_REQUEST"
8321,"Good morning, The receipt email for my payment never arrived. Thanks.","BILLING_PAYMENT"
8322,"Hello support, Not sure how to duplicate a project, can you point me to the rihgt help article?","HOW_TO_SUPPORT"
8323,"I need a corrected ivnoice with our new company address. Please help.","BILLING_PAYMENT"
8324,"Please add support for exporting to CSV and also a compact layout.","FEATURE_REQUEST"
8325,"What are the steps to download a report? Thanks in advance.","HOW_TO_SUPPORT"
8326,"Video previews will not play in the dashboard.","TECHNICAL_ISSUE"
8327,"Is there someone I can meet in person to talk abuot your product? Thanks in advance.","OTHER"
8328,"I am unable to sign in to my account since the latest update. Please advise.","ACCOUNT_ACCESS"
8329,"Hello team, What are the steps to change my password from the settings page?","HOW_TO_SUPPORT"
8330,"I got a new phone and my authenticator app no longer works, so I cannot log in. Any help would be appreciated.","ACCOUNT_ACCESS"
8331,"Buttons on the task list do not respond when I click them.","TECHNICAL_ISSUE"
8332,"Hello support, I am stuck in a loop where the site asks me to verify my email again and again.","ACCOUNT_ACCESS"
8333,"Can you reocmmend which team I should contact for my request?","OTHER"
8334,"Where do I go in the calendar to change my workspace name","HOW_TO_SUPPORT"
8335,"After I reset my password the new one is not accepted. Thanks","ACCOUNT_ACCESS"
8336,"Hello, Do you support customers based in Nigeria?","OTHER"
8337,"I am a student working on a school project about your product, who can I talk to? Please help.","OTHER"
8338,"It would be nice to have an option to log out all devices.","FEATURE_REQUEST"
8339,"The search page does not display anything after the latest update.","TECHNICAL_ISSUE"
8340,"I would like instructions on how to merge duplicate entries.","HOW_TO_SUPPORT"
8341,"Could you tell me how to print a report?","HOW_TO_SUPPORT"
8342,"I cannot log in after changing my email address.","ACCOUNT_ACCESS"
8343,"Hello team, Could someone give me an overview of what your company does?","OTHER"
8344,"The autosave is broken and my work was lost since Monday. Any help would be appreciated.","TECHNICAL_ISSUE"
8345,"Hey, The two-factor code is rejected every time I try to sign in. Let me know what to do.","ACCOUNT_ACCESS"
8346,"Search returns no results even for itmes that I know exist.","TECHNICAL_ISSUE"
8347,"Hi there, I have been overcharged on the first of the month, please look into my billing. Thanks a lot.","BILLING_PAYMENT"
8348,"good morning, feature request: the ability to schedule reports in advance.","FEATURE_REQUEST"
8349,"Is your service available in the UAE? Any help would be appreciated.","OTHER"
8350,"Please credit my account for the payment error on the first of the month. Please advise.","BILLING_PAYMENT"
8351,"Dear support team, I am not sure who to ask about this. Please advise.","OTHER"
8352,"Hello support, My credit card was declined but my bank says there is no problem. Please help.","BILLING_PAYMENT"
8353,"Wehre is your company located?","OTHER"
8354,"Would it be possible to sort the list by multiple columns? That would save us a lot of time.","FEATURE_REQUEST"
8355,"Hi there, Thank you for your help, everything is fine now. Thanks in advance.","OTHER"
8356,"Dear support team, The discount promised to me is not reflected on my bill.","BILLING_PAYMENT"
8357,"Hi there, Where can I find the workspace name?","HOW_TO_SUPPORT"
8358,"hello, the autosave is broken and my work was lost snice the latest update.","TECHNICAL_ISSUE"
8359,"Feature request: the ability to add comments to reports.","FEATURE_REQUEST"
8360,"Would it be possible to add comments to reports? That would save us a lot of time.","FEATURE_REQUEST"
8361,"Hello support, I wish the project board had drag and drop.","FEATURE_REQUEST"
8362,"Hi, My usrename is not recognized on the login page. Regards.","ACCOUNT_ACCESS"
8363,"Hello, Please get back to me when you can, I have a few questions. Thanks.","OTHER"
8364,"The password I created during sign up is not accepted at login.","ACCOUNT_ACCESS"
8365,"Hello team, Can you recommend which team I should contact for my request?","OTHER"
8366,"Hi there, Why is my account blocked? I cannot reach my data.","ACCOUNT_ACCESS"
8367,"Greetings, Data I entered yesterday disappeared from the calendar.","TECHNICAL_ISSUE"
8368,"Any documentation on how to update my profile picture?","HOW_TO_SUPPORT"
8369,"Do you have a tutorial on how to print a report? Please advise.","HOW_TO_SUPPORT"
8370,"Why did the price of my monthly plan go up?","BILLING_PAYMENT"
8371,"I wish the admin console had an undo button. Thanks in advance.","FEATURE_REQUEST"
8372,"Not sure how to update my profile picture, can you point me to the right help article","HOW_TO_SUPPORT"
8373,"Hi team, Is your service aavilable in Brazil?","OTHER"
8374,"Any documentation on how to make a teammate an admin?","HOW_TO_SUPPORT"
8375,"Hi, Uploading a Excel file gets stuck at 99 percent and never finishes. Regards.","TECHNICAL_ISSUE"
8376,"Dear support team, I upgraded my plan but the charge shows the wrong amount. Thanks in advance","BILLING_PAYMENT"
8377,"Hello support, Please consider adding a way to mark items as favorites","FEATURE_REQUEST"
8378,"I am unable to sign in to my account for the past few days. Please advise.","ACCOUNT_ACCESS"
8379,"Hello, My card was charged three times this month.","BILLING_PAYMENT"
8380,"Where do I go in the mobile app to chagne my email preferences? Thanks a lot.","HOW_TO_SUPPORT"
8381,"The app freezes when I try to submit a large spreadsheet.","TECHNICAL_ISSUE"
8382,"Hey, Which page lets me manage my report templates? Thank you.","HOW_TO_SUPPORT"
8383,"I want to switch to annual billing to get the discount, how is the payment handled? Please help.","BILLING_PAYMENT"
8384,"It would be helpful if the notifications panel supported templates. Please help.","FEATURE_REQUEST"
8385,"Hi there, The notifications panel becomes blank when I upload a video file.","TECHNICAL_ISSUE"
8386,"Hi, My bank shows a pending charge of $120 that I do not recognize.","BILLING_PAYMENT"
8387,"Could you please impleemnt login alerts by email in a coming update","FEATURE_REQUEST"
8388,"The app freezes when I try to publish a large video file.","TECHNICAL_ISSUE"
8389,"please consider adding a way to attach several fiels at once.","FEATURE_REQUEST"
8390,"good afternoon, the reset link does nothing when i click it. thank you.","ACCOUNT_ACCESS"
8391,"Hello support, I am unable to sign in to my account since Monday. Let me know what to do.","ACCOUNT_ACCESS"
8392,"My card was charged three times yesterday.","BILLING_PAYMENT"
8393,"The sync button does nothing on the analytics page.","TECHNICAL_ISSUE"
8394,"My card was charged twice this quarter. Any help would be appreciated.","BILLING_PAYMENT"
8395,"Hello team, I cannot log in after resetting my password.","ACCOUNT_ACCESS"
8396,"Good morning, I am a student working on a school project about your product, who can I talk to? Thanks in advance.","OTHER"
8397,"Suggestion: allow users to set reminders on tasks.","FEATURE_REQUEST"
8398,"Dear support team, Is there a guide that shows how to change my time zone?","HOW_TO_SUPPORT"
8399,"Hello team, Please credit my account for the payment error this month.","BILLING_PAYMENT"
8400,"Hello, Can you recommend which team I should contact for my request? Thanks a lot.","OTHER"
8401,"Can you walk me through how to make a teammate an admin? Please help.","HOW_TO_SUPPORT"
8402,"I wish the billing page had a kanban view.","FEATURE_REQUEST"
8403,"Good morning, The save button does nothing on the task list.","TECHNICAL_ISSUE"
8404,"Hi, I need a receipt for my payment last month for tax purposes.","BILLING_PAYMENT"
8405,"The billing page becomes blank when I upload a CSV file.","TECHNICAL_ISSUE"
8406,"Hey, How do I use the billing page to download a report?","HOW_TO_SUPPORT"
8407,"Good afternoon, I would like to speak with a sales representative about enterprise options","OTHER"
8408,"Hi there, I would like to get in touch with a manager. Let me know what to do.","OTHER"
8409,"There is a bug where the search page shows duplicate entries after I upload. Thanks in advance.","TECHNICAL_ISSUE"
8410,"I am not sure who to ask about this. Thank you.","OTHER"
8411,"Add custom filters please, it is missing from the billing page.","FEATURE_REQUEST"
8412,"I keep getting an invalid password message even though I am typing it correctly. Please help","ACCOUNT_ACCESS"
8413,"I represent a media outlet and want to reach out to the press team. Please advise.","OTHER"
8414,"Good morning, How did your company start? I am curious. Let me know what to do.","OTHER"
8415,"Hello support, My account has been disabled and I do not know why.","ACCOUNT_ACCESS"
8416,"The coupon code did not apply at checkout and I was charged the full price. Thank you","BILLING_PAYMENT"
8417,"dear support team, how did your company start? i am curious. thank you.","OTHER"
8418,"Good afternoon, Could you add an option to export project lists as JSON?","FEATURE_REQUEST"
8419,"I cannot log in on my iPhone.","ACCOUNT_ACCESS"
8420,"After I reset my password the new one is not accepted. Thank you.","ACCOUNT_ACCESS"
8421,"Can you help me regain access to my account? I cannot reach my data. Let me know what to do.","ACCOUNT_ACCESS"
8422,"i wish the dashboard had a knaban view.","FEATURE_REQUEST"
8423,"hi there, my bank shwos a pending charge of $9.99 that i do not recognize.","BILLING_PAYMENT"
8424,"Dear support team, I am new here, how do I link my account to Slack?","HOW_TO_SUPPORT"
8425,"Please add dark mode to the dashboard. Regards.","FEATURE_REQUEST"
8426,"The system says the PNG image format is not supported even though it is valid. Please respond soon.","TECHNICAL_ISSUE"
8427,"Greetings, I would like to get in touch with sales.","OTHER"
8428,"What are the steps to import contacts from a CSV file","HOW_TO_SUPPORT"
8429,"It would be helpful if the reports page supported a favorites list","FEATURE_REQUEST"
8430,"Do you have a parntership program? Thanks in advance.","OTHER"
8431,"Please let us export charts to Word.","FEATURE_REQUEST"
8432,"Hello team, How can I change my time zone?","HOW_TO_SUPPORT"
8433,"Hey, I downgraded to the Pro plan but I was still billed the higher price.","BILLING_PAYMENT"
8434,"Dear support team, Do you have a tutorial on how to merge dupilcate entries?","HOW_TO_SUPPORT"
8435,"Dear support team, Please consider adding a way to shcedule reports in advance.","FEATURE_REQUEST"
8436,"The magic link takes forever to arrive and then it has expired.","ACCOUNT_ACCESS"
8437,"Dear support team, Suggestion: allow users to see who viewed a shared report.","FEATURE_REQUEST"
8438,"Dear support team, Charts on the project board do not load.","TECHNICAL_ISSUE"
8439,"Good afternoon, The payment page rejects my card and I cannot renew my Enterprise plan.","BILLING_PAYMENT"
8440,"Hello support, Hello, is anyone there? Thanks a lot","OTHER"
8441,"Can you help me regain access to my account? I cannot reach my data. Please help.","ACCOUNT_ACCESS"
8442,"Hello support, The reset link does nothing when I click it","ACCOUNT_ACCESS"
8443,"The download link gives a generic error message instead of the file. Let me know what to do.","TECHNICAL_ISSUE"
8444,"Could you tell me how to upload a company logo?","HOW_TO_SUPPORT"
8445,"Login fails on Firefox with an authentication failed message.","ACCOUNT_ACCESS"
8446,"Can you walk me thorugh how to upload a company logo?","HOW_TO_SUPPORT"
8447,"Not sure how to create a template, can you point me to the right help article?","HOW_TO_SUPPORT"
8448,"Would you consider adding a Zapier connection to your product?","FEATURE_REQUEST"
8449,"Can you tell me more about your privacy policy? Please advise.","OTHER"
8450,"Hello support, The magic link never arrives in my inbox.","ACCOUNT_ACCESS"
8451,"Dear support team, Where can I find the workspace name?","HOW_TO_SUPPORT"
8452,"Greetings, The two-factor code is rejected every time I try to sign in.","ACCOUNT_ACCESS"
8453,"i cannot access my profile page because it says i do not have permission. thanks in advance.","ACCOUNT_ACCESS"
8454,"Hi team, How did your company start? I am curious.","OTHER"
8455,"Everything on the team page is loading extremely slowly since yesterday.","TECHNICAL_ISSUE"
8456,"Thank you for your help, everything is fine now. Regards.","OTHER"
8457,"Is there a guide that shows how to updtae my profile picture?","HOW_TO_SUPPORT"
8458,"Hey, Plaese add dark mode to the dashboard","FEATURE_REQUEST"
8459,"Could you please implement passkey support in a coming update?","FEATURE_REQUEST"
8460,"Do you support customers based in Sri Lanka?","OTHER"
8461,"I cannot log in after changing my email address. Please respond soon.","ACCOUNT_ACCESS"
8462,"Hello, Please forward this message to sales.","OTHER"
8463,"How do I use the settings page to change the language of the interface?","HOW_TO_SUPPORT"
8464,"Hello support, I cannot log in after the latest update. Please respond soon.","ACCOUNT_ACCESS"
8465,"Is it possible to create a new project? I cannot find where.","HOW_TO_SUPPORT"
8466,"how do i assign a task to a colleague? regards.","HOW_TO_SUPPORT"
8467,"Greetings, I have been overcharged last month, please look into my billing.","BILLING_PAYMENT"
8468,"Why was I billed EUR 15 when my plan sohuld be cheaper? Please respond soon.","BILLING_PAYMENT"
8469,"where do i go in the project board to change my display name?","HOW_TO_SUPPORT"
8470,"Can I pay by bank transfer instead of card? My card keeps getting declined. Regards.","BILLING_PAYMENT"
8471,"please reset my account access, i cannot get past the login screen. please advise.","ACCOUNT_ACCESS"
8472,"uploading a csv file gets stuck at 99 percent and never finishes.","TECHNICAL_ISSUE"
8473,"Feature request: auto save.","FEATURE_REQUEST"
8474,"Can someone explain how to use the reports page?","HOW_TO_SUPPORT"
8475,"Images are not displaying correctly on the calendar in Opera.","TECHNICAL_ISSUE"
8476,"Hello, Text is cut off and overlapping on the calendar on my work computer.","TECHNICAL_ISSUE"
8477,"I am trying to change my time zone but I cannot find the option. Where is it?","HOW_TO_SUPPORT"
8478,"Which menu do I use to create a new project?","HOW_TO_SUPPORT"
8479,"The invoice shows the wrong company name, please correct it. Thanks a lot.","BILLING_PAYMENT"
8480,"Hey, The one-time passcdoe never arrives in my inbox.","ACCOUNT_ACCESS"
8481,"Why was I billed EUR 15 when my plan should be cheaper?","BILLING_PAYMENT"
8482,"The print button does nothing on the calendar.","TECHNICAL_ISSUE"
8483,"Please add templates to the notifications panel.","FEATURE_REQUEST"
8484,"Hello support, It would be great if we could assign tasks to multiple people.","FEATURE_REQUEST"
8485,"Hey, I want to switch to annual billing to get the discount, how is the payment handled? Thanks a lot.","BILLING_PAYMENT"
8486,"The team page shows a erorr 404 for two days.","TECHNICAL_ISSUE"
8487,"I am new here, how do I add a new team member?","HOW_TO_SUPPORT"
8488,"Hi team, My payment was successful but my subscription is still inactive.","BILLING_PAYMENT"
8489,"Dear support team, Are you curretnly hiring?","OTHER"
8490,"I would like instructions on how to change my password from the settings page. Thanks.","HOW_TO_SUPPORT"
8491,"Where can I change my display name?","HOW_TO_SUPPORT"
8492,"Not sure how to set up a recurring report, can you point me to the right help article?","HOW_TO_SUPPORT"
8493,"Dear support team, Please consider adding a way to assign tasks to multiple people.","FEATURE_REQUEST"
8494,"what are the steps to create a new project? please respond soon.","HOW_TO_SUPPORT"
8495,"Which menu do I use to add a new team member?","HOW_TO_SUPPORT"
8496,"The autosave is broken and my work was lost for two days. Thanks in advance.","TECHNICAL_ISSUE"
8497,"I have been overcharged for my annual plan, please look into my billing. Please respond soon.","BILLING_PAYMENT"
8498,"Greetings, Do you offer any events or webinars? Thank you.","OTHER"
8499,"Greetings, I want to leave general feedback about my experience. Regards.","OTHER"
8500,"I am getting a timeout erorr whenever I open the calendar.","TECHNICAL_ISSUE"
8501,"How do I use the task list to set my working hours?","HOW_TO_SUPPORT"
8502,"My account is deactivated and I have a deadline today. Regards.","ACCOUNT_ACCESS"
8503,"Unable to sign in on Opera, it just keeps reloading the login page. Any help would be appreciated.","ACCOUNT_ACCESS"
8504,"Hi team, Is it possible to connect my calendar? I cannot find where. Thanks.","HOW_TO_SUPPORT"
8505,"it would be useful to receive biweekly progress reports by email.","FEATURE_REQUEST"
8506,"I would love to see an integration with Notion. Thanks in advance","FEATURE_REQUEST"
8507,"Hi team, How can I pin a dashboard as my home page","HOW_TO_SUPPORT"
8508,"Hello support, I think I sent this to the wrong place, who is the right contact? Please respond soon.","OTHER"
8509,"The app freezes when I try to sync a large ZIP file.","TECHNICAL_ISSUE"
8510,"Hi team, I would like to get in touch with your security team.","OTHER"
8511,"Greetings, I changed my email address and now I cannot access my account","ACCOUNT_ACCESS"
8512,"Hello, Hello, is anyone there? Thanks in advance.","OTHER"
8513,"Hello team, How do I use the billing page to archive old projects?","HOW_TO_SUPPORT"
8514,"Hello support, I was charged $120 for a plan I never upgraded to.","BILLING_PAYMENT"
8515,"Good morning, The coupon code did not apply at checkout and I was charged the full price. Any help would be appreciated.","BILLING_PAYMENT"
8516,"Hello, Feature request: the ability to add custom fields to every project.","FEATURE_REQUEST"
8517,"I would like instructions on how to invite a member to my workspace.","HOW_TO_SUPPORT"
8518,"I would like a refund for the $49 charge on the first of the month.","BILLING_PAYMENT"
8519,"Hello team, Thanks for the great support last week!","OTHER"
8520,"Dear support team, I need a receipt for my payment for my annual plan for tax purposes. Regards.","BILLING_PAYMENT"
8521,"The exported PDF is corrupted and cannot be opened. Please respond soon","TECHNICAL_ISSUE"
8522,"Good morning, Please send an invoice for my latest Starter subscription payment.","BILLING_PAYMENT"
8523,"Hello team, Can you walk me through how to update my profile picture? Please advise.","HOW_TO_SUPPORT"
8524,"Greetings, Is your service available in the UAE?","OTHER"
8525,"I got charged in the wrong currency for my Premium plan.","BILLING_PAYMENT"
8526,"Hi, Test message, please ignore.","OTHER"
8527,"Hey, Please get back to me when you can, I have a few questions","OTHER"
8528,"Hi, I cannot log in for two days.","ACCOUNT_ACCESS"
8529,"Hello team, Are you planning to release dark mode in the future? Thanks.","FEATURE_REQUEST"
8530,"My colleague left the company and I need access to the admin account. Please help.","ACCOUNT_ACCESS"
8531,"I see a spinning loader that never finishes on the analytics page. Thanks a lot","TECHNICAL_ISSUE"
8532,"Can someone explain how to use the profile page? Let me know what to do","HOW_TO_SUPPORT"
8533,"Hello, It would be great to have csutom filters in the task list. Regards.","FEATURE_REQUEST"
8534,"My payment was successful but my subscription is still inactive. Any help would be appreciated.","BILLING_PAYMENT"
8535,"Hi team, I am unable to sign in to my account since yesterday.","ACCOUNT_ACCESS"
8536,"Hello support, Payment status says pending for days, and my subscription is still not active.","BILLING_PAYMENT"
8537,"Any plans to support Korean in the interface?","FEATURE_REQUEST"
8538,"Hello team, Can someone contact me about an issue? Please respond soon","OTHER"
8539,"Can you walk me through how to pin a dashboard as my home page? Any help would be appreciated","HOW_TO_SUPPORT"
8540,"I would like a refund for the $9.99 charge this week.","BILLING_PAYMENT"
8541,"Greetings, Just started using the product, need to know how to update my profile picture.","HOW_TO_SUPPORT"
8542,"I would like instructions on how to share a dashboard with a client","HOW_TO_SUPPORT"
8543,"Why did the pirce of my Basic plan go up?","BILLING_PAYMENT"
8544,"Hello support, I am not sure who to ask about this.","OTHER"
8545,"I get an access denied message when I try to open my workspace. Thanks","ACCOUNT_ACCESS"
8546,"Good afternoon, I was removed from the workspace by mistake and cannot get back in.","ACCOUNT_ACCESS"
8547,"Hello team, Not sure how to pin a dashboard as my home page, can you point me to the right help article?","HOW_TO_SUPPORT"
8548,"Why is my account frozen? I need it retsored as soon as possible.","ACCOUNT_ACCESS"
8549,"Good morning, Could you please implement passkey support in a coming update?","FEATURE_REQUEST"
8550,"Good afternoon, The site is down for me, I only see a blank white screen.","TECHNICAL_ISSUE"
8551,"Do you have a tutorial on how to set up a recurring report?","HOW_TO_SUPPORT"
8552,"Please let us export contact lists to Word. Thank you.","FEATURE_REQUEST"
8553,"I cannot log in after turning on two-factor authentication. Thanks a lot.","ACCOUNT_ACCESS"
8554,"Hello support, I cannot log into my account, it says the email address is not registered but I have used it before.","ACCOUNT_ACCESS"
8555,"Greetings, Please add dark mode to the dashboard. Thanks in advance.","FEATURE_REQUEST"
8556,"How can I set up a recurring report","HOW_TO_SUPPORT"
8557,"My renewal payment failed and now my subscription shows as past due. Thanks a lot.","BILLING_PAYMENT"
8558,"Hello team, I forgot the email I used to register and cannot get into my account. Thanks in advance.","ACCOUNT_ACCESS"
8559,"I am not able to log in from my Windows laptop but it works on my computer. Please advise","ACCOUNT_ACCESS"
8560,"Hello team, My bank shows a pending charge of GBP 12 that I do not recognize.","BILLING_PAYMENT"
8561,"Good afternoon, It would be great if we could schedule reports in advance.","FEATURE_REQUEST"
8562,"Hi, Thank you for your help, everything is fine now. Please respond soon.","OTHER"
8563,"My changes are not saved, the admin console reverts to the old values.","TECHNICAL_ISSUE"
8564,"account recovery is not working, the login code is not benig sent. thanks a lot.","ACCOUNT_ACCESS"
8565,"Dear support team, Everything works on my computer but the workspace crashes on my iPhone.","TECHNICAL_ISSUE"
8566,"Hi there, I saw your ad and want to learn more.","OTHER"
8567,"Video previews will not play in the admin console.","TECHNICAL_ISSUE"
8568,"Hello, Are you currenlty hiring?","OTHER"
8569,"The confirmation email never arrives in my inbox. Thanks a lot.","ACCOUNT_ACCESS"
8570,"Hello team, Please stop future charges to my card and cancel my subscription. Please advise.","BILLING_PAYMENT"
8571,"I was charged $149 on the first of the month but I expected a different amount.","BILLING_PAYMENT"
8572,"Hi, I want to report soemthing that does not fit any category.","OTHER"
8573,"Hey, The invoice shows the wrong company name, please correct it.","BILLING_PAYMENT"
8574,"Hello team, It would be great if we could set custom roles for team members.","FEATURE_REQUEST"
8575,"Hello, I want a refund because I was billed after cancelling. Please respond soon.","BILLING_PAYMENT"
8576,"Hey, My account is blocekd and I cannot do my work.","ACCOUNT_ACCESS"
8577,"Hey, I cannot log in after resetting my password.","ACCOUNT_ACCESS"
8578,"account recovery is not working, the sms code is not being sent. please help.","ACCOUNT_ACCESS"
8579,"please add templates to the workspace.","FEATURE_REQUEST"
8580,"Hi there, Scheduled reports are not running at the set time.","TECHNICAL_ISSUE"
8581,"Account recovery is not working, the magic link is not being sent. Regards.","ACCOUNT_ACCESS"
8582,"Hey, I need to talk to someone but I do not know what to select.","OTHER"
8583,"Greetings, An option for custom themes would make the product much better.","FEATURE_REQUEST"
8584,"The export button does nothing on the mobile app. Regards.","TECHNICAL_ISSUE"
8585,"Dear support team, Which page lets me manage my export options?","HOW_TO_SUPPORT"
8586,"Hello support, Thank you for your help, everything is fine now.","OTHER"
8587,"Notifications are not being delivered to my phone. Regards.","TECHNICAL_ISSUE"
8588,"Dear support team, The confirmation email never arrives in my inbox. Please help","ACCOUNT_ACCESS"
8589,"Hey, Could you add templates to the inbox? Thank you.","FEATURE_REQUEST"
8590,"I paid for the annual plan but my account still shows the free tier. Please help","BILLING_PAYMENT"
8591,"Good morning, How do I turn on email alerts? Let me know what to do.","HOW_TO_SUPPORT"
8592,"Good morning, I would like to get in touch with your press team.","OTHER"
8593,"The login code takes forever to arrive and then it has expired","ACCOUNT_ACCESS"
8594,"Hey, I was billed $99 twice for the same subscription.","BILLING_PAYMENT"
8595,"My payment keeps failing at checkout even though my card is valid. Thanks in advance.","BILLING_PAYMENT"
8596,"Good morning, Please add bulk actions to the inbox. Thanks","FEATURE_REQUEST"
8597,"Can you walk me through how to assign a task to a colleague?","HOW_TO_SUPPORT"
8598,"Hi there, Do you have a partnership program? Thanks a lot.","OTHER"
8599,"Can you help me regain access to my account? I need access urgently. Please help.","ACCOUNT_ACCESS"
8600,"hi there, there is an unknown charge of $59.99 from your company on my bank statement.","BILLING_PAYMENT"
8601,"Hey, The billing page is very slow and keeps freezing on my Windows laptop","TECHNICAL_ISSUE"
8602,"Hey, I am unalbe to sign in to my account for two days","ACCOUNT_ACCESS"
8603,"Greetings, Everything works on my computer but the settings page crashes on my MacBook. Please help.","TECHNICAL_ISSUE"
8604,"How do I invite a member to my workspace? Please advise.","HOW_TO_SUPPORT"
8605,"Hi team, It would be nice to have an option to log out all devices.","FEATURE_REQUEST"
8606,"Hi team, I do not have access to my old email address and need to recover my account.","ACCOUNT_ACCESS"
8607,"video previews will not play in the mobile app.","TECHNICAL_ISSUE"
8608,"It would be nice to have single sign-on. Any help would be appreciated.","FEATURE_REQUEST"
8609,"Can you tell me more about your privacy policy?","OTHER"
8610,"i am writing to ask about intrenship opportunities. regards.","OTHER"
8611,"Hello, The discount promised to me is not reflected on my bill.","BILLING_PAYMENT"
8612,"Hello, Can you explain how to upload a company logo?","HOW_TO_SUPPORT"
8613,"How can I pin a dsahboard as my home page?","HOW_TO_SUPPORT"
8614,"Greetings, Which page lets me manage my integration settings?","HOW_TO_SUPPORT"
8615,"Hi team, Can you walk me through how to archive old projects?","HOW_TO_SUPPORT"
8616,"I wish the notifications panel had a mobile widget.","FEATURE_REQUEST"
8617,"Hi there, Suggestion: allow users to restore deleted items from a trash folder.","FEATURE_REQUEST"
8618,"Hi there, I cannot log in on my iPhone.","ACCOUNT_ACCESS"
8619,"Hello team, Could you add a calendar view to the task list?","FEATURE_REQUEST"
8620,"I downgraded to the Business plan but I was still billed the higher price. Thanks in advance.","BILLING_PAYMENT"
8621,"It would be helpful if the calendar supported an undo button.","FEATURE_REQUEST"
8622,"Could you add an option to export activity logs as PDF? Thank you.","FEATURE_REQUEST"
8623,"Could you please implement snigle sign-on in a coming update? Please respond soon.","FEATURE_REQUEST"
8624,"Hi, Can you recommend which team I should contact for my request?","OTHER"
8625,"Do you have a tutorial on how to archive old projects?","HOW_TO_SUPPORT"
8626,"The security code takes forever to arrive and then it has expired. Please help.","ACCOUNT_ACCESS"
8627,"Hello team, Can I get a call back from someone on your team?","OTHER"
8628,"Would you consider adding a Zapier connection to your product? Regards.","FEATURE_REQUEST"
8629,"Hi team, Suggestion: allow users to mark items as favorites.","FEATURE_REQUEST"
8630,"Dear support team, The coupon code did not apply at checkout and I was charged the full price.","BILLING_PAYMENT"
8631,"Hi there, What are your business hours?","OTHER"
8632,"Good morning, Three is a bug where the inbox shows duplicate entries after I save.","TECHNICAL_ISSUE"
8633,"Hello team, The autosave is broken and my work was lost for a week.","TECHNICAL_ISSUE"
8634,"Good afternoon, The profile page is very slow and keeps freezing on my Android phone. Thanks a lot","TECHNICAL_ISSUE"
8635,"The conifrmation email takes forever to arrive and then it has expired.","ACCOUNT_ACCESS"
8636,"Suggestion: allow users to attach several files at once. Thank you.","FEATURE_REQUEST"
8637,"It would be useful to receive weekly email digests by email.","FEATURE_REQUEST"
8638,"Please add German language support. Please help","FEATURE_REQUEST"
8639,"Where can I find the email preferences? Thanks in advance.","HOW_TO_SUPPORT"
8640,"Hello support, My account has been frozen and I do not know why.","ACCOUNT_ACCESS"
8641,"Hello, The verification step keeps failing when I try to sign in, since the latest update. Regards.","ACCOUNT_ACCESS"
8642,"Hi there, My bank shows a pending charge of GBP 45 that I do not recognize.","BILLING_PAYMENT"
8643,"I was charged for extra seats that I did not add. Please respond soon.","BILLING_PAYMENT"
8644,"the delete button does nothing on the dashboard.","TECHNICAL_ISSUE"
8645,"Hi, I need to update the billing address on my invoice.","BILLING_PAYMENT"
8646,"A pop up with a error 500 appears every time I try to save.","TECHNICAL_ISSUE"
8647,"Dear support team, I cannot log in on my iPad","ACCOUNT_ACCESS"
8648,"Hi team, Sign in with single sign-on fails and shows an unauthorized message. Thanks.","ACCOUNT_ACCESS"
8649,"Greetings, The analytics page does not display anything after the latest update. Any help would be appreciated.","TECHNICAL_ISSUE"
8650,"My username is not recognized on the login page. Any help would be appreciated.","ACCOUNT_ACCESS"
8651,"Dear support team, I cannot access my analytics page because it says I do not have permission.","ACCOUNT_ACCESS"
8652,"I want to leave general feedback about my experience. Regards.","OTHER"
8653,"images are not displaying correctly on the mobile app in brave.","TECHNICAL_ISSUE"
8654,"I never received the confirmation email, I already checked my spam folder.","ACCOUNT_ACCESS"
8655,"Hello team, The API returns a 502 bad gateway when I call the endpoint.","TECHNICAL_ISSUE"
8656,"Hello support, Please add a mobile widget to the inbox. Please advise.","FEATURE_REQUEST"
8657,"I would like the option to restore deleted items from a trash folder in a future release.","FEATURE_REQUEST"
8658,"Add bulk actions please, it is missing from the calendar. Thanks a lot.","FEATURE_REQUEST"
8659,"I changed my email adderss and now I cannot access my account.","ACCOUNT_ACCESS"
8660,"I forgot my password and the reset link says it has expired. Thanks.","ACCOUNT_ACCESS"
8661,"Good morning, Is your service available in Nigeria?","OTHER"
8662,"Hi, What is the easiest way to use filters on the dashboard","HOW_TO_SUPPORT"
8663,"Good morning, I cannot log in after turning on two-factor authentication. Any help would be appreciated.","ACCOUNT_ACCESS"
8664,"I would love to see an integration with Asana.","FEATURE_REQUEST"
8665,"Hi, Please add offline mode to the search page.","FEATURE_REQUEST"
8666,"Hi team, I cannot log in after changing my email address.","ACCOUNT_ACCESS"
8667,"What is the easeist way to create a template?","HOW_TO_SUPPORT"
8668,"Dear support team, Data I entered yesterday disappeared from the billing page.","TECHNICAL_ISSUE"
8669,"I cannot log in on my Linux machine. Thanks a lot.","ACCOUNT_ACCESS"
8670,"Feature request: keyboard shortcuts.","FEATURE_REQUEST"
8671,"Hey, Which menu do I use to set up my workspace for the first time?","HOW_TO_SUPPORT"
8672,"Hello, I would like to get in touch with your security team. Thanks a lot.","OTHER"
8673,"Hi there, Can someone explain how to use the reports page? Please respond soon.","HOW_TO_SUPPORT"
8674,"I am not sure who to ask about this.","OTHER"
8675,"Is it possible to change the language of the interface? I cannot find where. Thank you.","HOW_TO_SUPPORT"
8676,"Greetings, It would be great if we could customize the dashboard layout. Please advise.","FEATURE_REQUEST"
8677,"Dear support team, I was removed from the workspace by mistake and cannot get back in.","ACCOUNT_ACCESS"
8678,"Good afternoon, Unable to sign in on Chrome, it just keeps reloading the login page. Thanks a lot.","ACCOUNT_ACCESS"
8679,"My payment keeps failing at checkout even though my card is valid. Thanks.","BILLING_PAYMENT"
8680,"I cannot access my reports page because it says I do not have permission. Let me know what to do.","ACCOUNT_ACCESS"
8681,"The API returns a blank white screen when I call the endpoint. Please advise.","TECHNICAL_ISSUE"
8682,"Please add support for exporting to PowerPoint and also version history.","FEATURE_REQUEST"
8683,"The admin console is very slow and keeps freezing on my iPad.","TECHNICAL_ISSUE"
8684,"Greetings, I am getting a blank white screen whenever I open the dashboard.","TECHNICAL_ISSUE"
8685,"I upgraded my plan but the charge shows the wrong amount. Thanks.","BILLING_PAYMENT"
8686,"My invitation link to join the team does not let me sign in. Please help.","ACCOUNT_ACCESS"
8687,"Add drag and drop please, it is missing from the notifications panel.","FEATURE_REQUEST"
8688,"Are you planning to release dark mode in the future? Please help.","FEATURE_REQUEST"
8689,"The app freezes when I try to save a large spreadsheet. Please advise","TECHNICAL_ISSUE"
8690,"Hey, Sign in with single sign-on fails and shows an unauthorized message. Please respond soon.","ACCOUNT_ACCESS"
8691,"I get a error 404 when I try to export on the calendar.","TECHNICAL_ISSUE"
8692,"Hey, I cannot sign in with my Google account anymore.","ACCOUNT_ACCESS"
8693,"Hi there, Thank you for your help, everything is fine now.","OTHER"
8694,"Hi team, I get a error 404 when I try to print on the analytics page.","TECHNICAL_ISSUE"
8695,"The page keeps refreshing by itself and I lose what I typed. Thanks a lot.","TECHNICAL_ISSUE"
8696,"The page shows an unexpected generic error message when I save my profile.","TECHNICAL_ISSUE"
8697,"My renewal payment failed and now my subscription shows as past due. Please respond soon.","BILLING_PAYMENT"
8698,"Add bulk actions please, it is missing from the admin console.","FEATURE_REQUEST"
8699,"Hi team, The invoice shows the wrong company name, please correct it. Any help would be appreciated.","BILLING_PAYMENT"
8700,"I have been overcharged this quarter, please look into my billing. Please help.","BILLING_PAYMENT"
8701,"Could you add bulk actions to the project board?","FEATURE_REQUEST"
8702,"Would you consider adding a HubSpot connection to your product?","FEATURE_REQUEST"
8703,"We really need a mobile widget on the reports page, please consider it.","FEATURE_REQUEST"
8704,"I am new here, how do I change the date format?","HOW_TO_SUPPORT"
8705,"It would be helpful if the billing page supported an undo button.","FEATURE_REQUEST"
8706,"Greetings, Can you send me an invoice for the $49 payment?","BILLING_PAYMENT"
8707,"Why was I billed GBP 12 when my plan should be cheaper? Regards.","BILLING_PAYMENT"
8708,"Good morning, I am getting a message that my account is temporarily locked, please help me get in.","ACCOUNT_ACCESS"
8709,"Can someone explian how to use the task list?","HOW_TO_SUPPORT"
8710,"Is it possible to update my profile picture? I cannot find where. Any help would be appreciated.","HOW_TO_SUPPORT"
8711,"Good morning, Would you consider adding a Asana connection to your product?","FEATURE_REQUEST"
8712,"Please show me how to rename a project.","HOW_TO_SUPPORT"
8713,"Good afternoon, Please add authenticator app support for account security.","FEATURE_REQUEST"
8714,"Can you help me regain access to my account? I cannot reach my data.","ACCOUNT_ACCESS"
8715,"I am not able to log in from my Windows laptop but it works on my computer. Thanks.","ACCOUNT_ACCESS"
8716,"Hi, I got charged in the wrong currency for my annual plan.","BILLING_PAYMENT"
8717,"Good afternoon, Can someone contact me about an issue?","OTHER"
8718,"Can someone explain how to use the settings page?","HOW_TO_SUPPORT"
8719,"Dear support team, Search returns no results even for items that I know exist.","TECHNICAL_ISSUE"
8720,"Hello, The password I created during sign up is not accepted at login. Please advise.","ACCOUNT_ACCESS"
8721,"Hi there, Please add German language support.","FEATURE_REQUEST"
8722,"Which page lets me manage my email preferences? Any help would be appreciated.","HOW_TO_SUPPORT"
8723,"Hey, The invoice shows the wrong company name, please correct it. Please help.","BILLING_PAYMENT"
8724,"Hey, Can you help me regain access to my account? I have a deadline today.","ACCOUNT_ACCESS"
8725,"I was charged $9.99 on the first of the month but I expected a different amount.","BILLING_PAYMENT"
8726,"Good morning, I am getting a message that my account is temporarily locked, please help me get in. Any help would be appreciated.","ACCOUNT_ACCESS"
8727,"I would like a refund for the $9.99 charge for March.","BILLING_PAYMENT"
8728,"Account recovery is not working, the login code is not benig sent.","ACCOUNT_ACCESS"
8729,"Hey, I cannot access my billing page because it says I do not have permission. Thanks in advance.","ACCOUNT_ACCESS"
8730,"Greetings, Why did the price of my Team plan go up?","BILLING_PAYMENT"
8731,"Hey, Would it be possible to restore deleted items from a trash folder? That would save us a lot of time.","FEATURE_REQUEST"
8732,"Is there a gudie that shows how to set up my workspace for the first time?","HOW_TO_SUPPORT"
8733,"Greetings, The login code never arrives in my inbox.","ACCOUNT_ACCESS"
8734,"Hello team, I would like more information before I create an account.","OTHER"
8735,"Hi team, Would you consider adding a Outlook connection to your product? Thanks in advance.","FEATURE_REQUEST"
8736,"I would like a refund for the $59.99 cahrge this month","BILLING_PAYMENT"
8737,"Greetings, I want to report something that does not fit any category. Please respond soon.","OTHER"
8738,"It would be great if we could add custom fields to every project.","FEATURE_REQUEST"
8739,"hi there, sign in with single sign-on fails and shows an unauthorized message. thanks a lot.","ACCOUNT_ACCESS"
8740,"Hello, My changes are not saved, the task list reverts to the old values.","TECHNICAL_ISSUE"
8741,"I have some questions about your company before I proceed. Let me know what to do","OTHER"
8742,"Greetings, The invoice shows the wrong company name, please correct it. Any help would be appreciated.","BILLING_PAYMENT"
8743,"Hey, Can you recommend which team I should contact for my request?","OTHER"
8744,"buttons on the inbox do not respond when i click them. thanks a lot.","TECHNICAL_ISSUE"
8745,"Greetings, I want to leave general feedback aobut my experience.","OTHER"
8746,"Product idea: let us restore deleted items from a trash folder. Regards.","FEATURE_REQUEST"
8747,"My bank shows a pending charge of EUR 39 that I do not recognize. Thanks a lot.","BILLING_PAYMENT"
8748,"Good afternoon, Any plans to support Japanese in the interface?","FEATURE_REQUEST"
8749,"could you add an option to export analytics data as xml?","FEATURE_REQUEST"
8750,"I cannot recover my account because the security questions are not working. Please respond soon","ACCOUNT_ACCESS"
8751,"Hi, The download link gives a server error instead of the file. Thanks in advance.","TECHNICAL_ISSUE"
8752,"why did the price of my business plan go up? please help.","BILLING_PAYMENT"
8753,"Hello, Please add Portuguese language support.","FEATURE_REQUEST"
8754,"Please show me how to restore a deleted file. Thanks in advance.","HOW_TO_SUPPORT"
8755,"Hey, My bank shows a pending charge of $14 that I do not recognize.","BILLING_PAYMENT"
8756,"the site is down for me, i only see a 502 bad gateway. thanks.","TECHNICAL_ISSUE"
8757,"Good afternoon, Can you build templates into the settings page? Many users would benefit","FEATURE_REQUEST"
8758,"I would like instructions on how to upload a company logo.","HOW_TO_SUPPORT"
8759,"Any documentation on how to use filters on the dashboard?","HOW_TO_SUPPORT"
8760,"Please show me how to create a template.","HOW_TO_SUPPORT"
8761,"Hi team, Please credit my account for the payment error this week.","BILLING_PAYMENT"
8762,"Hi there, Everything on the team page is loading extremely slowly since this morning. Thanks in advance","TECHNICAL_ISSUE"
8763,"Dear support team, Any documentation on how to find my activity history?","HOW_TO_SUPPORT"
8764,"Pelase add Spanish language support.","FEATURE_REQUEST"
8765,"There is an unknown charge of $24.99 from your company on my bank statement. Regards.","BILLING_PAYMENT"
8766,"I cannot log in after resetting my password. Please help.","ACCOUNT_ACCESS"
8767,"Greetings, How can I create a custom report?","HOW_TO_SUPPORT"
8768,"Hello, The login code never arrives in my inbox.","ACCOUNT_ACCESS"
8769,"Hello team, It would be great to have custom themes in the admin console","FEATURE_REQUEST"
8770,"Where is your company located? Regards","OTHER"
8771,"I was charged $19 for March but I expected a different amount.","BILLING_PAYMENT"
8772,"The share button does nothing on the project board. Any help would be appreciated.","TECHNICAL_ISSUE"
8773,"hello support, why was i billed gbp 12 when my plan should be cheaper? thank you.","BILLING_PAYMENT"
8774,"Plaese add support for exporting to JSON and also a mobile widget. Thanks","FEATURE_REQUEST"
8775,"Hi there, I do not have access to my old email address and need to recover my account. Thanks.","ACCOUNT_ACCESS"
8776,"Why did the price of my Basic plan go up?","BILLING_PAYMENT"
8777,"Greetings, Can you build templates into the settings page? Many users would benefit.","FEATURE_REQUEST"
8778,"Please stop future charges to my card and cancel my subscription.","BILLING_PAYMENT"
8779,"Hello, Not sure how to invite a member to my workspace, can you point me to the right help article?","HOW_TO_SUPPORT"
8780,"Can you build dark mode into the admin console? Many users would benefit.","FEATURE_REQUEST"
8781,"My PayPal payment faield but the money left my account","BILLING_PAYMENT"
8782,"I would like more information before I create an account. Thanks a lot.","OTHER"
8783,"my paypal payment fialed but the money left my account.","BILLING_PAYMENT"
8784,"The inbox shows a blank white screen since yesterday.","TECHNICAL_ISSUE"
8785,"I cannot log in since this morning. Please respond soon.","ACCOUNT_ACCESS"
8786,"Hello support, I would like more information before I cerate an account","OTHER"
8787,"Greetings, I am new here, how do I export my data?","HOW_TO_SUPPORT"
8788,"I need a receipt for my payment this quarter for tax purposes. Please help.","BILLING_PAYMENT"
8789,"Please credit my account for the payment error this week.","BILLING_PAYMENT"
8790,"Where is your company located? Let me know what to do.","OTHER"
8791,"Any plans to support Tamil in the interface?","FEATURE_REQUEST"
8792,"The analytics page is very slow and keeps freezing on my Linux machine.","TECHNICAL_ISSUE"
8793,"The dashboard numbers are wrong and do not match the raw data. Any help would be appreciated.","TECHNICAL_ISSUE"
8794,"I need to update the billing address on my invoice. Thanks in advance.","BILLING_PAYMENT"
8795,"Do you support customers based in Brazil? Thanks in advance.","OTHER"
8796,"I am trying to find my activity history but I cannot find the option. Where is it?","HOW_TO_SUPPORT"
8797,"The app crashes every time I try to submit.","TECHNICAL_ISSUE"
8798,"Is there someone I can meet in person to talk about your product? Regards.","OTHER"
8799,"The mboile app closes immediately after opening on my Linux machine.","TECHNICAL_ISSUE"
8800,"Please send monthly team updates to my inbox automatically, it would help a lot.","FEATURE_REQUEST"
8801,"Good morning, I have a question about your service. Thanks a lot.","OTHER"
8802,"Good afternoon, I cannot log in after resetting my password.","ACCOUNT_ACCESS"
8803,"Is your service available in India? Thanks.","OTHER"
8804,"Hey, The API returns a server error when I call the endpoint.","TECHNICAL_ISSUE"
8805,"Hi there, Test message, please ignore. Thank you.","OTHER"
8806,"The magic link never arrives in my inbox.","ACCOUNT_ACCESS"
8807,"My account was hacked and I cannot log in anymore. Thanks.","ACCOUNT_ACCESS"
8808,"Hello, Unable to sign in on Brave, it just keeps reloading the login page. Any help would be appreciated.","ACCOUNT_ACCESS"
8809,"A pop up with a error 404 appears every time I try to print. Thanks a lot","TECHNICAL_ISSUE"
8810,"Please show me how to create a template. Thanks a lot.","HOW_TO_SUPPORT"
8811,"Is there someone I can meet in person to talk about your product? Thanks in advance.","OTHER"
8812,"hi, the vat number is missing from my invoice. any help would be appreciated.","BILLING_PAYMENT"
8813,"Good afternoon, The payment page rejects my card and I cannot renew my Premium plan. Please advise.","BILLING_PAYMENT"
8814,"Hi there, Sign in with single sign-on fails and shows an unauthorized message.","ACCOUNT_ACCESS"
8815,"I cannot log in on my Linux machine","ACCOUNT_ACCESS"
8816,"The refresh button does nothing on the inbox.","TECHNICAL_ISSUE"
8817,"Hi team, I cannot log in after the latest update.","ACCOUNT_ACCESS"
8818,"Dear support team, I would like to get in touch with the careers team. Please respond soon.","OTHER"
8819,"Charts on the team page do not load.","TECHNICAL_ISSUE"
8820,"Would it be possible to attach several files at once? That would save us a lot of time.","FEATURE_REQUEST"
8821,"My account is locked and I have a deadline today.","ACCOUNT_ACCESS"
8822,"Do you offer any eevnts or webinars? Thanks.","OTHER"
8823,"Hello, The pyament page rejects my card and I cannot renew my annual plan.","BILLING_PAYMENT"
8824,"Hi there, Do you have a tutorial on how to archive old projects?","HOW_TO_SUPPORT"
8825,"Good morning, I need help but I am not sure which option applies. Let me know what to do.","OTHER"
8826,"The reset link does notihng when I click it","ACCOUNT_ACCESS"
8827,"I would like a refund for the GBP 45 charge last month. Thanks a lot.","BILLING_PAYMENT"
8828,"Is it possible to delete a workspace? I cannot find where.","HOW_TO_SUPPORT"
8829,"Hi team, Please stop future charges to my card and cancel my subscription.","BILLING_PAYMENT"
8830,"Can you tell me more aobut your privacy policy?","OTHER"
8831,"My session logs me out immediately after I sign in. Please respond soon.","ACCOUNT_ACCESS"
8832,"Hi, There is an unknown charge of $120 from your company on my bank statement","BILLING_PAYMENT"
8833,"Please add an option to log out all devices for account security.","FEATURE_REQUEST"
8834,"Feature request: the ability to add custom fields to every project. Thanks.","FEATURE_REQUEST"
8835,"Hi there, The page keeps refreshing by itself and I lose what I typed. Please advise.","TECHNICAL_ISSUE"
8836,"Hi, Do you support custmoers based in Brazil?","OTHER"
8837,"I want to report something that does not fit any category. Let me know what to do.","OTHER"
8838,"Greetings, I upgraded my plan but the charge shows the wrong amount.","BILLING_PAYMENT"
8839,"I cannot log in after changing my email address. Please help.","ACCOUNT_ACCESS"
8840,"Please add a Google Calendar integration, our whole team uses it.","FEATURE_REQUEST"
8841,"Dear support team, My PayPal payment failed but the money left my account.","BILLING_PAYMENT"
8842,"Video previews will not play in the analytics page.","TECHNICAL_ISSUE"
8843,"I want a refund because I was billed after cancelling. Regards.","BILLING_PAYMENT"
8844,"Good afternoon, I would like to get in tuoch with the careers team. Regards.","OTHER"
8845,"Which page lets me manage my default dashboard? Thanks.","HOW_TO_SUPPORT"
8846,"A pop up with a generic error message appears every time I try to print.","TECHNICAL_ISSUE"
8847,"Uploading a spreadsheet gets stuck at zero percent and never finishes.","TECHNICAL_ISSUE"
8848,"Hi team, Are you currently hiring? Regards.","OTHER"
8849,"hi, not sure how to import contacts from a csv file, can you point me to the right help article?","HOW_TO_SUPPORT"
8850,"Good afternoon, I am writing to ask about internship opportunities.","OTHER"
8851,"Hey, The payment page rejects my card and I cannot rneew my Business plan.","BILLING_PAYMENT"
8852,"Hello support, Text is cut off and overlapping on the notifications panel on my tablet.","TECHNICAL_ISSUE"
8853,"The calendar becomes blank when I upload a PDF. Thanks in advance.","TECHNICAL_ISSUE"
8854,"Hey, My subscription renewed automatically and I did not want that, please refund me.","BILLING_PAYMENT"
8855,"feature request: the ability to see who viewed a shared report.","FEATURE_REQUEST"
8856,"I am new here, how do I remove a user from my team?","HOW_TO_SUPPORT"
8857,"Hello team, I am not able to log in from my iPhone but it wokrs on my computer.","ACCOUNT_ACCESS"
8858,"Greetings, The integration keeps disconnecting and shows an error each time. Any help would be appreciated","TECHNICAL_ISSUE"
8859,"Good morning, I do not have access to my old email address and need to recover my account. Let me know what to do.","ACCOUNT_ACCESS"
8860,"Is there a guide that shows how to duplicate a project? Please respond soon.","HOW_TO_SUPPORT"
8861,"Dear support team, I represent a media outlet and want to reach out to the press team.","OTHER"
8862,"I would like to know who I should cnotact regarding a collaboration","OTHER"
8863,"Images are not displaying correctly on the team page in Edge.","TECHNICAL_ISSUE"
8864,"Hello team, It would be great to have keyboard shortcuts in the analytics page. Regards.","FEATURE_REQUEST"
8865,"I would like a refund for the EUR 39 charge for my annaul plan.","BILLING_PAYMENT"
8866,"Why is my accuont disabled? I have a deadline today. Please advise.","ACCOUNT_ACCESS"
8867,"Hello team, I am trying to create a custom report but I cannot find the option. Where is it?","HOW_TO_SUPPORT"
8868,"Just started using the product, need to know how to archive old projects. Please advise.","HOW_TO_SUPPORT"
8869,"Greetings, I am new here, how do I change the date format?","HOW_TO_SUPPORT"
8870,"Please credit my account for the payment error for June. Regards.","BILLING_PAYMENT"
8871,"i would like to get in touch with the partnerships team. regards.","OTHER"
8872,"The application crashes when I click save.","TECHNICAL_ISSUE"
8873,"Good afternoon, Is your service available in Kenya? Thank you.","OTHER"
8874,"Good morning, I would like the option to use the product without an internet connection in a future release.","FEATURE_REQUEST"
8875,"hello team, my payment keeps failing at checkout even though my card is valid. regards.","BILLING_PAYMENT"
8876,"Hey, The site is down for me, I only see a generic error message.","TECHNICAL_ISSUE"
8877,"i am writing to ask about internship opportunities. please respond soon.","OTHER"
8878,"I cannot log in on my Linux machine. Any help would be appreciated.","ACCOUNT_ACCESS"
8879,"Hey, Is your service avialable in France?","OTHER"
8880,"Data I entered yesterday disappeared from the analytics page. Please help.","TECHNICAL_ISSUE"
8881,"I am unable to sign in to my account an hour ago. Please respond soon.","ACCOUNT_ACCESS"
8882,"Hi there, I was charged $249 for a plan I never upgraded to.","BILLING_PAYMENT"
8883,"Could you add an option to export charts as Google Sheets?","FEATURE_REQUEST"
8884,"A pop up with a something went wrong message appears every time I try to delete.","TECHNICAL_ISSUE"
8885,"Good afternoon, Do you support customers based in Brazil?","OTHER"
8886,"My team wolud love to have templates. Is it on the roadmap?","FEATURE_REQUEST"
8887,"What are the steps to add a new team member?","HOW_TO_SUPPORT"
8888,"I was billed $149 twice for the same subscription. Please respond soon.","BILLING_PAYMENT"
8889,"Images are not displaying correctly on the task list in Safari.","TECHNICAL_ISSUE"
8890,"Images are not displaying correctly on the search page in Opera.","TECHNICAL_ISSUE"
8891,"Hi team, I got a new phone and my authenticator app no longer works, so I cannot log in.","ACCOUNT_ACCESS"
8892,"My team would love to have drag and drop. Is it on the roadmap?","FEATURE_REQUEST"
8893,"It would be useful to receive quarterly usage summaries by email.","FEATURE_REQUEST"
8894,"I cannot log in after turning on two-factor authentication. Let me know what to do.","ACCOUNT_ACCESS"
8895,"Text is cut off and overlapping on the dashboard on my iPhone. Thanks.","TECHNICAL_ISSUE"
8896,"Dear support team, Everything works on my computer but the admin console crashes on my Android phone","TECHNICAL_ISSUE"
8897,"not sure how to import contacts from a csv file, can you point me to the right help article? any help would be appreciated.","HOW_TO_SUPPORT"
8898,"Hello, My bank shows a pending charge of $249 that I do not recognize.","BILLING_PAYMENT"
8899,"Hey, I am not able to log in from my tablet but it works on my computer.","ACCOUNT_ACCESS"
8900,"I would like a refund for the $249 charge this month.","BILLING_PAYMENT"
8901,"Hello support, Do you support customers based in the United Kingdom","OTHER"
8902,"Hey, Please forward this message to customer success.","OTHER"
8903,"Do you have a tutorial on how to set up my workspace for the first time?","HOW_TO_SUPPORT"
8904,"Greetings, Where can I change my notification settings?","HOW_TO_SUPPORT"
8905,"Hello support, Is your service available in Japan?","OTHER"
8906,"Why is my account deactivated? I cannot reach my data.","ACCOUNT_ACCESS"
8907,"Unable to sign in on Firefox, it just keeps reloading the login page.","ACCOUNT_ACCESS"
8908,"Hello team, Is there someone I can meet in person to talk about your product? Thank you.","OTHER"
8909,"My credit card was declined but my bank says there is no problem. Any help would be appreciated","BILLING_PAYMENT"
8910,"Hello team, Where do I go in the dashboard to change my saved filters? Thanks in advance.","HOW_TO_SUPPORT"
8911,"Good morning, Everything works on my computer but the search page crashes on my iPhone. Thank you","TECHNICAL_ISSUE"
8912,"Hello team, Are you currently hiring?","OTHER"
8913,"Hello support, It would be great to have custom themes in the team page","FEATURE_REQUEST"
8914,"Can someone explain how to use the mobile app? Thanks in advance.","HOW_TO_SUPPORT"
8915,"Pelase get back to me when you can, I have a few questions.","OTHER"
8916,"Good afternoon, I represent a meida outlet and want to reach out to the press team.","OTHER"
8917,"Dear support team, Is your service available in Singapore","OTHER"
8918,"Good morning, Could you please implement IP allow listing in a coming update?","FEATURE_REQUEST"
8919,"good afternoon, there is an unknown charge of $9.99 from your company on my bank statement.","BILLING_PAYMENT"
8920,"Good afternoon, I need help but I am not sure which option applies. Thanks.","OTHER"
8921,"Please credit my account for the payment error this week. Thank you.","BILLING_PAYMENT"
8922,"After I reset my password the new one is not accepted. Any help would be appreciated.","ACCOUNT_ACCESS"
8923,"Hello team, Please stop future charges to my card and cancel my subscription. Thanks in advance.","BILLING_PAYMENT"
8924,"Greetings, The dashboard numbers are wrong and do not match the raw data.","TECHNICAL_ISSUE"
8925,"could you please implement authenticator app support in a coming update?","FEATURE_REQUEST"
8926,"I forgot the email I used to register and cannot get into my account. Thank you.","ACCOUNT_ACCESS"
8927,"Good morning, Is it possible to link my account to Slack? I cannot find where.","HOW_TO_SUPPORT"
8928,"We really need an undo button on the workspace, please consider it.","FEATURE_REQUEST"
8929,"Good afternoon, The refresh button does nothing on the team page.","TECHNICAL_ISSUE"
8930,"Hi there, Any documentation on how to transfer ownership of a workspace?","HOW_TO_SUPPORT"
8931,"Just started using the product, need to know how to merge duplicate entries.","HOW_TO_SUPPORT"
8932,"Hey, Could someone give me an overview of what your company does? Any help would be appreciated.","OTHER"
8933,"Greetings, My card was charged twice yesterday.","BILLING_PAYMENT"
8934,"Could you add an option to export invoices as PDF?","FEATURE_REQUEST"
8935,"Hello, Everything on the task list is loading extremely slowly for the past few days.","TECHNICAL_ISSUE"
8936,"I cannot access my calendar because it says I do not have permission.","ACCOUNT_ACCESS"
8937,"I am getting a error 404 whenever I open the team page.","TECHNICAL_ISSUE"
8938,"It would be helpful if the team page supported templates","FEATURE_REQUEST"
8939,"Uploaidng a ZIP file gets stuck at 50 percent and never finishes.","TECHNICAL_ISSUE"
8940,"Greetings, I cannot log in for two days. Please advise.","ACCOUNT_ACCESS"
8941,"Good morning, How do I use the billing page to share a dashboard with a client? Please help.","HOW_TO_SUPPORT"
8942,"Good morning, The API returns a server error when I call the endpoint","TECHNICAL_ISSUE"
8943,"I am writing to ask about internship opportunities. Thanks.","OTHER"
8944,"Do you have a tutorial on how to turn on email alerts? Let me know what to do.","HOW_TO_SUPPORT"
8945,"It would be great to have a compact layout in the billing page.","FEATURE_REQUEST"
8946,"Can you recommend which team I should cotnact for my request? Regards.","OTHER"
8947,"Add custom filters please, it is missing from the dashboard.","FEATURE_REQUEST"
8948,"My renewal payment failed and now my sbuscription shows as past due. Thanks in advance.","BILLING_PAYMENT"
8949,"Hi there, The application crashes when I click delete","TECHNICAL_ISSUE"
8950,"Scheduled reports are not running at the set time.","TECHNICAL_ISSUE"
8951,"Hello, Thakns for the great support last week!","OTHER"
8952,"Hello team, I have been overcahrged for my annual plan, please look into my billing","BILLING_PAYMENT"
8953,"Hi team, I cannot access my workspace because it says I do not have permission.","ACCOUNT_ACCESS"
8954,"Is your service available in Sri Lanka?","OTHER"
8955,"Please add Korean language support. Thanks a lot.","FEATURE_REQUEST"
8956,"It would be helpful if the dashboard supported a favorites list","FEATURE_REQUEST"
8957,"Hi there, The receipt email for my payment never arrived. Thanks a lot","BILLING_PAYMENT"
8958,"Hello, is anoyne there?","OTHER"
8959,"The reports page is very slow and keeps freezing on my MacBook.","TECHNICAL_ISSUE"
8960,"I changed my phone numebr and now I cannot get the login code.","ACCOUNT_ACCESS"
8961,"Add a kanban view please, it is missing from the workspace. Thanks a lot.","FEATURE_REQUEST"
8962,"Could you please implement IP allow listing in a coming update? Let me know what to do.","FEATURE_REQUEST"
8963,"I am trying to change my notification settings but I cannot find the option. Where is it?","HOW_TO_SUPPORT"
8964,"The application crashes when I click submit.","TECHNICAL_ISSUE"
8965,"Hey, Please credit my account for the payment error for June. Please help.","BILLING_PAYMENT"
8966,"The refresh button does nothing on the workspace. Please advise","TECHNICAL_ISSUE"
8967,"I am trying to create a new project but I cannot find the option. Where is it?","HOW_TO_SUPPORT"
8968,"Hello, I do not have access to my old email address and need to recover my account.","ACCOUNT_ACCESS"
8969,"It would be helpful if the profile page supported a favorites list.","FEATURE_REQUEST"
8970,"Hello support, I think I sent this to the wrong place, who is the right contact?","OTHER"
8971,"Hello support, My account was hacked and I cannot log in anymore.","ACCOUNT_ACCESS"
8972,"Good afternoon, I want to switch to annual billing to get the discount, how is the payment handled? Thanks a lot","BILLING_PAYMENT"
8973,"Hello support, We really need an undo button on the workspace, please consider it.","FEATURE_REQUEST"
8974,"Greetings, I downgraded to the Premium plan but I was still billed the higher price.","BILLING_PAYMENT"
8975,"Greetings, Where do I go in the reports page to change my language settings?","HOW_TO_SUPPORT"
8976,"hey, i would like to know who i should contact regarding a collaboration.","OTHER"
8977,"How do I use the mobile app to print a report?","HOW_TO_SUPPORT"
8978,"An option for keyboard shortcuts would make the product much better.","FEATURE_REQUEST"
8979,"Hello support, Can you walk me through how to import contacts from a CSV file","HOW_TO_SUPPORT"
8980,"Hi team, I was billed $59.99 twice for the same subscription.","BILLING_PAYMENT"
8981,"Can someone explain how to use the workspace? Regards.","HOW_TO_SUPPORT"
8982,"Suggestion: allow users to pin important items to the top.","FEATURE_REQUEST"
8983,"Hi, Is there a guide that shows how to connect my calendar?","HOW_TO_SUPPORT"
8984,"Could you tell me how to link my account to Slack","HOW_TO_SUPPORT"
8985,"hello, product idea: let us use the product without an internet connection. let me know what to do.","FEATURE_REQUEST"
8986,"Hello support, The password I created during sign up is not accepted at login. Regards.","ACCOUNT_ACCESS"
8987,"Can you build an undo button into the workspace? Many users would benefit. Thank you.","FEATURE_REQUEST"
8988,"The admin console shows a error 500 since last night.","TECHNICAL_ISSUE"
8989,"dear support team, i am a student working on a school project about your product, who can i talk to? thanks.","OTHER"
8990,"Dear support team, Where is your company located?","OTHER"
8991,"I cannot log in since the latest update. Thanks a lot","ACCOUNT_ACCESS"
8992,"Please add a favorites list to the settings page.","FEATURE_REQUEST"
8993,"The reset link does nothing when I click it. Thanks a lot.","ACCOUNT_ACCESS"
8994,"video previews will not play in the reports page. thanks in advance.","TECHNICAL_ISSUE"
8995,"Hello, My PayPal payment failed but the money left my account.","BILLING_PAYMENT"
8996,"Hi team, Can you tell me more about your privacy policy? Any help would be appreciated.","OTHER"
8997,"Hello support, I need to talk to someone but I do not know what to select.","OTHER"
8998,"Dear support team, My credit card was declined but my bank says there is no problem.","BILLING_PAYMENT"
8999,"Greetings, Are you currently hiring?","OTHER"
9000,"The activation email never arrives in my inbox. Please respond soon.","ACCOUNT_ACCESS"
9001,"Hi team, I would like instructions on how to archive old projects.","HOW_TO_SUPPORT"
9002,"Is there a guide that shows how to use filters on the dashboard? Please advise.","HOW_TO_SUPPORT"
9003,"It would be helpful if the team page supported an undo button. Thanks.","FEATURE_REQUEST"
9004,"Hello team, It would be great if we could use the product without an internet connection. Thank you","FEATURE_REQUEST"
9005,"Hello team, Please add Tamil language support. Please advise.","FEATURE_REQUEST"
9006,"The payment went through but I did not get a confirmation and my account is not upgraded.","BILLING_PAYMENT"
9007,"Just started using the product, need to know how to share a dashboard with a client.","HOW_TO_SUPPORT"
9008,"Hi there, Would it be possible to filter by date range? That would save us a lot of time.","FEATURE_REQUEST"
9009,"Could you add dark mode to the task list? Any help would be appreciated.","FEATURE_REQUEST"
9010,"The autosave is broken and my work was lost since this morning. Let me know what to do.","TECHNICAL_ISSUE"
9011,"How do I use the admin console to link my account to Slack?","HOW_TO_SUPPORT"
9012,"Please send weekly performance summaries to my inbox automatically, it would help a lot.","FEATURE_REQUEST"
9013,"The inbox becomes blank when I upload a CSV file. Any help would be appreciated.","TECHNICAL_ISSUE"
9014,"Text is cut off and overlapping on the task list on my tablet.","TECHNICAL_ISSUE"
9015,"Hi, The delete button does nothing on the settings page. Please advise.","TECHNICAL_ISSUE"
9016,"hello support, i am trying to use filters on the dashboard but i cannot find the option. where is it? let me know what to do.","HOW_TO_SUPPORT"
9017,"Text is cut off and overlapping on the inbox on my MacBook.","TECHNICAL_ISSUE"
9018,"Account recovery is not working, the security code is not being sent. Regards.","ACCOUNT_ACCESS"
9019,"My team would love to have a compact layout. Is it on the roadmap?","FEATURE_REQUEST"
9020,"Hello, My account is frozen and I need it restored as soon as possible. Please advise.","ACCOUNT_ACCESS"
9021,"Everything works on my computer but the billing page crashes on my Android phone. Thanks.","TECHNICAL_ISSUE"
9022,"Hello support, Please add Korean language support. Thank you","FEATURE_REQUEST"
9023,"Greetings, Please add biometric login for account security.","FEATURE_REQUEST"
9024,"Everything on the reports page is loading extremely slowly for the past few days.","TECHNICAL_ISSUE"
9025,"i got charged in the wrong currency for my enterprise plan. please respond soon.","BILLING_PAYMENT"
9026,"I cancelled my subscription weeks ago and you still took money from my account. Any help would be appreciated.","BILLING_PAYMENT"
9027,"Dear support team, I have a question about your service. Please advise.","OTHER"
9028,"Hi there, Do you support customers based in India?","OTHER"
9029,"Hi, I saw your ad and want to learn more.","OTHER"
9030,"It would be great to have a calendar view in the search page.","FEATURE_REQUEST"
9031,"Could you add dark mode to the project board?","FEATURE_REQUEST"
9032,"Hey, My team would love to have version history. Is it on the roadmap?","FEATURE_REQUEST"
9033,"Can someone contact me about an issue? Please respond soon","OTHER"
9034,"The autosave is broken and my work was lost since this morning. Please help.","TECHNICAL_ISSUE"
9035,"Good afternoon, Is there someone I can meet in person to talk about your product?","OTHER"
9036,"Greetings, An option for an undo button would make the product much better.","FEATURE_REQUEST"
9037,"Hello team, I am getting a message that my account is temporarily locked, please help me get in. Please help.","ACCOUNT_ACCESS"
9038,"Not sure how to restore a deleted file, can you point me to the right help article? Please respond soon.","HOW_TO_SUPPORT"
9039,"Hello team, My subscription renewed automatically and I did not want that, please refund me.","BILLING_PAYMENT"
9040,"greetings, the reset link does nothing when i click it.","ACCOUNT_ACCESS"
9041,"I would like to get in touch with a manager. Thanks a lot.","OTHER"
9042,"it would be great to have dark mode in the dashboard.","FEATURE_REQUEST"
9043,"Please add an option to log out all devices for accuont security. Thanks a lot.","FEATURE_REQUEST"
9044,"Hello, The verification step keeps failing when I try to sign in, since the latest update.","ACCOUNT_ACCESS"
9045,"My account has been blocked and I do not know why. Please advise.","ACCOUNT_ACCESS"
9046,"It would improve my workflow if I could attach several files at once.","FEATURE_REQUEST"
9047,"The SMS code takes forever to arrive and then it has expired","ACCOUNT_ACCESS"
9048,"Could you add an option to export invoices as XML?","FEATURE_REQUEST"
9049,"Feature request: a search bar. Please respond soon.","FEATURE_REQUEST"
9050,"I am getting a message that my account is temporarily locked, plaese help me get in. Regards.","ACCOUNT_ACCESS"
9051,"Hi, The download link gives a error 500 instead of the file.","TECHNICAL_ISSUE"
9052,"good morning, my subscription renewed automatically and i did not want that, please refund me.","BILLING_PAYMENT"
9053,"Hi, I am not able to log in from my tablet but it works on my computer.","ACCOUNT_ACCESS"
9054,"Do you support customers based in South Africa?","OTHER"
9055,"Test message, please ignore. Thanks a lot.","OTHER"
9056,"I cancelled my subscription weeks ago and you still took money from my account. Thanks a lot.","BILLING_PAYMENT"
9057,"I would like a refund for the $59.99 charge on the first of the month.","BILLING_PAYMENT"
9058,"An option for dark mode would make the product much better.","FEATURE_REQUEST"
9059,"What are the steps to change the date format? Thanks.","HOW_TO_SUPPORT"
9060,"I cannot recover my account because the securtiy questions are not working.","ACCOUNT_ACCESS"
9061,"Good morning, My session logs me out immediately after I sign in.","ACCOUNT_ACCESS"
9062,"it would be great if we could restore deleted items from a trash folder.","FEATURE_REQUEST"
9063,"Please credit my account for the payment error for June","BILLING_PAYMENT"
9064,"Just started using the product, need to know how to create a template.","HOW_TO_SUPPORT"
9065,"How can I pin a dashboard as my home page?","HOW_TO_SUPPORT"
9066,"I cannot log in atfer the latest update","ACCOUNT_ACCESS"
9067,"good afternoon, my card was charged twice for my annual plan.","BILLING_PAYMENT"
9068,"Hello support, The sync between my devices has stopped working. Thanks in advance.","TECHNICAL_ISSUE"
9069,"Hi team, Can you help me regain access to my account? I cannot do my work.","ACCOUNT_ACCESS"
9070,"Dear support team, Please let us export activity logs to Word.","FEATURE_REQUEST"
9071,"Where is your company located? Thanks in advance.","OTHER"
9072,"Text is cut off and overlapping on the admin console on my work computer. Thanks.","TECHNICAL_ISSUE"
9073,"Hey, I keep getting an invalid password message even though I am typing it correctly.","ACCOUNT_ACCESS"
9074,"Someone changed my password and I no longer have accses to my account.","ACCOUNT_ACCESS"
9075,"Hi, I am writing to ask about internship opportunities. Thanks.","OTHER"
9076,"hey, i am not able to log in from my ipad but it works on my computer. please advise.","ACCOUNT_ACCESS"
9077,"Please let us export invoices to PowerPoint.","FEATURE_REQUEST"
9078,"Hi, Can you walk me through how to make a teammate an admin? Any help would be appreciated.","HOW_TO_SUPPORT"
9079,"Hello team, I would like insrtuctions on how to download a report.","HOW_TO_SUPPORT"
9080,"Where do I go in the calendar to change my display name? Please respond soon.","HOW_TO_SUPPORT"
9081,"My team would love to have dark mode. Is it on the roadmap? Please advise","FEATURE_REQUEST"
9082,"Could someone give me an overview of what your comapny does? Thank you.","OTHER"
9083,"Video previews will not play in the settings page. Any help would be appreciated.","TECHNICAL_ISSUE"
9084,"Good morning, My invitation link to join the team does not let me sign in. Thanks.","ACCOUNT_ACCESS"
9085,"The autosave is broken and my work was lost for two days. Regards","TECHNICAL_ISSUE"
9086,"Are you currently hiring? Thanks in advance.","OTHER"
9087,"Hello team, My account has been suspended and I do not know why.","ACCOUNT_ACCESS"
9088,"Can you build saved views into the mobile app? Many users would benefit.","FEATURE_REQUEST"
9089,"Just started using the product, need to know how to create a new project.","HOW_TO_SUPPORT"
9090,"Hi, It would be great if we could duplicate an entire project. Thank you.","FEATURE_REQUEST"
9091,"Hi, My renewal payment failed and now my subscription shows as past due.","BILLING_PAYMENT"
9092,"The mobile app closes immediately after opening on my Liunx machine.","TECHNICAL_ISSUE"
9093,"Good afternoon, Suggestion: allow users to set reminders on tasks","FEATURE_REQUEST"
9094,"Do you offer any evnets or webinars?","OTHER"
9095,"Test message, pelase ignore.","OTHER"
9096,"Why did the price of my Team plan go up? Thank you.","BILLING_PAYMENT"
9097,"Is there someone I can meet in person to talk about your product? Thanks a lot.","OTHER"
9098,"Please add a favorites list to the dashboard.","FEATURE_REQUEST"
9099,"I have been overcharged for my annual plan, please look into my billing.","BILLING_PAYMENT"
9100,"i lost my phone and cannot receive the verification code to sign in. any help would be appreciated.","ACCOUNT_ACCESS"
9101,"My card was charged three times this week.","BILLING_PAYMENT"
9102,"I see a spinning loader that never finishes on the mobile app. Let me know what to do.","TECHNICAL_ISSUE"
9103,"Hi team, I need a receipt for my payment for my annual plan for tax purposes.","BILLING_PAYMENT"
9104,"payment status says pending for days, and my subscription is still not active. please help.","BILLING_PAYMENT"
9105,"Hello, I am getting a generic error message whenever I open the team page","TECHNICAL_ISSUE"
9106,"Hey, I am a student working on a school project about your product, who can I talk to? Regards.","OTHER"
9107,"hi there, please forward this message to the legal department.","OTHER"
9108,"I got charged in the wrong crurency for my Team plan.","BILLING_PAYMENT"
9109,"Could someone give me an overview of what your company does? Please help.","OTHER"
9110,"I wish the dashboard had offline mode.","FEATURE_REQUEST"
9111,"Thanks for the great spuport last week!","OTHER"
9112,"Someone changed my password and I no longer have access to my account. Thanks.","ACCOUNT_ACCESS"
9113,"Greetings, Why did the price of my Pro plan go up?","BILLING_PAYMENT"
9114,"Where can I change my saved filters? Regards.","HOW_TO_SUPPORT"
9115,"I need a corrected invoice with our new company address. Thanks in advance.","BILLING_PAYMENT"
9116,"Hello, I have been overcharged on the first of the month, please look into my billing.","BILLING_PAYMENT"
9117,"Can you explain how to link my account to Slack?","HOW_TO_SUPPORT"
9118,"The settings page shows a timeout error an hour ago.","TECHNICAL_ISSUE"
9119,"Hello support, Is there a guide that shows how to add a comment to a task?","HOW_TO_SUPPORT"
9120,"I would love to see an integration with Notion.","FEATURE_REQUEST"
9121,"Why did the price of my Starter plan go up? Thanks a lot.","BILLING_PAYMENT"
9122,"Not sure how to restore a deleted file, can you point me to the right help article?","HOW_TO_SUPPORT"
9123,"It would be great to have a calendar view in the workspace.","FEATURE_REQUEST"
9124,"i am a stduent working on a school project about your product, who can i talk to?","OTHER"
9125,"I keep getting an invalid password message even though I am typing it correctly. Please respond soon.","ACCOUNT_ACCESS"
9126,"Hello support, What are your business hours? Let me know what to do.","OTHER"
9127,"The payment page rejects my card and I cannot renew my Pro plan. Regards.","BILLING_PAYMENT"
9128,"My card was charged three times last month.","BILLING_PAYMENT"
9129,"Hey, The integration keeps disconnecting and shows an error each time.","TECHNICAL_ISSUE"
9130,"Hello, Video preveiws will not play in the inbox.","TECHNICAL_ISSUE"
9131,"We really need version history on the workspace, please consider it","FEATURE_REQUEST"
9132,"Please add support for exporting to CSV and also auto save.","FEATURE_REQUEST"
9133,"Greetings, My credit card was declined but my bank says there is no problem.","BILLING_PAYMENT"
9134,"Hi, Where can I change my notification settings?","HOW_TO_SUPPORT"
9135,"hello, please refund my last payment, i did not use the service at all.","BILLING_PAYMENT"
9136,"Hi team, Where do I go in the workspace to change my workspace name","HOW_TO_SUPPORT"
9137,"I am getting a error 500 whenever I open the profile page.","TECHNICAL_ISSUE"
9138,"Greetings, I cannot recover my account because the security questions are not working.","ACCOUNT_ACCESS"
9139,"i need to talk to smoeone but i do not know what to select.","OTHER"
9140,"Everything works on my computer but the search page crashes on my Linux machine. Please advise.","TECHNICAL_ISSUE"
9141,"Good morning, Do you have a tutorial on how to create a custom report?","HOW_TO_SUPPORT"
9142,"I get a error code 403 when I try to save on the settings page.","TECHNICAL_ISSUE"
9143,"My team would love to have custom themes. Is it on the roadmap? Thanks in advance.","FEATURE_REQUEST"
9144,"Hi, I am unbale to sign in to my account for two days.","ACCOUNT_ACCESS"
9145,"Hi, Can you recommend wihch team I should contact for my request?","OTHER"
9146,"Are you planning to release a favorites list in the future? Regards","FEATURE_REQUEST"
9147,"I need help but I am not sure which opiton applies.","OTHER"
9148,"Hello, The website does not work properly in Brave, but it is fine in another browser. Regards.","TECHNICAL_ISSUE"
9149,"Could someone give me an overview of what your copmany does?","OTHER"
9150,"Dear support team, The discount promised to me is not reflected on my bill. Please help.","BILLING_PAYMENT"
9151,"Greetings, Just started using the product, need to know how to change the language of the interface","HOW_TO_SUPPORT"
9152,"It would improve my workflow if I could filter by date range.","FEATURE_REQUEST"
9153,"Hi team, I was charged $59.99 for June but I expected a different amount.","BILLING_PAYMENT"
9154,"Can you send me an invoice for the $59.99 payment? Thanks in advance.","BILLING_PAYMENT"
9155,"Can someone explain how to use the project board? Please respond soon.","HOW_TO_SUPPORT"
9156,"Dear support team, Please add an undo button to the settings page.","FEATURE_REQUEST"
9157,"Do you offer any events or webinars? Thanks in advance.","OTHER"
9158,"The API returns a timeout error when I call the endpoint.","TECHNICAL_ISSUE"
9159,"The password I created during sign up is not accepted at login. Please respond soon.","ACCOUNT_ACCESS"
9160,"Hey, Sign in with single sign-on fails and shows an unauthorized message. Regards.","ACCOUNT_ACCESS"
9161,"Everything on the dashboard is loading extremely slowly for a week.","TECHNICAL_ISSUE"
9162,"The receipt email for my payment never arrived. Thanks.","BILLING_PAYMENT"
9163,"Hi, What are the steps to change the date format?","HOW_TO_SUPPORT"
9164,"Not sure how to change my password from the settings page, can you point me to the right help article?","HOW_TO_SUPPORT"
9165,"Which menu do I use to transfer ownreship of a workspace?","HOW_TO_SUPPORT"
9166,"Can you build a mobile widget into the dashboard? Many users would benefit. Thank you.","FEATURE_REQUEST"
9167,"Hello, Everything on the settings page is loading extremely slowly for the past few days.","TECHNICAL_ISSUE"
9168,"Everything works on my computer but the task list crashes on my Linux machine. Let me know what to do.","TECHNICAL_ISSUE"
9169,"Hello team, I need to update the billing address on my invoice.","BILLING_PAYMENT"
9170,"Good morning, Thank you for your help, everything is fine now.","OTHER"
9171,"Please add support for exporting to XML and also a search bar. Regards","FEATURE_REQUEST"
9172,"Good afternoon, I would like instructions on how to archive old projects.","HOW_TO_SUPPORT"
9173,"Where do I go in the admin console to change my integration settings?","HOW_TO_SUPPORT"
9174,"Hi team, Do you have a tutorial on how to retsore a deleted file?","HOW_TO_SUPPORT"
9175,"Hello, It would be great if we could customize the dashboard layout","FEATURE_REQUEST"
9176,"How do I change my notification settings?","HOW_TO_SUPPORT"
9177,"Images are not displaying correctly on the mobile app in Edge","TECHNICAL_ISSUE"
9178,"Hello support, Where do I go in the task list to change my profile information?","HOW_TO_SUPPORT"
9179,"Would it be possible to set reminders on tasks? That would save us a lot of time.","FEATURE_REQUEST"
9180,"Hello support, The autosave is broken and my work was lost since yesterday.","TECHNICAL_ISSUE"
9181,"Please add Sinhala language support. Please respond soon","FEATURE_REQUEST"
9182,"Greetings, We really need a search bar on the mobile app, please consider it.","FEATURE_REQUEST"
9183,"Everything on the team page is loading extremely slowly for the past few days.","TECHNICAL_ISSUE"
9184,"I think I sent this to the wrong place, who is the right contact? Let me know what to do.","OTHER"
9185,"Hey, Where is your company located?","OTHER"
9186,"Greetings, Please show me how to add a comment to a task.","HOW_TO_SUPPORT"
9187,"Good morning, The exported spreadsheet is corrupted and cannot be opened.","TECHNICAL_ISSUE"
9188,"Hello support, Product idea: let us use the product without an internet connection.","FEATURE_REQUEST"
9189,"Test message, please ignore. Thanks.","OTHER"
9190,"The website does not work properly in Safari, but it is fine in another browser. Please advise.","TECHNICAL_ISSUE"
9191,"Greetings, The payment went through but I did not get a confirmation and my account is not upgraded.","BILLING_PAYMENT"
9192,"Hi team, My account was hacked and I cannot log in anymore. Regards.","ACCOUNT_ACCESS"
9193,"I cannot log into my account, it says the email addrses is not registered but I have used it before.","ACCOUNT_ACCESS"
9194,"Hi team, I forgot my password and the reset link says it has expired. Please help.","ACCOUNT_ACCESS"
9195,"Good morning, Which page lets me manage my language settings?","HOW_TO_SUPPORT"
9196,"Hi there, The mobile app closes immediately after opening on my work computer. Please respond soon.","TECHNICAL_ISSUE"
9197,"Video previews will not play in the search page. Let me know what to do.","TECHNICAL_ISSUE"
9198,"Can you send me some information abuot what you offer?","OTHER"
9199,"Do you support customers based in Germany? Thanks a lot.","OTHER"
9200,"cuold someone give me an overview of what your company does?","OTHER"
9201,"My team would love to have a caelndar view. Is it on the roadmap?","FEATURE_REQUEST"
9202,"Hi, I would like to speak with a sales representative about enterprise options. Thank you.","OTHER"
9203,"Hello, Someone changed my password and I no longer have access to my account. Thank you.","ACCOUNT_ACCESS"
9204,"I would like the option to mark items as favorites in a future release.","FEATURE_REQUEST"
9205,"please consider adding a way to schedule reports in advance.","FEATURE_REQUEST"
9206,"Which menu do I use to transfer ownership of a workspace?","HOW_TO_SUPPORT"
9207,"Hello, Please get back to me when you can, I have a few questions","OTHER"
9208,"It would improve my workflow if I could use the product without an internet connection. Thanks a lot","FEATURE_REQUEST"
9209,"Hello, Could someone give me an overview of what your company does? Thank you.","OTHER"
9210,"The coupon code did not apply at checkout and I was charged the full price. Let me know what to do.","BILLING_PAYMENT"
9211,"I get a timeout error when I try to save on the calendar.","TECHNICAL_ISSUE"
9212,"Hello support, It would be helpful if the settings page supported a compact layout. Any help would be appreciated.","FEATURE_REQUEST"
9213,"I saw your ad and want to learn more. Let me know what to do.","OTHER"
9214,"Greetings, The VAT number is missing from my invoice. Thanks a lot.","BILLING_PAYMENT"
9215,"Dear support team, The API returns a blank white screen when I call the endpoint.","TECHNICAL_ISSUE"
9216,"I am getting a error code 403 whenever I open the billing page.","TECHNICAL_ISSUE"
9217,"Any plans to support Portuguese in the interface? Regards.","FEATURE_REQUEST"
9218,"I was removed from the workspace by mistake and cnanot get back in.","ACCOUNT_ACCESS"
9219,"Greetings, Can I pay by bank transfer instead of card? My card keeps getting declined.","BILLING_PAYMENT"
9220,"The moible app closes immediately after opening on my Android phone.","TECHNICAL_ISSUE"
9221,"I want to switch to annual billnig to get the discount, how is the payment handled?","BILLING_PAYMENT"
9222,"i am getting a something went wrong message whenever i open the analytics page.","TECHNICAL_ISSUE"
9223,"buttons on the billing page do not respond when i click them. please respond soon.","TECHNICAL_ISSUE"
9224,"Hi team, I would like a refund for the $49 charge this quarter. Let me know what to do.","BILLING_PAYMENT"
9225,"There is a bug where the notifications panel shows duplicate entries after I import. Thank you.","TECHNICAL_ISSUE"
9226,"Which menu do I use to cretae a template?","HOW_TO_SUPPORT"
9227,"hello team, i cannot sign in with my google account anymore. thanks.","ACCOUNT_ACCESS"
9228,"Hello team, I changed my email address and now I cannot access my account.","ACCOUNT_ACCESS"
9229,"The autosave is broken and my work was lost since the latest update. Any help would be appreciated.","TECHNICAL_ISSUE"
9230,"Good afternoon, It would be great to have an undo button in the settings page.","FEATURE_REQUEST"
9231,"Is it possible to update my profile picture? I cannot find where. Thanks in advance.","HOW_TO_SUPPORT"
9232,"Can you help me reagin access to my account? I need access urgently. Any help would be appreciated.","ACCOUNT_ACCESS"
9233,"Hey, Could you tell me how to create a template? Please respond soon","HOW_TO_SUPPORT"
9234,"Hi team, The verification step keeps failing when I try to sign in, sicne Monday.","ACCOUNT_ACCESS"
9235,"Please get back to me when you can, I have a few questions. Please help.","OTHER"
9236,"Why is my account deactivated? I have a deadline today.","ACCOUNT_ACCESS"
9237,"Please add support for exporting to Excel and also keyboard shortcuts.","FEATURE_REQUEST"
9238,"Dear support team, I was charged after my free trial ended without any reminder.","BILLING_PAYMENT"
9239,"Hi, I got a new phone and my authenticator app no longer works, so I cannot log in.","ACCOUNT_ACCESS"
9240,"Hello team, I am not sure who to ask about this.","OTHER"
9241,"The workspace shows a 502 bad gateway since yesterday.","TECHNICAL_ISSUE"
9242,"Can you build version history into the analytics page? Many users would benefit.","FEATURE_REQUEST"
9243,"Can you build a kanban view into the project board? Many users would benefit.","FEATURE_REQUEST"
9244,"Good morning, I wish the settings page had version history.","FEATURE_REQUEST"
9245,"The download link gives a blank white screen instead of the file. Regards.","TECHNICAL_ISSUE"
9246,"I was charged $99 last month but I expected a different amount.","BILLING_PAYMENT"
9247,"Hi there, The two-factor code is rejected every time I try to sign in.","ACCOUNT_ACCESS"
9248,"Hey, Any documentation on how to remove a user from my team?","HOW_TO_SUPPORT"
9249,"Hello team, I would like to speak with a sales representative about enterprise options.","OTHER"
9250,"Would it be possible to add custom fields to every project? That would save us a lot of time. Thank you.","FEATURE_REQUEST"
9251,"Hey, The mobile app is very slow and keeps freezing on my Android phone. Thanks a lot.","TECHNICAL_ISSUE"
9252,"hello support, i am a student working on a school project about your product, who can i talk to?","OTHER"
9253,"Hello, Notifications are not being delivered to my phone.","TECHNICAL_ISSUE"
9254,"Hello team, I would like to know who I should contact regarding a collaboration. Thank you.","OTHER"
9255,"An option for a search bar would make the product much better.","FEATURE_REQUEST"
9256,"Images are not displaying correctly on the admin console in Edge.","TECHNICAL_ISSUE"
9257,"I saw your ad and want to learn more. Thanks.","OTHER"
9258,"Hello support, I cannot log in after the latest update. Thanks a lot.","ACCOUNT_ACCESS"
9259,"Greetings, Please get back to me when you can, I have a few questions. Thank you.","OTHER"
9260,"please send biweekly email digests to my inbox automatically, it would help a lot. please help.","FEATURE_REQUEST"
9261,"I was removed from the workspace by mistake and cannot get back in. Please advise.","ACCOUNT_ACCESS"
9262,"Please add a search bar to the search page.","FEATURE_REQUEST"
9263,"Uploading a video file gets stuck at 99 percent and never finishes.","TECHNICAL_ISSUE"
9264,"I would like to get in touch with the legal department","OTHER"
9265,"Greetings, It would be great to have custom themes in the settings page.","FEATURE_REQUEST"
9266,"Are you planning to release drag and drop in the future","FEATURE_REQUEST"
9267,"I paid for the Team plan but my account still shows the free tier.","BILLING_PAYMENT"
9268,"Hey, The mobile app closes immediately after opening on my Android phone.","TECHNICAL_ISSUE"
9269,"data i entered yesterday disappeared from the settings page. thank you.","TECHNICAL_ISSUE"
9270,"How do I duplicate a project?","HOW_TO_SUPPORT"
9271,"Payment status says pending for days, and my subscription is still not active. Please respond soon.","BILLING_PAYMENT"
9272,"I am unable to sign in to my account since the latest update.","ACCOUNT_ACCESS"
9273,"Do you have a patrnership program? Let me know what to do.","OTHER"
9274,"Hi team, Why did the price of my Enterprise plan go up? Regards.","BILLING_PAYMENT"
9275,"Do you have a tutorial on how to create a custom report? Let me know what to do.","HOW_TO_SUPPORT"
9276,"Dear support team, I need to talk to someone but I do not know what to select.","OTHER"
9277,"Good afternoon, Please unlock my account, I entered the worng password several times.","ACCOUNT_ACCESS"
9278,"Dear support team, I changed my email address and now I cannot access my account.","ACCOUNT_ACCESS"
9279,"Hi team, I cannot log in after resetting my password.","ACCOUNT_ACCESS"
9280,"The login page keeps redirecting me back to the sign in screen. Thanks.","ACCOUNT_ACCESS"
9281,"Good morning, There is an unknown charge of EUR 15 from your company on my bank statement.","BILLING_PAYMENT"
9282,"Hi team, The verification step keeps failing when I try to sign in, since this morning. Any help would be appreciated","ACCOUNT_ACCESS"
9283,"Can you build a favorites list into the notifications panel? Many users would benefit. Regards.","FEATURE_REQUEST"
9284,"The login code neevr arrives in my inbox. Please help.","ACCOUNT_ACCESS"
9285,"Hi team, Please send an invoice for my latest Business subscription payment","BILLING_PAYMENT"
9286,"I am trying to assign a task to a colleague but I cannot find the option. Wehre is it? Any help would be appreciated.","HOW_TO_SUPPORT"
9287,"Hi there, The app freezes when I try to upload a large Excel file.","TECHNICAL_ISSUE"
9288,"Greetings, Please add dark mode to the dashboard. Thanks.","FEATURE_REQUEST"
9289,"Hi, Hello, is anyone there?","OTHER"
9290,"Dear support team, Can you send me an invoice for the $249 payment?","BILLING_PAYMENT"
9291,"Could someone give me an overview of what your company does?","OTHER"
9292,"Do you have a tutorial on how to transfer ownership of a workspace?","HOW_TO_SUPPORT"
9293,"Dear support team, I changed my phone number and now I cannot get the login code.","ACCOUNT_ACCESS"
9294,"Good afternoon, Thanks for the great support last week! Please advise","OTHER"
9295,"Hi team, Sign in with single sign-on fails and shows an unauthorized message.","ACCOUNT_ACCESS"
9296,"Hey, My invitation link to join the team does not let me sign in. Please advise.","ACCOUNT_ACCESS"
9297,"Suggestion: allow users to pin important items to the top. Let me know what to do.","FEATURE_REQUEST"
9298,"Images are not displaying correctly on the dashboard in Edge.","TECHNICAL_ISSUE"
9299,"Hello support, Someone changed my password and I no longer have access to my account","ACCOUNT_ACCESS"
9300,"Could you add an option to export activity logs as Google Sheets? Thank you.","FEATURE_REQUEST"
9301,"Can you walk me through how to turn on email alerts?","HOW_TO_SUPPORT"
9302,"Thnaks for the great support last week!","OTHER"
9303,"I am not able to log in from my Linux machine but it works on my computer. Thanks a lot.","ACCOUNT_ACCESS"
9304,"Greetings, Why did the price of my Starter plan go up?","BILLING_PAYMENT"
9305,"Please show me how to add a new team member.","HOW_TO_SUPPORT"
9306,"Good morning, The discount promised to me is not reflected on my bill.","BILLING_PAYMENT"
9307,"Good morning, My team would love to have a search bar. Is it on the roadmap","FEATURE_REQUEST"
9308,"Why was I billed $99 when my plan should be cheaper? Please advise.","BILLING_PAYMENT"
9309,"Text is cut off and overlapping on the profile page on my MacBook","TECHNICAL_ISSUE"
9310,"Good afternoon, File uploads stay stuck at zero percent. Thanks a lot.","TECHNICAL_ISSUE"
9311,"I would love to see an integration with Microsoft Teams.","FEATURE_REQUEST"
9312,"Could you add an option to export activity logs as Google Sheets?","FEATURE_REQUEST"
9313,"Hi there, The page never finisehs loading and only shows a generic error message.","TECHNICAL_ISSUE"
9314,"Dear support team, I got charged in the wrong currency for my monthly plan.","BILLING_PAYMENT"
9315,"I cannot log in on my Android phone. Let me know what to do.","ACCOUNT_ACCESS"
9316,"Dear support team, Please consider adding a way to sort the list by multiple columns. Any help would be appreciated.","FEATURE_REQUEST"
9317,"Hi team, Is your service available in the United Kingdom?","OTHER"
9318,"Hello support, I am new here, how do I upload a company logo?","HOW_TO_SUPPORT"
9319,"Where can I find the workspace name?","HOW_TO_SUPPORT"
9320,"everything works on my computer but the team page crashes on my ipad.","TECHNICAL_ISSUE"
9321,"I am locked out after too many failed login attempts. Thank you.","ACCOUNT_ACCESS"
9322,"I was charged EUR 39 last month but I expected a different amount. Any help would be appreciated.","BILLING_PAYMENT"
9323,"The download link gives a 502 bad gateway instead of the file. Please respond soon.","TECHNICAL_ISSUE"
9324,"Greetings, I keep getting an invalid password message even though I am typing it correctly.","ACCOUNT_ACCESS"
9325,"Greetings, I wish the reports page had bulk actions.","FEATURE_REQUEST"
9326,"Hi team, I cannot log in after changing my email address. Please help.","ACCOUNT_ACCESS"
9327,"Search returns no results even for items that I know exist. Thank you.","TECHNICAL_ISSUE"
9328,"Why was I billed $249 when my plan should be cheaper? Please help.","BILLING_PAYMENT"
9329,"Images are not displaying correctly on the calendar in Firefox. Let me know what to do.","TECHNICAL_ISSUE"
9330,"What are the steps to change the language of the interface? Thanks","HOW_TO_SUPPORT"
9331,"good morning, just started using the product, need to know how to create a custom report.","HOW_TO_SUPPORT"
9332,"Could you tell me how to restore a deleted file?","HOW_TO_SUPPORT"
9333,"Please add dark mode to the dashboard. Any help would be appreciated.","FEATURE_REQUEST"
9334,"Dear support team, The app crashes every time I try to export.","TECHNICAL_ISSUE"
9335,"Charts on the notifications panel do not load.","TECHNICAL_ISSUE"
9336,"What is the easiest way to change my display name?","HOW_TO_SUPPORT"
9337,"My bank shows a pending charge of $24.99 that I do not recognize.","BILLING_PAYMENT"
9338,"I am new here, how do I pin a dashboard as my home page?","HOW_TO_SUPPORT"
9339,"I get a error 404 when I try to export on the search page.","TECHNICAL_ISSUE"
9340,"hello, i am writing to ask about internship opportunities.","OTHER"
9341,"I cannot log in after turning on two-factor authentication. Thank you.","ACCOUNT_ACCESS"
9342,"My colleague left the company and I need access to the admin account. Thanks in advance.","ACCOUNT_ACCESS"
9343,"a pop up with a timeout error appears every time i try to export.","TECHNICAL_ISSUE"
9344,"Hi there, The page shows an unexpected error 404 when I save my profile. Any help would be appreciated.","TECHNICAL_ISSUE"
9345,"Hello support, Do you have any security certifications?","OTHER"
9346,"Hi there, Account recovery is not working, the SMS code is not being sent.","ACCOUNT_ACCESS"
9347,"Greetings, How do I use the mobile app to set up a recurring report? Regards.","HOW_TO_SUPPORT"
9348,"Please send quarterly activity reports to my inbox automatically, it would help a lot.","FEATURE_REQUEST"
9349,"I am stuck in a loop where the site asks me to verify my email again and again.","ACCOUNT_ACCESS"
9350,"I wish the dashboard had a mobile widget.","FEATURE_REQUEST"
9351,"The inbox becomes blank when I upload a PDF. Regards.","TECHNICAL_ISSUE"
9352,"Hey, The activation email never arrives in my inbox. Please advise.","ACCOUNT_ACCESS"
9353,"Good morning, Can I pay by bank transfer instead of card? My card keeps getting declined.","BILLING_PAYMENT"
9354,"Good morning, Video previews will not play in the admin console.","TECHNICAL_ISSUE"
9355,"I need help but I am not sure which otpion applies","OTHER"
9356,"Which menu do I use to link my account to Slack?","HOW_TO_SUPPORT"
9357,"Good afternoon, I cannot log in after changing my email address.","ACCOUNT_ACCESS"
9358,"I want a refund because I was billed after cancelling. Please help.","BILLING_PAYMENT"
9359,"Hello, Where is your company located?","OTHER"
9360,"Buttons on the team page do not respond when I click them.","TECHNICAL_ISSUE"
9361,"Greetings, Do you have any security certifications?","OTHER"
9362,"Can you send me an invoice for the $9.99 payment? Please help.","BILLING_PAYMENT"
9363,"any documentation on how to delete a workspace?","HOW_TO_SUPPORT"
9364,"Hello support, What are your business hours?","OTHER"
9365,"Can someone explain how to use the settings page? Any help would be appreciated.","HOW_TO_SUPPORT"
9366,"Where can I find the time zone settings?","HOW_TO_SUPPORT"
9367,"The analytics page shows a error code 403 for a week.","TECHNICAL_ISSUE"
9368,"Good morning, There is a mistake in my latest invoice, the total does not match the plan price.","BILLING_PAYMENT"
9369,"How do I find my activity history?","HOW_TO_SUPPORT"
9370,"The password I created during sign up is not accepted at login. Thank you.","ACCOUNT_ACCESS"
9371,"could you tell me how to import contacts from a csv file?","HOW_TO_SUPPORT"
9372,"Dear support team, How can I make a teammate an admin?","HOW_TO_SUPPORT"
9373,"Hi team, Please get back to me when you can, I have a few questions. Please help.","OTHER"
9374,"It would be great if we could duplicate an entire project.","FEATURE_REQUEST"
9375,"Hey, I would like a refund for the $14 charge yesterday.","BILLING_PAYMENT"
9376,"I am new here, how do I delete a workspace? Thanks.","HOW_TO_SUPPORT"
9377,"I would like a refund for the GBP 45 charge on the first of the month.","BILLING_PAYMENT"
9378,"Hi team, I got charged in the wrong currency for my annual plan","BILLING_PAYMENT"
9379,"Hello team, Any documentation on how to rename a project?","HOW_TO_SUPPORT"
9380,"Add a favorites list please, it is missing from the admin console.","FEATURE_REQUEST"
9381,"I was charged $59.99 for June but I expetced a different amount","BILLING_PAYMENT"
9382,"I cannot log in after changing my email address. Thank you.","ACCOUNT_ACCESS"
9383,"Text is cut off and overlapping on the task list on my work computer.","TECHNICAL_ISSUE"
9384,"Good afternoon, I canont log in after the latest update. Let me know what to do.","ACCOUNT_ACCESS"
9385,"hi team, are you currently hiring? thanks a lot.","OTHER"
9386,"Can you explain how to invite a member to my workspace?","HOW_TO_SUPPORT"
9387,"My invitation link to join the team does not let me sign in. Thanks.","ACCOUNT_ACCESS"
9388,"Hey, Which page lets me manage my report templates?","HOW_TO_SUPPORT"
9389,"Where do I go in the task list to change my notification settings?","HOW_TO_SUPPORT"
9390,"How do I use the task list to add a new team member? Regards.","HOW_TO_SUPPORT"
9391,"Can you walk me through how to import contacts from a CSV file? Thanks.","HOW_TO_SUPPORT"
9392,"Could you tell me how to remove a user from my team?","HOW_TO_SUPPORT"
9393,"The payment page rejects my card and I cannot renew my Enterprise plan.","BILLING_PAYMENT"
9394,"Why did the price of my Starter plan go up?","BILLING_PAYMENT"
9395,"I would like the option to use the product without an internet connection in a future release.","FEATURE_REQUEST"
9396,"How did your company start? I am curious. Regards.","OTHER"
9397,"Please consider adding a way to assign tasks to multiple people.","FEATURE_REQUEST"
9398,"The sync button does nothing on the dashboard.","TECHNICAL_ISSUE"
9399,"Which page lets me manage my workspace name? Please help.","HOW_TO_SUPPORT"
9400,"Do you have a tutorial on how to remove a user from my team?","HOW_TO_SUPPORT"
9401,"Hello team, I was charged $149 for a plan I neevr upgraded to.","BILLING_PAYMENT"
9402,"Hi, The reset link does nothing when I click it. Please help.","ACCOUNT_ACCESS"
9403,"How can I link my account to Slack?","HOW_TO_SUPPORT"
9404,"How do I use the search page to set up a recurring report?","HOW_TO_SUPPORT"
9405,"hello, feature request: offline mode. please respond soon.","FEATURE_REQUEST"
9406,"Could you add an option to export project lists as Word?","FEATURE_REQUEST"
9407,"Hi there, Can you build bulk actions into the analytics page? Many users would benefit. Thanks a lot.","FEATURE_REQUEST"
9408,"I am stuck in a loop where the site asks me to verify my email again and again. Please respond soon","ACCOUNT_ACCESS"
9409,"Is there a guide that shows how to create a template?","HOW_TO_SUPPORT"
9410,"I upgraded my plan but the charge shows the worng amount.","BILLING_PAYMENT"
9411,"Could you add an option to export contact lists as PDF? Any help would be appreciated.","FEATURE_REQUEST"
9412,"Hi there, Please send an invoice for my latest Basic subscription payment.","BILLING_PAYMENT"
9413,"Hi there, I have a question about your service.","OTHER"
9414,"Hello, The site is down for me, I only see a error 500.","TECHNICAL_ISSUE"
9415,"hi, can you tell me more about your privacy policy? please help.","OTHER"
9416,"My payment keeps failing at checkout even though my card is valid. Thank you.","BILLING_PAYMENT"
9417,"Hi team, My bank shows a pending charge of $24.99 that I do not recognize","BILLING_PAYMENT"
9418,"Are you planning to release svaed views in the future? Regards.","FEATURE_REQUEST"
9419,"Hi there, Please add support for exporting to Google Sheets and also drag and drop. Let me know what to do.","FEATURE_REQUEST"
9420,"Hi team, Any plans to support Arabic in the interface?","FEATURE_REQUEST"
9421,"Good morning, I have a general inquiry that does not fit any of the topics. Please help.","OTHER"
9422,"Hello team, Suggestion: allow users to add comments to reports","FEATURE_REQUEST"
9423,"Pelase add Sinhala language support","FEATURE_REQUEST"
9424,"i am trying to connect my calendar but i cannot find the option. where is it? thanks in advance.","HOW_TO_SUPPORT"
9425,"Good morning, Please forward this message to the careers team.","OTHER"
9426,"Account recovery is not working, the confirmation email is not being sent.","ACCOUNT_ACCESS"
9427,"My PayPal payment failed but the money left my account. Thanks.","BILLING_PAYMENT"
9428,"Hello support, Cuold someone give me an overview of what your company does? Please respond soon","OTHER"
9429,"Do you have any security certifications? Thanks.","OTHER"
9430,"I would like instructions on how to rename a project","HOW_TO_SUPPORT"
9431,"The settings page is very slow and keeps freezing on my Linux machine. Please advise.","TECHNICAL_ISSUE"
9432,"Dear support team, Hello, is anyone there?","OTHER"
9433,"How do I set up my workspace for the first time? Thanks a lot.","HOW_TO_SUPPORT"
9434,"hi, i cannot log in after resetting my password.","ACCOUNT_ACCESS"
9435,"Hi team, Product idea: let us assign tasks to multiple people.","FEATURE_REQUEST"
9436,"Hi team, Can I get a call back from someone on your team? Thanks a lot.","OTHER"
9437,"I would like the option to use the product without an internet connection in a future release. Regards.","FEATURE_REQUEST"
9438,"There is an unknown charge of $49 from your company on my bank statement. Thank you.","BILLING_PAYMENT"
9439,"Can smoeone contact me about an issue?","OTHER"
9440,"Hi team, Which page lets me manage my privacy settings?","HOW_TO_SUPPORT"
9441,"Do you have a tutorial on how to transfer ownership of a workspace? Thank you.","HOW_TO_SUPPORT"
9442,"There is an unknown charge of $120 from your company on my bank statement. Regards.","BILLING_PAYMENT"
9443,"Just started using the product, need to know how to rename a project.","HOW_TO_SUPPORT"
9444,"I canont log in after the latest update.","ACCOUNT_ACCESS"
9445,"How do I archive old projects? Let me know what to do.","HOW_TO_SUPPORT"
9446,"The API returns a server error when I call the endpoint.","TECHNICAL_ISSUE"
9447,"Hey, It would be great to have keyboard shortcuts in the search page.","FEATURE_REQUEST"
9448,"It would be nice to have single sign-on. Please help.","FEATURE_REQUEST"
9449,"Charts on the reprots page do not load.","TECHNICAL_ISSUE"
9450,"Any documentation on how to change the date format?","HOW_TO_SUPPORT"
9451,"Hello team, Can you help me regain access to my account? I need it restored as soon as possible.","ACCOUNT_ACCESS"
9452,"I see a spinning loader that never finishes on the notifications panel. Any help would be appreciated.","TECHNICAL_ISSUE"
9453,"Add dark mode please, it is missing from the settings page.","FEATURE_REQUEST"
9454,"where can i find the profile information? any help would be appreciated.","HOW_TO_SUPPORT"
9455,"Dear support team, My bank shows a pending charge of $9.99 that I do not recognize.","BILLING_PAYMENT"
9456,"The one-time passcode never arrives in my inbox. Thanks a lot.","ACCOUNT_ACCESS"
9457,"My account is frozen and I cannot do my work.","ACCOUNT_ACCESS"
9458,"The payment page rejects my card and I cannot renew my Basic plan.","BILLING_PAYMENT"
9459,"Good afternoon, My username is not recognized on the login page. Let me know what to do","ACCOUNT_ACCESS"
9460,"What are the steps to add a comment to a task? Let me know what to do.","HOW_TO_SUPPORT"
9461,"I would love to see an integration with Salesforce.","FEATURE_REQUEST"
9462,"Hello, Would you consider adding a Trello connection to your product?","FEATURE_REQUEST"
9463,"Good morning, I cannot sign in with my Google account anymore","ACCOUNT_ACCESS"
9464,"Hello team, I was charged for extra setas that I did not add.","BILLING_PAYMENT"
9465,"Do you have a tutorial on how to share a dashboard with a client?","HOW_TO_SUPPORT"
9466,"I need a receipt for my payment on the frist of the month for tax purposes.","BILLING_PAYMENT"
9467,"A pop up with a error 404 appears every time I try to submit.","TECHNICAL_ISSUE"
9468,"Is your service available in Germany? Please respond soon.","OTHER"
9469,"I am trying to download a report but I cannot find the option. Where is it?","HOW_TO_SUPPORT"
9470,"Please add a Google Calendar integration, our whole team uses it. Thanks.","FEATURE_REQUEST"
9471,"I downgraded to the Basic plan but I was still billed the higher price. Thank you.","BILLING_PAYMENT"
9472,"Good afternoon, The app freezes when I try to publish a large JPEG photo.","TECHNICAL_ISSUE"
9473,"I need to change the credit card used for my subscription payments. Thanks a lot","BILLING_PAYMENT"
9474,"hello support, the password reset email never arrives in my inbox. thanks in advance.","ACCOUNT_ACCESS"
9475,"Hey, The payment page rejects my card and I cannot renew my Basic plan.","BILLING_PAYMENT"
9476,"Greetings, I neevr received the login code, I already checked my spam folder. Thanks a lot.","ACCOUNT_ACCESS"
9477,"Hello support, How do I change the date format?","HOW_TO_SUPPORT"
9478,"Where do I go in the task list to change my language settings? Let me know what to do.","HOW_TO_SUPPORT"
9479,"I am not sure who to ask about this. Please help.","OTHER"
9480,"Hello support, I get an access denied message when I try to open my workspace.","ACCOUNT_ACCESS"
9481,"The delete button does nothing on the reports page.","TECHNICAL_ISSUE"
9482,"I was charged $24.99 on the first of the month but I expected a different amount. Please help.","BILLING_PAYMENT"
9483,"Please get back to me when you can, I have a few questions. Please advise.","OTHER"
9484,"we really need a favorites list on the billing page, please consider it.","FEATURE_REQUEST"
9485,"I have some questions about your company before I proceed. Thanks.","OTHER"
9486,"Hi, Whree is your company located?","OTHER"
9487,"Hey, The exported Word document is corrupted and cannot be opened.","TECHNICAL_ISSUE"
9488,"The project board becomes blank when I upload a CSV file. Let me know what to do.","TECHNICAL_ISSUE"
9489,"A pop up with a 502 bad gateway appears every time I try to refresh.","TECHNICAL_ISSUE"
9490,"Hello team, What is the easiest way to download a report?","HOW_TO_SUPPORT"
9491,"Hi, It would be useful to receive weekly activity reports by email.","FEATURE_REQUEST"
9492,"How do I use the search page to duplicate a project? Please advise.","HOW_TO_SUPPORT"
9493,"can you tell me more about your privacy policy? thank you.","OTHER"
9494,"Good morning, Do you have a partnership program? Thank you.","OTHER"
9495,"It would be useful to receive monthly progress reports by email.","FEATURE_REQUEST"
9496,"Hey, Search returns no results even for items that I know exist","TECHNICAL_ISSUE"
9497,"Buttnos on the admin console do not respond when I click them.","TECHNICAL_ISSUE"
9498,"Can you help me regain access to my account? I cannot reach my data. Please respond soon.","ACCOUNT_ACCESS"
9499,"Data I entered yesterday disappeared from the task list. Any help would be appreciated.","TECHNICAL_ISSUE"
9500,"I have a question about your service. Please help.","OTHER"
9501,"I cannot log in after changing my email address. Thanks a lot.","ACCOUNT_ACCESS"
9502,"Hi team, I would like insturctions on how to restore a deleted file.","HOW_TO_SUPPORT"
9503,"Hello support, I cannot log in on my Android phone. Thanks.","ACCOUNT_ACCESS"
9504,"The reports page becomes blank when I upload a Excel file. Thanks in advance.","TECHNICAL_ISSUE"
9505,"Is it posisble to set my working hours? I cannot find where.","HOW_TO_SUPPORT"
9506,"The refresh button does nothing on the admin console.","TECHNICAL_ISSUE"
9507,"Greetings, Could you tell me how to remove a user from my team?","HOW_TO_SUPPORT"
9508,"Good afternoon, Do you have a partnership program? Any help would be appreciated.","OTHER"
9509,"Hello, Could you tell me how to pin a dashboard as my home page","HOW_TO_SUPPORT"
9510,"Why is my account deactivated? I need to get in right now. Let me know what to do.","ACCOUNT_ACCESS"
9511,"Add bulk actions please, it is misisng from the team page.","FEATURE_REQUEST"
9512,"Greetings, The site is down for me, I only see a error code 403.","TECHNICAL_ISSUE"
9513,"Hey, How do I use the billing page to invite a member to my workspace?","HOW_TO_SUPPORT"
9514,"Greetings, My bank shows a pending charge of $59.99 that I do not recognize.","BILLING_PAYMENT"
9515,"Good morning, Please consider adding a way to assign tasks to multilpe people.","FEATURE_REQUEST"
9516,"Could you add an option to export reports as Google Sheets? Thanks a lot.","FEATURE_REQUEST"
9517,"Hi there, I would like to know who I should contact regarding a collaboration. Regards.","OTHER"
9518,"Images are not displaying correctly on the calendar in Brave.","TECHNICAL_ISSUE"
9519,"I need help but I am not sure which option applies. Any help would be appreciated.","OTHER"
9520,"Good morning, The integration keeps disconnecting and shows an error each time.","TECHNICAL_ISSUE"
9521,"Do you have a tutorial on how to upload a company logo?","HOW_TO_SUPPORT"
9522,"I cannot log into my account, it says the email address is not registered but I have used it before. Let me know what to do.","ACCOUNT_ACCESS"
9523,"Payment status says pending for days, and my subscription is still not active.","BILLING_PAYMENT"
9524,"I am not able to log in from my MacBook but it works on my computer. Thanks in advance.","ACCOUNT_ACCESS"
9525,"We really need a search bar on the billing page, please consider it.","FEATURE_REQUEST"
9526,"Hello, Someone changed my password and I no longer have access to my account.","ACCOUNT_ACCESS"
9527,"Hi team, Please send an invoice for my latest Enterprise subscription payment.","BILLING_PAYMENT"
9528,"Hi, Would it be possible to set custom roles for team members? That would save us a lot of time. Thanks in advance.","FEATURE_REQUEST"
9529,"I cannot access my profile page because it says I do not have permission. Please respond soon.","ACCOUNT_ACCESS"
9530,"Hi, Text is cut off and overlapping on the workspace on my iPhone.","TECHNICAL_ISSUE"
9531,"It would improve my workflow if I could add comments to reports.","FEATURE_REQUEST"
9532,"I am unable to sign in to my account an hour ago. Thanks.","ACCOUNT_ACCESS"
9533,"Hi team, Please add support for exporting to JSON and also a compact layout","FEATURE_REQUEST"
9534,"Hey, Where can I find the time zone settings?","HOW_TO_SUPPORT"
9535,"Good afternoon, I saw your ad and want to learn more. Thanks in advance.","OTHER"
9536,"Hello support, Where do I go in the workspace to change my time zone settings?","HOW_TO_SUPPORT"
9537,"Add a compact layout please, it is msising from the analytics page.","FEATURE_REQUEST"
9538,"Plesae credit my account for the payment error for March.","BILLING_PAYMENT"
9539,"Dear support team, Hello, is anoyne there?","OTHER"
9540,"Is it possible to connect my calendar? I cannot find where.","HOW_TO_SUPPORT"
9541,"please show me how to link my account to slack.","HOW_TO_SUPPORT"
9542,"it would be great to have a search bar in the dashboard.","FEATURE_REQUEST"
9543,"Hi team, Payment status says pending for days, and my subscription is still not active. Please advise.","BILLING_PAYMENT"
9544,"Dear support team, Any plans to support Portuguese in the interface","FEATURE_REQUEST"
9545,"Hi there, I cannot access my analytics page because it says I do not have permission.","ACCOUNT_ACCESS"
9546,"I need help but I am not sure whcih option applies. Please help.","OTHER"
9547,"i am new here, how do i merge duplicate entries?","HOW_TO_SUPPORT"
9548,"Hello, Why did the price of my Starter plan go up? Any help would be appreciated.","BILLING_PAYMENT"
9549,"The refresh butotn does nothing on the task list.","TECHNICAL_ISSUE"
9550,"Are you planning to release drag and drop in the future? Thanks in advance.","FEATURE_REQUEST"
9551,"What is the easiest way to find my activity history? Thanks a lot.","HOW_TO_SUPPORT"
9552,"I wolud like to get in touch with the partnerships team.","OTHER"
9553,"Hi there, I was charged $29 for a plan I never upgraded to.","BILLING_PAYMENT"
9554,"Greetings, I get a something went wrong message when I try to export on the notifications panel. Please advise.","TECHNICAL_ISSUE"
9555,"Greetings, My credit card was declined but my bank says there is no problem. Please respond soon.","BILLING_PAYMENT"
9556,"My changes are not saved, the inbox reverts to the old values.","TECHNICAL_ISSUE"
9557,"I got charged in the wrong currency for my Pro plan. Thank you.","BILLING_PAYMENT"
9558,"Good morning, I have a general inquiry that does not fit any of the topics. Regards.","OTHER"
9559,"Hey, Can someone contact me about an issue? Please advise.","OTHER"
9560,"My subscription renewed automatically and I did not want that, please refund me. Regards.","BILLING_PAYMENT"
9561,"Good morning, Everything works on my computer but the notifications panel crashes on my MacBook","TECHNICAL_ISSUE"
9562,"How do I use the calendar to find my activity history?","HOW_TO_SUPPORT"
9563,"The billing page shows a server error for a week","TECHNICAL_ISSUE"
9564,"Is your service available in Sri Lanka? Any help would be appreciated.","OTHER"
9565,"My colleague left the company and I need access to the admin account.","ACCOUNT_ACCESS"
9566,"How did your company start? I am curious. Please advise.","OTHER"
9567,"The dashboard is very slow and keeps freezing on my tablet.","TECHNICAL_ISSUE"
9568,"Hello team, I never received the login code, I already checked my spam folder.","ACCOUNT_ACCESS"
9569,"Hello, Everythnig on the reports page is loading extremely slowly for a week.","TECHNICAL_ISSUE"
9570,"The download link gives a error 500 instead of the file.","TECHNICAL_ISSUE"
9571,"Any plans to support French in the interface? Regards.","FEATURE_REQUEST"
9572,"Good afternoon, Thanks for the great support last week!","OTHER"
9573,"hello, please credit my account for the payment error on the first of the month.","BILLING_PAYMENT"
9574,"Just started using the product, need to know how to find my activity history.","HOW_TO_SUPPORT"
9575,"Suggestion: allow users to add custom fields to every project.","FEATURE_REQUEST"
9576,"Do you support cutsomers based in Canada?","OTHER"
9577,"Hi, There is a mistake in my latest invoice, the total does not match the plan price. Please respond soon.","BILLING_PAYMENT"
9578,"I am unable to sign in to my account for the past few days.","ACCOUNT_ACCESS"
9579,"Hey, I am unable to sign in to my account for the past few days.","ACCOUNT_ACCESS"
9580,"The project board becomes blank when I upload a JPEG photo","TECHNICAL_ISSUE"
9581,"I am new here, how do I change my password from the settings page? Please respond soon.","HOW_TO_SUPPORT"
9582,"My card was charged twice for March.","BILLING_PAYMENT"
9583,"I downgraded to the Business plan but I was still billed the higher price. Thanks.","BILLING_PAYMENT"
9584,"How do I use the analytics page to find my activity history? Thank you.","HOW_TO_SUPPORT"
9585,"What are the steps to merge duplicate entries?","HOW_TO_SUPPORT"
9586,"Any documentation on how to turn on email alerts?","HOW_TO_SUPPORT"
9587,"Hello, Can you tell me more about your privacy policy?","OTHER"
9588,"Account recovery is not working, the confirmation email is not being sent. Regards.","ACCOUNT_ACCESS"
9589,"My bank shows a pending charge of GBP 12 that I do not recognize. Thanks in advance.","BILLING_PAYMENT"
9590,"Good morning, Feature request: the ability to add comments to reports.","FEATURE_REQUEST"
9591,"I cannot access my workspace because it says I do not have permission. Please respond soon.","ACCOUNT_ACCESS"
9592,"I cannot recover my account because the security questions are not working. Let me know what to do.","ACCOUNT_ACCESS"
9593,"Can you explain how to make a teammate an admin?","HOW_TO_SUPPORT"
9594,"I changed my email address and now I cannot access my account. Thanks a lot.","ACCOUNT_ACCESS"
9595,"I downgraded to the Enterprise plan but I was still billed the higher price. Regards.","BILLING_PAYMENT"
9596,"Hey, I got charged in the wrong currency for my Enterprise plan.","BILLING_PAYMENT"
9597,"Hello team, Data I entered yesterday disappeared from the dashboard.","TECHNICAL_ISSUE"
9598,"Text is cut off and overlapping on the mobile app on my iPad. Please respond soon.","TECHNICAL_ISSUE"
9599,"Hello team, The mobile app closes immediately after opening on my iPad.","TECHNICAL_ISSUE"
9600,"How do I use the reports page to add a comment to a task?","HOW_TO_SUPPORT"
9601,"Greetings, The VAT number is missing from my invoice.","BILLING_PAYMENT"
9602,"I represent a meida outlet and want to reach out to the press team","OTHER"
9603,"Hi, I have some questions abuot your company before I proceed.","OTHER"
9604,"Hi team, Can you send me an invoice for the $249 payment?","BILLING_PAYMENT"
9605,"Do you have any security certifications? Regards.","OTHER"
9606,"A pop up with a server error appears every time I try to refresh.","TECHNICAL_ISSUE"
9607,"Hey, Please forward this message to a manager.","OTHER"
9608,"Dear support team, Images are not displaying correctly on the calendar in Safari.","TECHNICAL_ISSUE"
9609,"Is your service available in Brazil?","OTHER"
9610,"Hi team, The activation email never arrives in my inbox. Thank you","ACCOUNT_ACCESS"
9611,"What is the easiest way to export my data?","HOW_TO_SUPPORT"
9612,"I cannot log in after resettnig my password","ACCOUNT_ACCESS"
9613,"I was charged $19 this week but I expected a different amount.","BILLING_PAYMENT"
9614,"Any plans to support Portuguese in the interface? Thanks.","FEATURE_REQUEST"
9615,"Hello team, My colleague left the company and I need access to the admin account. Please respond soon.","ACCOUNT_ACCESS"
9616,"Hey, I would like to get in tuoch with sales.","OTHER"
9617,"Dear support team, Please get back to me when you can, I have a few questions.","OTHER"
9618,"I forgot my password and the reset link says it has expired. Please help.","ACCOUNT_ACCESS"
9619,"Hey, My account has been disabled and I do not know why. Regards.","ACCOUNT_ACCESS"
9620,"Dear support team, The app freezes when I try to submit a large ZIP file.","TECHNICAL_ISSUE"
9621,"I was charged after my free trial ended without any reminder. Thanks a lot.","BILLING_PAYMENT"
9622,"Good morning, After I reset my password the new one is not accepted.","ACCOUNT_ACCESS"
9623,"Hi there, An option for saved views would make the porduct much better. Any help would be appreciated.","FEATURE_REQUEST"
9624,"Good morning, Is your service available in Brazil?","OTHER"
9625,"Images are not displaying correctly on the analytics page in Chrome.","TECHNICAL_ISSUE"
9626,"Hello team, The password reset email never arrives in my inbox.","ACCOUNT_ACCESS"
9627,"What are the steps to rename a project?","HOW_TO_SUPPORT"
9628,"It would be helpful if the search page supported drag and drop.","FEATURE_REQUEST"
9629,"Hello support, Please forward this message to a product specialist","OTHER"
9630,"Hello, Please stop future charges to my card and cancel my subscription.","BILLING_PAYMENT"
9631,"Good afternoon, I have been overcharged for March, please look into my billing.","BILLING_PAYMENT"
9632,"Is there a guide that shows how to delete a workspace","HOW_TO_SUPPORT"
9633,"are you currently hiring? please advise.","OTHER"
9634,"I am trying to print a report but I cannot find the option. Where is it?","HOW_TO_SUPPORT"
9635,"Hello, I am trying to assign a task to a colleague but I cannot find the option. Where is it?","HOW_TO_SUPPORT"
9636,"Hello support, I am stuck in a loop where the site asks me to verify my email again and again. Thank you.","ACCOUNT_ACCESS"
9637,"Do you have a tutorial on how to duplicate a project","HOW_TO_SUPPORT"
9638,"Is it possible to set my working hours? I cannot find where.","HOW_TO_SUPPORT"
9639,"The website does not work properly in Opera, but it is fine in another browser.","TECHNICAL_ISSUE"
9640,"Hi there, My username is not recognized on the login page.","ACCOUNT_ACCESS"
9641,"dear support team, please add two-factor authentication for account security.","FEATURE_REQUEST"
9642,"Do you offer any evetns or webinars?","OTHER"
9643,"Good afternoon, My changes are not saved, the profile page reverts to the old values.","TECHNICAL_ISSUE"
9644,"It would improve my workflow if I could set reminders on tasks. Any help would be appreciated.","FEATURE_REQUEST"
9645,"The admin console shows a error 404 since the latest update.","TECHNICAL_ISSUE"
9646,"Afetr I reset my password the new one is not accepted.","ACCOUNT_ACCESS"
9647,"It would be useful to receive weekly performance summaries by email.","FEATURE_REQUEST"
9648,"Any documenttaion on how to use filters on the dashboard?","HOW_TO_SUPPORT"
9649,"Dear support team, I want to leave general feedback about my experience.","OTHER"
9650,"Can I know more about your service before deciding?","OTHER"
9651,"I was charged $19 for a plan I never upgraded to. Thanks in advance.","BILLING_PAYMENT"
9652,"What are your busniess hours? Thanks a lot.","OTHER"
9653,"I wolud like the option to add custom fields to every project in a future release. Thanks in advance.","FEATURE_REQUEST"
9654,"Pelase refund my last payment, I did not use the service at all. Regards.","BILLING_PAYMENT"
9655,"hi there, after i reset my password the new one is not accepted.","ACCOUNT_ACCESS"
9656,"Why is my account blocked? I need it retsored as soon as possible.","ACCOUNT_ACCESS"
9657,"Hey, The coupon code did not apply at checkout and I was charged the full price.","BILLING_PAYMENT"
9658,"Hi, I am writing to ask about internship opportunities","OTHER"
9659,"I would like a refund for the EUR 39 charge on the first of the month.","BILLING_PAYMENT"
9660,"I want to leave general feedback about my experience.","OTHER"
9661,"Dear support team, I cannot sign in with my Google account anymore. Let me know what to do.","ACCOUNT_ACCESS"
9662,"my bank shows a pending charge of $9.99 that i do not recognize.","BILLING_PAYMENT"
9663,"Please credit my account for the payment erorr last month.","BILLING_PAYMENT"
9664,"Hi team, I think I sent this to the wrong place, who is the right contact? Please help.","OTHER"
9665,"I was billed $14 twice for the same subscription. Regards","BILLING_PAYMENT"
9666,"good afternoon, please add custom themes to the profile page.","FEATURE_REQUEST"
9667,"I wish the inbox had saved views.","FEATURE_REQUEST"
9668,"I am trying to change my dispaly name but I cannot find the option. Where is it?","HOW_TO_SUPPORT"
9669,"Dear support team, Do you offer any events or webinars?","OTHER"
9670,"I would like a refund for the $24.99 charge last month.","BILLING_PAYMENT"
9671,"The page never finishes loading and only shows a generic error message.","TECHNICAL_ISSUE"
9672,"I am trying to upload a company logo but I cannot find the option. Wehre is it?","HOW_TO_SUPPORT"
9673,"I was charged GBP 45 on the first of the month but I expected a different amount. Please advise.","BILLING_PAYMENT"
9674,"Good afternoon, I was removed from the workspace by mistake and cannot get back in. Thanks in advance.","ACCOUNT_ACCESS"
9675,"Hello, Text is cut off and overlapping on the calendar on my tablet.","TECHNICAL_ISSUE"
9676,"Good afternoon, The analytics page does not display anything after the latest update.","TECHNICAL_ISSUE"
9677,"Hi, My team would love to have an undo button. Is it on the roadmap?","FEATURE_REQUEST"
9678,"It would be helpful if the workspace supported a search bar.","FEATURE_REQUEST"
9679,"Images are not displaying correctly on the settings page in Brave. Please advise.","TECHNICAL_ISSUE"
9680,"Hi, The reset link does nothing when I click it.","ACCOUNT_ACCESS"
9681,"hello team, can you explain how to find my activity history?","HOW_TO_SUPPORT"
9682,"Please unlock my account, I entered the wrong password several times. Please help.","ACCOUNT_ACCESS"
9683,"good morning, is there a guide that shows how to set up a recurring report?","HOW_TO_SUPPORT"
9684,"hello support, i forgot the email i used to register and cannot get into my account.","ACCOUNT_ACCESS"
9685,"My account has been deactivated and I do not know why. Thank you.","ACCOUNT_ACCESS"
9686,"Good afternoon, I paid for the Business plan but my account still shows the free tier.","BILLING_PAYMENT"
9687,"Good morning, I am a student working on a shcool project about your product, who can I talk to? Let me know what to do.","OTHER"
9688,"Hey, Sign in with single sign-on fails and shows an unauthorized message. Please help.","ACCOUNT_ACCESS"
9689,"Any plans to support Spanish in the interface?","FEATURE_REQUEST"
9690,"I downgraded to the Premium plan but I was still billed the higher price","BILLING_PAYMENT"
9691,"Could someone give me an overview of what your cmopany does?","OTHER"
9692,"I have a question about your service. Any help would be appreciated.","OTHER"
9693,"The receipt email for my payemnt never arrived.","BILLING_PAYMENT"
9694,"Hey, I wish the notifications panel had auto save.","FEATURE_REQUEST"
9695,"Someone changed my password and I no longer have access to my account. Thank you.","ACCOUNT_ACCESS"
9696,"Hello team, Please add a Slack integration, our whole team uses it. Let me know what to do.","FEATURE_REQUEST"
9697,"Dear support team, I cannot log in after changing my email address.","ACCOUNT_ACCESS"
9698,"Hi team, Any documentation on how to change my display name","HOW_TO_SUPPORT"
9699,"Hi there, I would like to know who I should contact regarding a collaboration. Thank you.","OTHER"
9700,"Can you send me an invoice for the $9.99 payment? Thanks a lot.","BILLING_PAYMENT"
9701,"The page never finishes loading and only shows a blank white screen. Thanks a lot.","TECHNICAL_ISSUE"
9702,"Hi team, I was charged GBP 45 for a plan I never upgraded to.","BILLING_PAYMENT"
9703,"My changes are not saved, the dashboard reverts to the old values.","TECHNICAL_ISSUE"
9704,"Add a favorites list please, it is missing from the dashboard.","FEATURE_REQUEST"
9705,"Uploading a Excel file gets stuck at 45 percent and never finishes.","TECHNICAL_ISSUE"
9706,"Hello team, Please send biweekly team updates to my inbox automatically, it would help a lot. Regards.","FEATURE_REQUEST"
9707,"Hello, Are you currently hiring?","OTHER"
9708,"Everything works on my computer but the profile page crashes on my iPad.","TECHNICAL_ISSUE"
9709,"Can you send me an invoice for the GBP 12 payment","BILLING_PAYMENT"
9710,"Vdieo previews will not play in the task list.","TECHNICAL_ISSUE"
9711,"Hi there, Do you support customers based in Kenya","OTHER"
9712,"Everything works on my computer but the inbox crashes on my MacBook.","TECHNICAL_ISSUE"
9713,"Could you tell me how to create a csutom report?","HOW_TO_SUPPORT"
9714,"hi team, pelase send an invoice for my latest starter subscription payment.","BILLING_PAYMENT"
9715,"Greetings, Hello, is anyone there? Any help would be appreciated.","OTHER"
9716,"Hi, The password reset email never arrives in my inbox. Thanks a lot.","ACCOUNT_ACCESS"
9717,"Greetings, Images are not displaying correctly on the analytics page in Brave.","TECHNICAL_ISSUE"
9718,"Where do I go in the notifications panel to change my privacy settings?","HOW_TO_SUPPORT"
9719,"Please add a Google Drive integration, our whole team uses it.","FEATURE_REQUEST"
9720,"it would be helpful if the calendar supported a compact layout.","FEATURE_REQUEST"
9721,"I cannot access my settings page because it says I do not have permission.","ACCOUNT_ACCESS"
9722,"I have a question about your service. Regards.","OTHER"
9723,"Hi there, I cannot log in on my Linux machine.","ACCOUNT_ACCESS"
9724,"Hello, The mobile app closes immediately after opening on my work computer. Regards.","TECHNICAL_ISSUE"
9725,"Greetings, My bank shows a pending charge of $149 that I do not recognize.","BILLING_PAYMENT"
9726,"It would be nice to have authenticator app support. Please help","FEATURE_REQUEST"
9727,"My changes are not saved, the reports page reverts to the old values.","TECHNICAL_ISSUE"
9728,"Hi there, Product idea: let us use the product without an internet connection.","FEATURE_REQUEST"
9729,"Dear support team, Can you send me some information about what you offer? Thanks.","OTHER"
9730,"There is an unknown charge of $29 from your company on my bank statement. Please help.","BILLING_PAYMENT"
9731,"Hi there, I am trying to rename a project but I cannot find the option. Where is it?","HOW_TO_SUPPORT"
9732,"Can you walk me through how to restore a deleted file? Please respond soon.","HOW_TO_SUPPORT"
9733,"hi team, login fails on chrome with an authentication failed message.","ACCOUNT_ACCESS"
9734,"I saw your ad and want to learn more. Thanks a lot.","OTHER"
9735,"Where do I go in the workspace to change my default dashboard?","HOW_TO_SUPPORT"
9736,"The dwonload link gives a error code 403 instead of the file","TECHNICAL_ISSUE"
9737,"What are the steps to invite a member to my workspace?","HOW_TO_SUPPORT"
9738,"My account is blocked and I cannot do my work.","ACCOUNT_ACCESS"
9739,"What is the easiest way to turn on email alerts? Any help would be appreciated.","HOW_TO_SUPPORT"
9740,"Hi team, Please add IP allow listing for account security.","FEATURE_REQUEST"
9741,"Test message, plaese ignore.","OTHER"
9742,"I got a new phone and my authenticator app no longer works, so I cannot log in. Thanks.","ACCOUNT_ACCESS"
9743,"Which page lets me manage my privacy settings? Thank you.","HOW_TO_SUPPORT"
9744,"How do I use the task list to find my activity history?","HOW_TO_SUPPORT"
9745,"How do I use the profile page to change the date format?","HOW_TO_SUPPORT"
9746,"Dear support team, My card was charged three times for June","BILLING_PAYMENT"
9747,"Hello, Not sure how to change the language of the interface, can you point me to the right help article?","HOW_TO_SUPPORT"
9748,"It would be helpful if the analytics page supported bulk actions.","FEATURE_REQUEST"
9749,"Images are not displaying correctly on the analytics page in Edge.","TECHNICAL_ISSUE"
9750,"Please forward this message to customer success. Let me know what to do.","OTHER"
9751,"Hello support, Product idea: let us tag items with labels.","FEATURE_REQUEST"
9752,"Would it be possible to filter by date range? That would save us a lot of time.","FEATURE_REQUEST"
9753,"Hi there, Which page lets me manage my notification settings?","HOW_TO_SUPPORT"
9754,"My renewal payment failed and now my subscription shows as past due. Thanks","BILLING_PAYMENT"
9755,"Good morning, The reset link does nothing when I click it","ACCOUNT_ACCESS"
9756,"Hey, I cannot access my dashboard because it says I do not have permission.","ACCOUNT_ACCESS"
9757,"Can you walk me through how to change my password from the settings page? Thanks in advance.","HOW_TO_SUPPORT"
9758,"Which menu do I use to change my password from the settings page?","HOW_TO_SUPPORT"
9759,"I have some questions about your company before I proceed. Any help would be appreciated","OTHER"
9760,"Dear support team, Please stop future charges to my card and cancel my subscription","BILLING_PAYMENT"
9761,"The API returns a timeout error when I call the endpoint. Thanks in advance.","TECHNICAL_ISSUE"
9762,"Hello, Please forward this message to your security team. Please help.","OTHER"
9763,"Good afternoon, Which page lets me manage my time zone settings? Thanks a lot.","HOW_TO_SUPPORT"
9764,"What are your business hours? Thanks a lot.","OTHER"
9765,"Images are not displaying correctly on the search page in Safari. Thank you","TECHNICAL_ISSUE"
9766,"Greetings, I got charged in the wrong currency for my Premium plan.","BILLING_PAYMENT"
9767,"Can you send me an invoice for the $120 payment? Thanks in advance.","BILLING_PAYMENT"
9768,"Greetings, The app freezes when I try to download a large spreadsheet.","TECHNICAL_ISSUE"
9769,"Please show me how to remove a user from my team.","HOW_TO_SUPPORT"
9770,"Hey, Please show me how to change the date format. Please respond soon.","HOW_TO_SUPPORT"
9771,"hi, which menu do i use to rename a project?","HOW_TO_SUPPORT"
9772,"Hi, I was billed $9.99 twice for the same subscription. Please help.","BILLING_PAYMENT"
9773,"Suggestion: allow users to add comments to reports.","FEATURE_REQUEST"
9774,"Good morning, Can I know more about your service before deciding? Any help would be appreciated.","OTHER"
9775,"Hi there, I upgraded my plan but the charge shows the wrong amount.","BILLING_PAYMENT"
9776,"I would like instructions on how to change my display name.","HOW_TO_SUPPORT"
9777,"The site is down for me, I only see a blank white screen.","TECHNICAL_ISSUE"
9778,"Can someone explain how to use the settings page? Thanks in advance.","HOW_TO_SUPPORT"
9779,"Hi team, I paid for the Staretr plan but my account still shows the free tier.","BILLING_PAYMENT"
9780,"Hello team, Please reset my account access, I cannot get past the login screen. Regards.","ACCOUNT_ACCESS"
9781,"My bank shows a pneding charge of $120 that I do not recognize.","BILLING_PAYMENT"
9782,"Just started using the product, need to know how to set up my workspace for the first time. Any help would be appreciated.","HOW_TO_SUPPORT"
9783,"Where do I go in the project board to change my export options?","HOW_TO_SUPPORT"
9784,"Dear support team, Please add Japanese language support.","FEATURE_REQUEST"
9785,"Hi, I was billed EUR 39 twcie for the same subscription","BILLING_PAYMENT"
9786,"add dark mode please, it is missing from the admin console.","FEATURE_REQUEST"
9787,"Hey, My session logs me out immediately after I sign in","ACCOUNT_ACCESS"
9788,"Good morning, I never received the SMS code, I already checked my spam folder.","ACCOUNT_ACCESS"
9789,"I was billed $59.99 twice for the same subscription.","BILLING_PAYMENT"
9790,"Everything works on my computer but the admin console crashes on my iPhone.","TECHNICAL_ISSUE"
9791,"Could you add offlnie mode to the task list?","FEATURE_REQUEST"
9792,"Dear support team, The login page keeps redirecting me back to the sign in screen.","ACCOUNT_ACCESS"
9793,"Could you tell me how to archive old projects","HOW_TO_SUPPORT"
9794,"Can you explain how to print a report?","HOW_TO_SUPPORT"
9795,"The exported PDF is corrupted and cannot be opened.","TECHNICAL_ISSUE"
9796,"We really need a search bar on the analytics page, please consider it. Thanks.","FEATURE_REQUEST"
9797,"Hi, Where can I find the default dashboard","HOW_TO_SUPPORT"
9798,"Buttons on the analytics page do not respond when I click them.","TECHNICAL_ISSUE"
9799,"Hello, I was removed from the workspace by mistake and cannot get back in. Thank you","ACCOUNT_ACCESS"
9800,"Hello team, There is a mistake in my latest invoice, the total does not match the plan price.","BILLING_PAYMENT"
9801,"Hi, I represent a media outlet and want to reach out to the press team.","OTHER"
9802,"I paid for the Premium plan but my account still shows the free tier. Please help.","BILLING_PAYMENT"
9803,"Can you help me regain access to my account? I have a deadline today. Let me know what to do.","ACCOUNT_ACCESS"
9804,"greetings, could someone give me an overview of what your company does?","OTHER"
9805,"Add a search bar please, it is missing from the project board.","FEATURE_REQUEST"
9806,"Good afternoon, I would like instructions on how to find my activity history.","HOW_TO_SUPPORT"
9807,"Good afternoon, Could you tell me how to assign a task to a colleague?","HOW_TO_SUPPORT"
9808,"Greetings, Can I get a call back from someone on your team","OTHER"
9809,"Hi there, I am new here, how do I change my time zone? Regards.","HOW_TO_SUPPORT"
9810,"Hi team, I would like to get in touch with the partnerships team. Thanks.","OTHER"
9811,"Hi team, The autosave is broken and my work was lost since last night. Please help.","TECHNICAL_ISSUE"
9812,"I would like more information before I create an account. Any help would be appreciated.","OTHER"
9813,"The receipt eamil for my payment never arrived","BILLING_PAYMENT"
9814,"The one-time passcode never arrives in my inbox. Any help would be appreciated.","ACCOUNT_ACCESS"
9815,"The verification step keeps failing when I try to sign in, since Monday.","ACCOUNT_ACCESS"
9816,"Where can I find the notifiaction settings?","HOW_TO_SUPPORT"
9817,"The reports page is very slow and keeps freezing on my tablet.","TECHNICAL_ISSUE"
9818,"Good afternoon, Are you planning to release templates in the future?","FEATURE_REQUEST"
9819,"Hello, Do you have any security certifications","OTHER"
9820,"Good afternoon, The task list is very slow and keeps freezing on my Windows laptop","TECHNICAL_ISSUE"
9821,"Hey, I get an access denied message when I try to open my workspace. Thanks in advance.","ACCOUNT_ACCESS"
9822,"Hi, I need help but I am not sure which option applies.","OTHER"
9823,"The page shows an unexpected error 500 when I save my profile.","TECHNICAL_ISSUE"
9824,"Hi team, I think I sent this to the wrong place, who is the right contact?","OTHER"
9825,"dear support team, my subscription renewed automatically and i did not want that, please refund me. thank you.","BILLING_PAYMENT"
9826,"Hi team, The site is down for me, I only see a generic erorr message.","TECHNICAL_ISSUE"
9827,"Dear support team, The dicsount promised to me is not reflected on my bill.","BILLING_PAYMENT"
9828,"Hi there, Please reset my account access, I cannot get past the login screen.","ACCOUNT_ACCESS"
9829,"It would be nice to have two-factor authentication.","FEATURE_REQUEST"
9830,"Hi, Please add offline mode to the analytics page.","FEATURE_REQUEST"
9831,"Good morning, My account is suspended and I need access urgently.","ACCOUNT_ACCESS"
9832,"Hello, The payment page rejects my card and I cannot renew my Pro plan.","BILLING_PAYMENT"
9833,"Not sure how to turn on eamil alerts, can you point me to the right help article? Thank you.","HOW_TO_SUPPORT"
9834,"please let us export tables to google sheets.","FEATURE_REQUEST"
9835,"Tahnk you for your help, everything is fine now. Any help would be appreciated.","OTHER"
9836,"Is there a guide that shwos how to upload a company logo","HOW_TO_SUPPORT"
9837,"Hello support, Search returns no results even for items that I know exist. Thank you.","TECHNICAL_ISSUE"
9838,"Hello team, I was charged for extra seats that I did not add. Please advise.","BILLING_PAYMENT"
9839,"Hi, I have some questions about your company before I proceed.","OTHER"
9840,"Can someone explain how to use the mobile app?","HOW_TO_SUPPORT"
9841,"I need to update the billing address on my invoice.","BILLING_PAYMENT"
9842,"Hello, The sync between my devices has stopped working. Please advise.","TECHNICAL_ISSUE"
9843,"where do i go in the mobile app to change my team permissions?","HOW_TO_SUPPORT"
9844,"Please credit my account for the payment error for March.","BILLING_PAYMENT"
9845,"Hi team, My cahnges are not saved, the inbox reverts to the old values. Thanks.","TECHNICAL_ISSUE"
9846,"Hello, I need to change the credit card used for my subscription payments.","BILLING_PAYMENT"
9847,"Payment status says pending for days, and my subscription is still not active. Thank you.","BILLING_PAYMENT"
9848,"hi there, please forward this message to sales.","OTHER"
9849,"Dear support team, Can someone contact me about an issue?","OTHER"
9850,"Hi there, Acocunt recovery is not working, the verification email is not being sent.","ACCOUNT_ACCESS"
9851,"Please add Portuguese language support. Any help would be appreciated.","FEATURE_REQUEST"
9852,"Good morning, It would be great if we could set reminders on tasks. Thanks in advance","FEATURE_REQUEST"
9853,"There is an unknown chrage of $14 from your company on my bank statement.","BILLING_PAYMENT"
9854,"Dear support team, Video previews will not play in the dashboard.","TECHNICAL_ISSUE"
9855,"Do you support customers based in the UAE?","OTHER"
9856,"Would it be possible to customize the dashboard layout? That would save us a lot of time. Regards.","FEATURE_REQUEST"
9857,"Please forward this message to the legal department.","OTHER"
9858,"Hello, Are you planning to release offline mode in the future? Thanks a lot.","FEATURE_REQUEST"
9859,"please show me how to change my display name.","HOW_TO_SUPPORT"
9860,"Dear support team, I am trying to restore a deleted file but I cannot find the option. Where is it?","HOW_TO_SUPPORT"
9861,"Is there a guide that shows how to download a report","HOW_TO_SUPPORT"
9862,"Good morning, I lost my phone and cannot receive the verification code to sign in. Any help would be appreciated.","ACCOUNT_ACCESS"
9863,"Hello, Please let us export tables to Word","FEATURE_REQUEST"
9864,"Everything works on my computer but the project board crashes on my Windows laptop.","TECHNICAL_ISSUE"
9865,"Account recovery is not working, the confirmation email is not being sent. Thanks a lot.","ACCOUNT_ACCESS"
9866,"Dear support team, The password I created duirng sign up is not accepted at login.","ACCOUNT_ACCESS"
9867,"I was charged $149 this quarter but I expected a different amount.","BILLING_PAYMENT"
9868,"Add keyboard shortcuts please, it is missing from the inbox","FEATURE_REQUEST"
9869,"Hey, The login page keeps redirecting me back to the sign in screen. Let me know what to do.","ACCOUNT_ACCESS"
9870,"Can you explain how to add a comment to a task?","HOW_TO_SUPPORT"
9871,"Not sure how to pin a dashboard as my home page, can you point me to the right help article?","HOW_TO_SUPPORT"
9872,"Just started using the product, need to know how to print a report.","HOW_TO_SUPPORT"
9873,"Are you planning to release a favorites list in the future? Thanks a lot","FEATURE_REQUEST"
9874,"Good afternoon, I never received the one-time passcode, I already checked my spam folder.","ACCOUNT_ACCESS"
9875,"do you ofefr any events or webinars?","OTHER"
9876,"Is your service available in the United Kingdom?","OTHER"
9877,"Hey, It would be great to have a calendar view in the task list.","FEATURE_REQUEST"
9878,"Where can I find the workspace name? Please respond soon.","HOW_TO_SUPPORT"
9879,"I am stuck in a loop where the site asks me to verify my email again and again. Please advise.","ACCOUNT_ACCESS"
9880,"Thnak you for your help, everything is fine now.","OTHER"
9881,"Dear support team, I am new here, how do I set up a recurring report?","HOW_TO_SUPPORT"
9882,"What are your business hours? Please respond soon.","OTHER"
9883,"Good afternoon, I am writing to ask about internship opportunities. Thanks.","OTHER"
9884,"Hi team, Please forward this message to customer success.","OTHER"
9885,"My account was hacked and I cannot log in anymore. Thank you.","ACCOUNT_ACCESS"
9886,"Hello support, My card was charged three times for June.","BILLING_PAYMENT"
9887,"I have been overcharged last month, please look into my billing. Let me know what to do.","BILLING_PAYMENT"
9888,"Hello, Why did the price of my Starter plan go up?","BILLING_PAYMENT"
9889,"Hey, Could you please implement authenticator app support in a coming update?","FEATURE_REQUEST"
9890,"Which menu do I use to set up a recurring report","HOW_TO_SUPPORT"
9891,"Hey, The reset link does nothing when I click it.","ACCOUNT_ACCESS"
9892,"Hi team, I am locked out after too many failed login attempts.","ACCOUNT_ACCESS"
9893,"Everything works on my computer but the team page crashes on my work computer.","TECHNICAL_ISSUE"
9894,"Please forward this message to the right department. Thanks in advance.","OTHER"
9895,"My account is deactivated and I cannot do my work","ACCOUNT_ACCESS"
9896,"Why did the price of my Enterprise plan go up?","BILLING_PAYMENT"
9897,"The mobile app closes immediately after opening on my iPad.","TECHNICAL_ISSUE"
9898,"The payment page rejects my card and I cannot renew my Starter plan.","BILLING_PAYMENT"
9899,"How can I find my activity history? Thanks in advance.","HOW_TO_SUPPORT"
9900,"Someone changed my password and I no longer have access to my account. Any help would be appreciated.","ACCOUNT_ACCESS"
9901,"The system says the Word document format is not supported even thuogh it is valid.","TECHNICAL_ISSUE"
9902,"Dear support team, It would be great to have version history in the dashboard","FEATURE_REQUEST"
9903,"The page never finishes loading and only shows a blank white screen. Thanks.","TECHNICAL_ISSUE"
9904,"Good afternoon, Buttons on the workspace do not respond when I click them.","TECHNICAL_ISSUE"
9905,"Hello team, Can you build a search bar into the profile page? Many users would benefit.","FEATURE_REQUEST"
9906,"I would like a refund for the $120 charge this month.","BILLING_PAYMENT"
9907,"I would like to get in touch with sales.","OTHER"
9908,"There is a bug where the profile page shows duplicate entries after I download. Please respond soon.","TECHNICAL_ISSUE"
9909,"My changes are not saved, the profile page reverts to the old values.","TECHNICAL_ISSUE"
9910,"Hi there, The API returns a timeout error when I call the endpoint.","TECHNICAL_ISSUE"
9911,"Hello support, Hello, is anyone there?","OTHER"
9912,"The download link gives a something went wrong message instead of the file.","TECHNICAL_ISSUE"
9913,"Hello team, The login page keeps redirecting me back to the sign in screen.","ACCOUNT_ACCESS"
9914,"i saw your ad and want to learn more. thank you.","OTHER"
9915,"The autosave is broken and my work was lost since this morning. Thanks in advance.","TECHNICAL_ISSUE"
9916,"Feature request: the ability to duplicate an entire project.","FEATURE_REQUEST"
9917,"Hello team, Which page lets me manage my report templates?","HOW_TO_SUPPORT"
9918,"Where can I change my time zone settings?","HOW_TO_SUPPORT"
9919,"The cuopon code did not apply at checkout and I was charged the full price.","BILLING_PAYMENT"
9920,"There is a bug where the team page shows duplicate entries after I delete. Let me know what to do.","TECHNICAL_ISSUE"
9921,"Any plans to support Sinhala in the interface","FEATURE_REQUEST"
9922,"Hello team, My bank shows a pending charge of $24.99 that I do not recognize.","BILLING_PAYMENT"
9923,"Hello, I would like more information beofre I create an account.","OTHER"
9924,"Please add keyboard shortcuts to the project board.","FEATURE_REQUEST"
9925,"I am writnig to ask about internship opportunities.","OTHER"
9926,"My bank shows a pending charge of GBP 12 that I do not recognize. Please advise.","BILLING_PAYMENT"
9927,"I was charged $9.99 for a plan I never upgraded to.","BILLING_PAYMENT"
9928,"hello, is anynoe there?","OTHER"
9929,"Hello support, Search returns no results even for items that I know exist.","TECHNICAL_ISSUE"
9930,"Hey, The team page shows a error 404 since this morning.","TECHNICAL_ISSUE"
9931,"Hi, I downgraded to the Business plan but I was still billed the higher price.","BILLING_PAYMENT"
9932,"Hi team, Would it be possible to assign tasks to multiple people? That would save us a lot of time.","FEATURE_REQUEST"
9933,"I cannot recover my account because the security questions are not working. Thanks.","ACCOUNT_ACCESS"
9934,"Feature request: offline mode. Let me know what to do.","FEATURE_REQUEST"
9935,"Dear support team, I am writing to ask about internship opportunities.","OTHER"
9936,"Please refund my last payment, I did not use the service at all. Any help would be appreciated.","BILLING_PAYMENT"
9937,"The VAT number is missing from my invoice.","BILLING_PAYMENT"
9938,"The app freezes when I try to sync a large PDF.","TECHNICAL_ISSUE"
9939,"Can you explain how to turn on email alerts? Thank you.","HOW_TO_SUPPORT"
9940,"Where can I change my profile information?","HOW_TO_SUPPORT"
9941,"Hello team, I am trying to change the date format but I cannot find the option. Where is it?","HOW_TO_SUPPORT"
9942,"Hi there, Images are not displaying correctly on the inbox in Firefox.","TECHNICAL_ISSUE"
9943,"Can I know more about your service before deciding? Any help would be appreciated.","OTHER"
9944,"Good morning, Is there someone I can meet in person to talk about your product?","OTHER"
9945,"My account has been blocked and I do not know why. Let me know what to do.","ACCOUNT_ACCESS"
9946,"Good morning, I never received the confirmation email, I already checked my spam folder.","ACCOUNT_ACCESS"
9947,"I am trying to invite a member to my workspace but I cannot find the option. Where is it? Let me know what to do.","HOW_TO_SUPPORT"
9948,"I wish the aanlytics page had a calendar view.","FEATURE_REQUEST"
9949,"Hi, Where do I go in the workspace to change my time zone settings?","HOW_TO_SUPPORT"
9950,"Hello team, I was removed from the workspace by mistake and cannot get back in.","ACCOUNT_ACCESS"
9951,"Could someone give me an overview of what your company does? Any help would be appreciated.","OTHER"
9952,"Hi team, It would be great to have a favorites list in the team page.","FEATURE_REQUEST"
9953,"Good morning, I keep getting an invalid password message even though I am typing it correctly.","ACCOUNT_ACCESS"
9954,"i am getting a error code 403 whenever i open the calendar.","TECHNICAL_ISSUE"
9955,"i am getting a message that my account is temporarily locked, please help me get in.","ACCOUNT_ACCESS"
9956,"Greetings, Please credit my account for the payment error this quarter","BILLING_PAYMENT"
9957,"Greetings, I downgraded to the Pro plan but I was still billed the higher price.","BILLING_PAYMENT"
9958,"Please forward this message to your press team.","OTHER"
9959,"Hello support, Please send an invoice for my latest Enterprise subscription payment.","BILLING_PAYMENT"
9960,"It would be useful to receive biweekly email digests by email.","FEATURE_REQUEST"
9961,"Hello, I was billed $19 twice for the same subscription","BILLING_PAYMENT"
9962,"Hi, Could you please implement IP allow listing in a coming update?","FEATURE_REQUEST"
9963,"Not sure how to create a custom report, can you piont me to the right help article? Regards.","HOW_TO_SUPPORT"
9964,"Payment status says pending for days, and my subscription is still not active. Any help would be appreciated.","BILLING_PAYMENT"
9965,"my account is frozen and i need access urgently.","ACCOUNT_ACCESS"
9966,"Any documentation on how to pin a dashboard as my home page?","HOW_TO_SUPPORT"
9967,"Hello team, Where do I go in the project board to change my language settings?","HOW_TO_SUPPORT"
9968,"Hey, Feature request: the ability to schedule reports in advance.","FEATURE_REQUEST"
9969,"Greetings, Where do I go in the profile page to change my display name?","HOW_TO_SUPPORT"
9970,"Good morning, Please forward this message to sales.","OTHER"
9971,"the notifications panel becomes blank when i upload a word document.","TECHNICAL_ISSUE"
9972,"Can you explain how to download a report? Let me know what to do.","HOW_TO_SUPPORT"
9973,"Could you add saved views to the profile page?","FEATURE_REQUEST"
9974,"Good afternoon, I changed my phone number and now I cannot get the login code. Please help.","ACCOUNT_ACCESS"
9975,"My changes are not saved, the notifications panel reverts to the old values.","TECHNICAL_ISSUE"
9976,"I have been overcharged yesterday, plesae look into my billing","BILLING_PAYMENT"
9977,"Hi there, I represent a media outlet and want to reach out to the press team. Please respond soon.","OTHER"
9978,"Please show me how to turn on email alerts. Please help.","HOW_TO_SUPPORT"
9979,"Hi, Can you explain how to turn on email alerts? Please help.","HOW_TO_SUPPORT"
9980,"The payment page rejects my card and I cannot renew my monthly plan.","BILLING_PAYMENT"
9981,"Dear support team, Please forward this message to the partnerships team.","OTHER"
9982,"Can you build a calendar view into the billing page? Many users would benefit. Please respond soon.","FEATURE_REQUEST"
9983,"I am new here, how do I set up a recurring report","HOW_TO_SUPPORT"
9984,"Hi team, Where can I find the workspace name?","HOW_TO_SUPPORT"
9985,"My subscription renewed automatically and I did not want that, please refund me. Thank you","BILLING_PAYMENT"
9986,"Could you add auto save to the billing page?","FEATURE_REQUEST"
9987,"I do not have access to my old email address and need to recover my account. Thank you.","ACCOUNT_ACCESS"
9988,"Dear support team, The receipt email for my payment never arrived.","BILLING_PAYMENT"
9989,"Data I entered yesterday disappeared from the billing page.","TECHNICAL_ISSUE"
9990,"I wolud love to see an integration with Salesforce.","FEATURE_REQUEST"
9991,"Hi there, How can I change the language of the interface? Regards","HOW_TO_SUPPORT"
9992,"I would like more information before I create an account. Please respond soon.","OTHER"
9993,"I am not sure who to ask about this. Thanks.","OTHER"
9994,"Hi team, I am a student working on a school project about your product, who can I talk to","OTHER"
9995,"The project board shows a generic error message since yesterday. Thanks in advance.","TECHNICAL_ISSUE"
9996,"Any documentation on how to change my notification settings? Thank you.","HOW_TO_SUPPORT"
9997,"Text is cut off and overlapipng on the analytics page on my Linux machine.","TECHNICAL_ISSUE"
9998,"Can you build keyboard shortcuts into the settings page? Many users would benefit.","FEATURE_REQUEST"
9999,"Data I entered yesterday disappeared from the inbox. Please help.","TECHNICAL_ISSUE"
10000,"Please forward this message to a manager.","OTHER"
