ticket_id,text,category
2990,Please add dark mode to the dashboard. Thanks,FEATURE_REQUEST
1046,Do you support customers based in Brazil? Please advise.,OTHER
8435,"Dear support team, Please consider adding a way to shcedule reports in advance.",FEATURE_REQUEST
1133,"Hey, The settings page becomes blank when I upload a CSV file",TECHNICAL_ISSUE
1064,"Dear support team, Payment status says pending for days, and my subscription is still not active.",BILLING_PAYMENT
1979,"Hey, The VAT number is missing from my invoice. Thank you.",BILLING_PAYMENT
2743,I would like a refund for the $99 charge this week. Thanks in advance.,BILLING_PAYMENT
3013,There is a bug where the billing page shows duplicate entries after I submit.,TECHNICAL_ISSUE
664,Everything works on my computer but the reports page crashes on my work computer.,TECHNICAL_ISSUE
5650,"Hi there, I got a new phone and my authenticator app no longer works, so I cannot log in.",ACCOUNT_ACCESS
8775,"Hi there, I do not have access to my old email address and need to recover my account. Thanks.",ACCOUNT_ACCESS
4054,Could you add an option to export invoices as PowerPoint?,FEATURE_REQUEST
6509,Feature request: a compact layout. Thank you.,FEATURE_REQUEST
4739,Please let us export analytics data to PowerPoint.,FEATURE_REQUEST
2188,"Hello team, Can you explain how to rename a project?",HOW_TO_SUPPORT
1558,"we really need drag and drop on the inbox, please consider it.",FEATURE_REQUEST
9410,I upgraded my plan but the charge shows the worng amount.,BILLING_PAYMENT
4569,Where do I go in the reports page to change my saved filters,HOW_TO_SUPPORT
4460,My session logs me out immediately afetr I sign in.,ACCOUNT_ACCESS
3902,"Hello support, It would improve my workflow if I could see who viewed a shared report.",FEATURE_REQUEST
8536,"Hello support, Payment status says pending for days, and my subscription is still not active.",BILLING_PAYMENT
7653,My card was charged twice this quarter. Please respond soon.,BILLING_PAYMENT
4295,Please consider adding a way to set reminders on tasks.,FEATURE_REQUEST
3431,"Hello support, I am locked out after too many failed login attempts. Thanks in advance.",ACCOUNT_ACCESS
379,"Hello support, Please add support for exporting to PDF and also custom themes.",FEATURE_REQUEST
3143,"Hi team, Can you help me regain access to my account? I canont reach my data.",ACCOUNT_ACCESS
3711,"Hello team, Which menu do I use to find my activity history? Any help would be appreciated.",HOW_TO_SUPPORT
3135,"Dear support team, Can you explain how to transfer ownership of a workspace? Thanks a lot.",HOW_TO_SUPPORT
9706,"Hello team, Please send biweekly team updates to my inbox automatically, it would help a lot. Regards.",FEATURE_REQUEST
6817,"Hello team, I keep getting an invalid password message even though I am typing it correctly. Please help.",ACCOUNT_ACCESS
3479,I cannot log in on my Android phone.,ACCOUNT_ACCESS
2034,"Greetings, I get an access denied message when I try to open my workspace.",ACCOUNT_ACCESS
7657,Thanks for the great support last week! Thanks.,OTHER
8433,"Hey, I downgraded to the Pro plan but I was still billed the higher price.",BILLING_PAYMENT
59,"Good morning, I cannot acecss my task list because it says I do not have permission.",ACCOUNT_ACCESS
4376,I get an access denied message when I try to open my workspace. Please respond soon.,ACCOUNT_ACCESS
3749,Login fails on Opera with an authentication failed message. Please advise.,ACCOUNT_ACCESS
9919,The cuopon code did not apply at checkout and I was charged the full price.,BILLING_PAYMENT
7626,"Hi team, Images are not displaying correctly on the search page in Brave.",TECHNICAL_ISSUE
9041,I would like to get in touch with a manager. Thanks a lot.,OTHER
3941,I want to leave gneeral feedback about my experience.,OTHER
4608,Why is my account frozen? I cannot reach my data.,ACCOUNT_ACCESS
9988,"Dear support team, The receipt email for my payment never arrived.",BILLING_PAYMENT
5503,The sync button does nothing on the task list. Thank you.,TECHNICAL_ISSUE
3307,"Hello support, I got charged in the wrong currency for my Basic plan. Let me know what to do.",BILLING_PAYMENT
9156,"Dear support team, Please add an undo button to the settings page.",FEATURE_REQUEST
2889,I was charged $19 for my annual plan but I expected a different amount.,BILLING_PAYMENT
6609,"Hey, Any documentation on how to duplicate a project?",HOW_TO_SUPPORT
7791,Do you support customers based in India,OTHER
6878,"Unable to sign in on Opera, it just keeps reloading the login page. Please respond soon.",ACCOUNT_ACCESS
4858,"Good afternoon, The confirmation eamil never arrives in my inbox.",ACCOUNT_ACCESS
450,The billing page shows a error code 403 since the latest update.,TECHNICAL_ISSUE
3994,"Please add a GitHub integration, our whole team uses it.",FEATURE_REQUEST
8504,"Hi team, Is it possible to connect my calendar? I cannot find where. Thanks.",HOW_TO_SUPPORT
1465,please let us export project lists to csv. any help would be appreciated.,FEATURE_REQUEST
1945,Why is my account disabled? I need it restored as soon as possible.,ACCOUNT_ACCESS
9228,"Hello team, I changed my email address and now I cannot access my account.",ACCOUNT_ACCESS
7985,"Hello, The exported JPEG photo is corrupted and cannot be opened.",TECHNICAL_ISSUE
3989,"Just started uisng the product, need to know how to add a new team member",HOW_TO_SUPPORT
3835,Would it be possible to schedule reports in advance? That would save us a lot of time. Please help.,FEATURE_REQUEST
91,"hello support, i have some questions about your company before i proceed.",OTHER
2624,Could you tell me how to change my time zone? Please advise.,HOW_TO_SUPPORT
522,The page kepes refreshing by itself and I lose what I typed. Let me know what to do.,TECHNICAL_ISSUE
6054,Can you walk me through how to set up a recurring report?,HOW_TO_SUPPORT
3110,"Hello support, Do you have a partnership program?",OTHER
6575,"good morning, my bank shows a pending charge of $24.99 that i do not recognize.",BILLING_PAYMENT
9155,Can someone explain how to use the project board? Please respond soon.,HOW_TO_SUPPORT
8491,Where can I change my display name?,HOW_TO_SUPPORT
472,Where is your company located? Thank you,OTHER
8990,"Dear support team, Where is your company located?",OTHER
7053,Is it possible to add a comment to a task? I cannot find where.,HOW_TO_SUPPORT
1283,My team would love to have custom filters. Is it on the roadmap?,FEATURE_REQUEST
6288,"Good afternoon, Can someone contact me about an issue? Please help.",OTHER
3476,"Hello team, I forgot the email I used to register and cannot get into my account. Please help.",ACCOUNT_ACCESS
9550,Are you planning to release drag and drop in the future? Thanks in advance.,FEATURE_REQUEST
2868,Why was I billed $120 when my plan should be cheaper? Please respond soon.,BILLING_PAYMENT
5315,How do I use the mobile app to create a new project,HOW_TO_SUPPORT
9627,What are the steps to rename a project?,HOW_TO_SUPPORT
9412,"Hi there, Please send an invoice for my latest Basic subscription payment.",BILLING_PAYMENT
1625,"Hey, I would like to speak with a sales representative about enterprise options. Thanks a lot.",OTHER
8832,"Hi, There is an unknown charge of $120 from your company on my bank statement",BILLING_PAYMENT
3685,"Greetings, I cannot log in since last night.",ACCOUNT_ACCESS
9303,I am not able to log in from my Linux machine but it works on my computer. Thanks a lot.,ACCOUNT_ACCESS
6980,I am trying to merge duplciate entries but I cannot find the option. Where is it?,HOW_TO_SUPPORT
2321,"Please add a Trello integration, our whole team uses it. Thanks in advance.",FEATURE_REQUEST
3947,"We really need dark mode on the workspace, please consider it.",FEATURE_REQUEST
7245,"Hello team, Which page lets me manage my workspace name?",HOW_TO_SUPPORT
8950,Scheduled reports are not running at the set time.,TECHNICAL_ISSUE
9921,Any plans to support Sinhala in the interface,FEATURE_REQUEST
4029,"Good morning, Can you help me regain access to my account? I cnanot reach my data.",ACCOUNT_ACCESS
2062,i am not able to log in from my work computer but it works on my computer.,ACCOUNT_ACCESS
4581,The sync between my deviecs has stopped working.,TECHNICAL_ISSUE
282,my session logs me out immediately after i sign in. let me know what to do.,ACCOUNT_ACCESS
1281,"Hello, My account has been suspended and I do not know why.",ACCOUNT_ACCESS
6518,Please let us export charts to PowerPoint.,FEATURE_REQUEST
5895,"Hello, Is there a giude that shows how to remove a user from my team? Thanks.",HOW_TO_SUPPORT
4810,"Good morning, I would like to know who I should contact regarding a collaboration.",OTHER
3033,"Just started using the product, need to know how to make a teammate an admin.",HOW_TO_SUPPORT
5602,"Please add a Microsoft Teams integration, our whole team uses it.",FEATURE_REQUEST
8189,Please show me how to merge duplicate entries. Thanks a lot.,HOW_TO_SUPPORT
9676,"Good afternoon, The analytics page does not display anything after the latest update.",TECHNICAL_ISSUE
8015,Is it possible to invite a member to my workspace? I cannot find where.,HOW_TO_SUPPORT
8511,"Greetings, I changed my email address and now I cannot access my account",ACCOUNT_ACCESS
6440,"Hi team, My account is disabled and I need to get in right now.",ACCOUNT_ACCESS
9234,"Hi team, The verification step keeps failing when I try to sign in, sicne Monday.",ACCOUNT_ACCESS
4338,What are the steps to connect my calendar?,HOW_TO_SUPPORT
3469,An option for a mobile widget would make the product much better. Please advise,FEATURE_REQUEST
5313,I am trying to delete a workspace but I cannot find the option. Where is it?,HOW_TO_SUPPORT
5418,"Hello, I would like to get in touch with the rgiht department. Thanks in advance",OTHER
6958,It would be helpful if the analytics page supported a mobile widget.,FEATURE_REQUEST
635,The application crashes when I click import.,TECHNICAL_ISSUE
2810,"Hello, My card was charged twice last month",BILLING_PAYMENT
2984,I would like to speak with a sales representative about enterprise options. Let me know what to do.,OTHER
7816,Could you tell me how to add a new team member?,HOW_TO_SUPPORT
3125,"Hello, The submit button does nothing on the notifications panel.",TECHNICAL_ISSUE
4284,"Hi, The autosave is broken and my work was lost for the past few days.",TECHNICAL_ISSUE
6688,Is your service available in Nigeria? Please respond soon.,OTHER
7522,it would be great if we could customize the dashboard layout.,FEATURE_REQUEST
6993,"Dear support team, My account has been locked and I do not know why.",ACCOUNT_ACCESS
294,The verification email never arrives in my inbox. Any help would be appreciated.,ACCOUNT_ACCESS
5947,"greetings, i want to leave general feedback about my experience.",OTHER
4774,"Plaese get back to me when you can, I have a few questions.",OTHER
2463,"Hi there, Can you tell me more about your privacy policy?",OTHER
5737,I would like to know who I should contact regarding a collaboration. Please respond soon.,OTHER
1236,Please add an undo button to the admin console. Please help.,FEATURE_REQUEST
7278,"Just started using the product, need to know how to pin a dashboard as my home page. Let me know what to do.",HOW_TO_SUPPORT
8848,"Hi team, Are you currently hiring? Regards.",OTHER
1050,"Good afternoon, I am trying to set up my workspace for the first time but I cannot find the option. Where is it?",HOW_TO_SUPPORT
8441,Can you help me regain access to my account? I cannot reach my data. Please help.,ACCOUNT_ACCESS
9484,"we really need a favorites list on the billing page, please consider it.",FEATURE_REQUEST
7005,I got charged in the wrong currency for my Team plan. Thanks a lot.,BILLING_PAYMENT
3844,How do I upload a company logo,HOW_TO_SUPPORT
7383,"Dear support team, The payment page rejects my card and I cannot renew my Basic plan.",BILLING_PAYMENT
8847,Uploading a spreadsheet gets stuck at zero percent and never finishes.,TECHNICAL_ISSUE
1898,Could you please implement authenticator app support in a coming update? Let me know what to do.,FEATURE_REQUEST
3242,The settings page is very slow and keeps freezing on my work computer.,TECHNICAL_ISSUE
8809,A pop up with a error 404 appears every time I try to print. Thanks a lot,TECHNICAL_ISSUE
8037,"The site is down for me, I only see a 502 bad gateway.",TECHNICAL_ISSUE
2508,Please let us export project lists to Excel.,FEATURE_REQUEST
1750,The inbox is very slow and keeps freezing on my MacBook. Please help.,TECHNICAL_ISSUE
8302,Are you planning to release a compact layuot in the future,FEATURE_REQUEST
9841,I need to update the billing address on my invoice.,BILLING_PAYMENT
906,"Hi team, The app crashes every time I try to download.",TECHNICAL_ISSUE
432,images are not displaying correctly on the dashboard in safari. thank you.,TECHNICAL_ISSUE
230,There is a bug where the admin console shows duplicate entries after I publish.,TECHNICAL_ISSUE
4673,"Good morning, I need to talk to someone but I do not know what to select. Let me know what to do.",OTHER
4065,"Dear support team, How do I use the admin console to print a report? Please respond soon.",HOW_TO_SUPPORT
3677,The task list is very slow and keeps freezing on my tablet.,TECHNICAL_ISSUE
677,"Hey, I need help but I am not sure which option applies.",OTHER
2181,"good afternoon, i would like to know who i should contact regarding a collaboration.",OTHER
6802,Do you have a tutorial on how to create a custom report?,HOW_TO_SUPPORT
2249,Could you add a favorites list to the settings page?,FEATURE_REQUEST
2379,"Hello support, Thank you for your help, everything is fine now. Thanks.",OTHER
483,Please show me how to delete a workspace. Please advise.,HOW_TO_SUPPORT
95,"Hi, I thnik I sent this to the wrong place, who is the right contact? Please help.",OTHER
1820,Which menu do I use to import contacts from a CSV file?,HOW_TO_SUPPORT
4172,Is your service available in Brazil? Regards.,OTHER
4924,"Good morning, It would be useful to receive quarterly performance summaries by email.",FEATURE_REQUEST
8918,"Good morning, Could you please implement IP allow listing in a coming update?",FEATURE_REQUEST
5749,"Hi there, I wish the search page had auto save.",FEATURE_REQUEST
1689,Please add support for exporting to Google Sheets and also a compact layout.,FEATURE_REQUEST
3904,i upgraded my plan but the cahrge shows the wrong amount.,BILLING_PAYMENT
6639,"Hi, Are you planning to release version history in the future?",FEATURE_REQUEST
5829,"Dear support team, Please add Portuguese language support.",FEATURE_REQUEST
9283,Can you build a favorites list into the notifications panel? Many users would benefit. Regards.,FEATURE_REQUEST
5471,The app freezes when I try to import a large PNG image. Any help would be appreciated.,TECHNICAL_ISSUE
9871,"Not sure how to pin a dashboard as my home page, can you point me to the right help article?",HOW_TO_SUPPORT
1223,I keep getting an invalid password message even though I am typing it correctly.,ACCOUNT_ACCESS
3837,Suggestion: allow users to mark items as favorites. Please respond soon.,FEATURE_REQUEST
489,"Hello support, Any plans to support French in the interface?",FEATURE_REQUEST
7681,I would like more information before I cretae an account.,OTHER
4730,I was charged EUR 39 for a plan I never upgraded to.,BILLING_PAYMENT
7915,The aplpication crashes when I click print. Thanks.,TECHNICAL_ISSUE
885,It would be nice to have login alerts by email. Thanks in advance.,FEATURE_REQUEST
7119,"Thank you for your help, everything is fine now. Let me know what to do",OTHER
4973,is it possible to import contacts from a csv file? i cannot find where. please respond soon.,HOW_TO_SUPPORT
7560,"Hi, Data I entered yesterday disappeared from the settings page.",TECHNICAL_ISSUE
8924,"Greetings, The dashboard numbers are wrong and do not match the raw data.",TECHNICAL_ISSUE
1702,Thanks for the great support last week! Please help.,OTHER
1534,"I have been overcharged yesterday, please look into my billing. Thanks.",BILLING_PAYMENT
1640,It would be nice to have login alerts by email. Regards.,FEATURE_REQUEST
7733,I was charged $120 for a plan I never upgraded to. Let me know what to do.,BILLING_PAYMENT
2539,My team would love to have custom filters. Is it on the roadmap? Please respond soon.,FEATURE_REQUEST
40,"Greetings, Uploading a JPEG photo gets stuck at 50 percent and never finishes",TECHNICAL_ISSUE
4107,"Greetings, Images are not displaying correctly on the dashboard in Opera.",TECHNICAL_ISSUE
8110,I would like to know who I should contact regarding a collaboration. Thanks in advance.,OTHER
9192,"Hi team, My account was hacked and I cannot log in anymore. Regards.",ACCOUNT_ACCESS
6567,"Good morning, The login page keeps redirecting me back to the sign in screen. Thank you.",ACCOUNT_ACCESS
9884,"Hi team, Please forward this message to customer success.",OTHER
4293,"I want to switch to annual billing to get the discount, how is the payment handled? Thanks in advance.",BILLING_PAYMENT
2598,"Dear support team, The reset link does nothing when I click it.",ACCOUNT_ACCESS
4249,"Good afternoon, I wish the profile page had saved views.",FEATURE_REQUEST
2305,"Hello, It would be great to have offline mode in the dashboard.",FEATURE_REQUEST
745,"Good afternoon, The API returns a error code 403 when I call the endpoint.",TECHNICAL_ISSUE
1588,"Greetings, Could you tell me how to link my account to Slack?",HOW_TO_SUPPORT
6008,"Dear support team, I have some qeustions about your company before I proceed. Regards.",OTHER
4974,I wolud love to see an integration with GitHub.,FEATURE_REQUEST
3856,Where do I go in the profile page to change my export options?,HOW_TO_SUPPORT
235,Do you have a partnership program? Any help would be appreciated.,OTHER
9369,How do I find my activity history?,HOW_TO_SUPPORT
9807,"Good afternoon, Could you tell me how to assign a task to a colleague?",HOW_TO_SUPPORT
5164,"Dear support team, Please add keyboard shortcuts to the workspace.",FEATURE_REQUEST
1492,"Good morning, I downgraded to the monthly plan but I was still billed the higher price.",BILLING_PAYMENT
5356,"Dear support team, The two-factor code is rejected every time I try to sign in.",ACCOUNT_ACCESS
1995,Can I get a call back from someone on your team? Regards.,OTHER
5978,Plesae let us export charts to Word.,FEATURE_REQUEST
603,"Hi there, Hello, is anyone there?",OTHER
1095,"Hey, Do you support customers based in Nigeria?",OTHER
1973,I am trying to delete a workspace but I cannot find the option. Where is it? Thanks in advance.,HOW_TO_SUPPORT
5599,It would be helpful if the task list supported custom filters.,FEATURE_REQUEST
5582,"Hey, The reset link does nothing when I click it. Let me know what to do.",ACCOUNT_ACCESS
8744,buttons on the inbox do not respond when i click them. thanks a lot.,TECHNICAL_ISSUE
7528,i paid for the starter plan but my account still shows the free tier.,BILLING_PAYMENT
6640,"Hi there, I am stuck in a loop where the site asks me to verify my email again and again.",ACCOUNT_ACCESS
6352,"Hi there, How do I use the workspace to rename a project?",HOW_TO_SUPPORT
6304,The discount promised to me is not reflected on my bill. Regards.,BILLING_PAYMENT
313,I would like instructions on how to add a comment to a task,HOW_TO_SUPPORT
589,"Hey, My username is not recognized on the login page.",ACCOUNT_ACCESS
5575,I would like the option to pin important items to the top in a future release.,FEATURE_REQUEST
4943,My team would love to have keyboard shortcuts. Is it on the roadmap?,FEATURE_REQUEST
1112,"Good morning, Thanks for the great support last week!",OTHER
1079,Login fails on Chrome with an authentication faield message.,ACCOUNT_ACCESS
2023,Where is your company located? Any help would be appreciated.,OTHER
8273,"Good afternoon, I keep getting an invalid password message even though I am typing it correctly.",ACCOUNT_ACCESS
1031,"Hello support, Can you recommend which team I should contact for my request? Please respond soon.",OTHER
2783,"Hi, Feature request: templates.",FEATURE_REQUEST
1997,After I reset my password the new one is not accepted. Please help.,ACCOUNT_ACCESS
8588,"Dear support team, The confirmation email never arrives in my inbox. Please help",ACCOUNT_ACCESS
7742,"Hello support, I am a student working on a school project about your product, who can I talk to? Any help would be appreciated.",OTHER
8683,The admin console is very slow and keeps freezing on my iPad.,TECHNICAL_ISSUE
9131,"We really need version history on the workspace, please consider it",FEATURE_REQUEST
1487,The download link gives a error code 403 instead of the file. Thanks a lot,TECHNICAL_ISSUE
6320,There is an unknown charge of $49 from your company on my bank statement.,BILLING_PAYMENT
6475,I was removed from the workspace by mistake and cannot get back in. Please respond soon.,ACCOUNT_ACCESS
7942,I want to leave genreal feedback about my experience. Thank you.,OTHER
7464,"Hello team, I paid for the Premium plan but my account still shows the free tier.",BILLING_PAYMENT
5797,"Hello support, The inbox does not display anything after the latest update.",TECHNICAL_ISSUE
209,"Hey, I was charged GBP 45 this week but I expected a different amount.",BILLING_PAYMENT
4281,"Hello, It would be nice to have IP allow listing. Please advise.",FEATURE_REQUEST
6470,"I am a student working on a school project about your product, who can I talk to? Thank you.",OTHER
8281,"Hello team, The magic link never arrives in my inbox.",ACCOUNT_ACCESS
9732,Can you walk me through how to restore a deleted file? Please respond soon.,HOW_TO_SUPPORT
4967,How can I make a teammate an admin? Please respond soon.,HOW_TO_SUPPORT
2751,"Hi there, The sync between my devices has stopped working. Please respond soon.",TECHNICAL_ISSUE
9814,The one-time passcode never arrives in my inbox. Any help would be appreciated.,ACCOUNT_ACCESS
8017,"Hello, I got charged in the wrong currency for my annual plan",BILLING_PAYMENT
7286,"Hi there, The VAT number is missing from my invoice.",BILLING_PAYMENT
681,"Hi team, The reset link does nothing when I click it.",ACCOUNT_ACCESS
3626,"hello support, we really need a search bar on the task list, please consider it.",FEATURE_REQUEST
7780,"Hello, My renewal payment failed and now my subscription shows as past due",BILLING_PAYMENT
6438,I have some qusetions about your company before I proceed. Regards.,OTHER
3377,"Hello team, My card was charged twice this month.",BILLING_PAYMENT
6978,"Add drag and drop please, it is missing from the inbox.",FEATURE_REQUEST
8392,My card was charged three times yesterday.,BILLING_PAYMENT
8315,"Good afternoon, My team would love to have auto save. Is it on the roadmap?",FEATURE_REQUEST
3300,"I never received the verification email, I already checked my spam folder.",ACCOUNT_ACCESS
1211,text is cut off and overlapping on the admin console on my macbook.,TECHNICAL_ISSUE
7135,"Good afternoon, My account is suspended and I cannot do my work",ACCOUNT_ACCESS
3435,"Hi, Feature request: saved views.",FEATURE_REQUEST
296,"I think I sent this to the wrong place, who is the rihgt contact?",OTHER
1454,"Hi team, It would be great if we could assign tasks to multiple people.",FEATURE_REQUEST
602,"I am getting a message that my account is temporarily locked, please help me get in. Please advise.",ACCOUNT_ACCESS
5255,Is your sevrice available in Kenya? Thanks in advance.,OTHER
2184,It would improve my workflow if I could duplicate an entire project.,FEATURE_REQUEST
8616,I wish the notifications panel had a mobile widget.,FEATURE_REQUEST
2848,"Hi there, Video previews will not play in the admin console.",TECHNICAL_ISSUE
1669,"Dear support team, Can I get a call back from someone on your team? Any help would be appreciated.",OTHER
3375,"Greetings, Can you explain how to restore a deleted file?",HOW_TO_SUPPORT
4361,"Hi team, Thank you for your help, everything is fine now.",OTHER
9097,Is there someone I can meet in person to talk about your product? Thanks a lot.,OTHER
5517,Would it be possible to pin important items to the top? That would save us a lot of time. Please help.,FEATURE_REQUEST
1362,Do you offer any events or webinars? Please respond soon.,OTHER
4982,"good morning, i see a spinning loader that never finishes on the inbox. any help would be appreciated.",TECHNICAL_ISSUE
5790,Everything on the task list is loading extremely slowly for two days.,TECHNICAL_ISSUE
3440,"Good afternoon, Please forward this message to the legal department. Please advise.",OTHER
337,Why is my account locked? I need it restored as soon as possible.,ACCOUNT_ACCESS
4584,Product idea: let us set reminders on tasks. Thank you,FEATURE_REQUEST
4177,"Hello support, How do I use the task list to set up my workspace for the first time? Please advise.",HOW_TO_SUPPORT
595,where is your company located? please advise.,OTHER
7310,"Hi, We really need a favorites list on the admin console, please consider it.",FEATURE_REQUEST
8646,A pop up with a error 500 appears every time I try to save.,TECHNICAL_ISSUE
8534,My payment was successful but my subscription is still inactive. Any help would be appreciated.,BILLING_PAYMENT
691,i have a question abuot your service. please respond soon.,OTHER
7692,"Add bulk actions please, it is missing from the reports page.",FEATURE_REQUEST
2435,is your service available in the uae?,OTHER
5778,The dashboard numbers are wrong and do not match the raw data.,TECHNICAL_ISSUE
4170,"Hello, I got a new phone and my authenticator app no longer works, so I cannot log in.",ACCOUNT_ACCESS
6143,Suggestion: allow users to duplicate an entire project. Any help would be appreciated.,FEATURE_REQUEST
7748,Please forward this message to the partnerships team. Let me know what to do.,OTHER
2142,"Hi, I downgraded to the Premium plan but I was still billed the higher price.",BILLING_PAYMENT
9957,"Greetings, I downgraded to the Pro plan but I was still billed the higher price.",BILLING_PAYMENT
3298,"Good afternoon, Product idea: let us use the product without an internet connection",FEATURE_REQUEST
5769,Any documentation on how to download a report? Let me know what to do.,HOW_TO_SUPPORT
4421,Can you build offline mode into the workspace? Many users would benefit. Please respond soon.,FEATURE_REQUEST
6996,"Hey, I am not sure who to ask about this.",OTHER
1817,"Hi there, Please stop future charges to my card and cancel my subscription.",BILLING_PAYMENT
7304,Where can I find the integration settings,HOW_TO_SUPPORT
9143,My team would love to have custom themes. Is it on the roadmap? Thanks in advance.,FEATURE_REQUEST
751,"Hi, The system says the Word document format is not supported even though it is valid.",TECHNICAL_ISSUE
5682,Do you have a tutorial on how to add a comment to a task?,HOW_TO_SUPPORT
1048,A pop up with a generic error message appears every time I try to save.,TECHNICAL_ISSUE
8558,"Hello team, I forgot the email I used to register and cannot get into my account. Thanks in advance.",ACCOUNT_ACCESS
5446,Is your service available in India?,OTHER
485,I would like a refund for the $24.99 charge for my annual plan.,BILLING_PAYMENT
5910,Would it be possible to use the product without an internet connection? That would save us a lot of time. Thanks.,FEATURE_REQUEST
3436,"Hello support, The app freezes when I try to import a large JPEG photo. Let me know what to do.",TECHNICAL_ISSUE
7953,"Hello team, Charts on the inbox do not load.",TECHNICAL_ISSUE
2070,Can someone explain how to use the profile page?,HOW_TO_SUPPORT
9443,"Just started using the product, need to know how to rename a project.",HOW_TO_SUPPORT
8514,"Hello support, I was charged $120 for a plan I never upgraded to.",BILLING_PAYMENT
114,I would like a refund for the $24.99 charge this week.,BILLING_PAYMENT
6951,An option for a calendar view would make the product much better.,FEATURE_REQUEST
328,"Hello team, Would it be possible to sort the list by multiple columns? That would save us a lot of time.",FEATURE_REQUEST
9448,It would be nice to have single sign-on. Please help.,FEATURE_REQUEST
3804,My session logs me out immediately after I sign in. Please advise.,ACCOUNT_ACCESS
9734,I saw your ad and want to learn more. Thanks a lot.,OTHER
7344,"Hello team, The mobile app does not display anything after the latest update.",TECHNICAL_ISSUE
6152,"Hi there, Do you offer any events or webinars? Please advise.",OTHER
1138,Are you currently hiring? Thanks a lot.,OTHER
8993,The reset link does nothing when I click it. Thanks a lot.,ACCOUNT_ACCESS
9532,I am unable to sign in to my account an hour ago. Thanks.,ACCOUNT_ACCESS
5977,Could you please implement two-factor authentication in a coming update? Thank you.,FEATURE_REQUEST
2124,"Hi there, Charts on the search page do not load.",TECHNICAL_ISSUE
5657,Can you send me some inforamtion about what you offer?,OTHER
8964,The application crashes when I click submit.,TECHNICAL_ISSUE
9500,I have a question about your service. Please help.,OTHER
2610,"Hi there, Please get back to me when you can, I have a few questions.",OTHER
2636,"Good afternoon, I am writing to ask about internship opportunities. Please help.",OTHER
2881,"Hi, Please reset my account access, I cannot get past the login screen.",ACCOUNT_ACCESS
1993,"Hey, Please refund my last payment, I did not use the service at all. Let me know what to do.",BILLING_PAYMENT
8841,"Dear support team, My PayPal payment failed but the money left my account.",BILLING_PAYMENT
278,"Tahnk you for your help, everything is fine now. Please advise",OTHER
6319,the mobile app closes immediately after opening on my iphone. please advise.,TECHNICAL_ISSUE
3555,"Hello support, Test message, please ignore. Thanks.",OTHER
2251,The inbox becomes blank when I upload a PNG image.,TECHNICAL_ISSUE
2091,The workspace shows a error 404 for two days.,TECHNICAL_ISSUE
1535,"Good morning, Please add bulk actions to the team page",FEATURE_REQUEST
329,"Hello, The notifications panel becomes blank when I upload a Excel file.",TECHNICAL_ISSUE
6377,"Hi there, Can someone contact me about an issue?",OTHER
5115,"Dear support team, I cancelled my subscription weeks ago and you still took money from my account.",BILLING_PAYMENT
6546,I cannot access my project board because it says I do not have permission.,ACCOUNT_ACCESS
3451,"Hey, Please show me how to use filters on the dashboard.",HOW_TO_SUPPORT
3638,"Test message, please ignore. Let me know what to do",OTHER
1370,Suggestion: allow users to sort the list by multiple columns.,FEATURE_REQUEST
6415,"Good afternoon, It would be nice to have authenticator app support. Any help would be appreciated.",FEATURE_REQUEST
3872,Chatrs on the analytics page do not load.,TECHNICAL_ISSUE
3582,please consider adding a way to see who viewed a shared report.,FEATURE_REQUEST
35,It would be great to have a calendar view in the search page. Any help would be appreciated.,FEATURE_REQUEST
1972,"Hello, I would like to know who I should contact regarding a collaboration",OTHER
793,"Greetings, I would like instructions on how to change my password from the settings page. Thanks.",HOW_TO_SUPPORT
4240,"Hello, I would like instructions on how to duplicate a project.",HOW_TO_SUPPORT
3265,"Hey, Is your service available in Germany?",OTHER
600,"Payment status says pending for days, and my subscription is still not active. Thanks",BILLING_PAYMENT
2565,Images are not displaying correctly on the workspace in Opera.,TECHNICAL_ISSUE
445,"Hi team, Please show me how to use filters on the dashboard. Regards.",HOW_TO_SUPPORT
7212,"Good afternoon, Where is your company located? Thank you.",OTHER
1769,"Test message, please ignore. Regards.",OTHER
39,Could someone give me an overivew of what your company does?,OTHER
4957,"Hey, What is the easiest way to link my account to Slack?",HOW_TO_SUPPORT
1392,"Hi team, Just started using the product, need to know how to pin a dashboard as my home page.",HOW_TO_SUPPORT
6074,What are the steps to archive old projects?,HOW_TO_SUPPORT
8282,"Hey, I think I sent this to the wrong place, who is the right contact?",OTHER
179,"Hello support, I need to talk to someone but I do not know what to select. Please respond soon.",OTHER
8884,A pop up with a something went wrong message appears every time I try to delete.,TECHNICAL_ISSUE
4893,Why was I billed $29 when my plan should be cheaper?,BILLING_PAYMENT
6785,I saw your ad and want to learn more. Please help.,OTHER
4332,Please let us export project lists to Google Sheets.,FEATURE_REQUEST
6329,"Good morning, How can I make a teammate an admin? Regards.",HOW_TO_SUPPORT
8094,Are you currently hiring? Please respond soon.,OTHER
2214,"hi there, i cannot access my profile page because it says i do not have permission.",ACCOUNT_ACCESS
7863,"Hi, The API returns a 502 bad gateway when I call the endpoint.",TECHNICAL_ISSUE
8668,"Dear support team, Data I entered yesterday disappeared from the billing page.",TECHNICAL_ISSUE
9970,"Good morning, Please forward this message to sales.",OTHER
2186,"Good afternoon, Please show me how to cerate a new project.",HOW_TO_SUPPORT
350,"Hello, Why is my account disabled? I have a deadline today.",ACCOUNT_ACCESS
1537,"I got a new phone and my authenticator app no longer works, so I cannot log in. Please respond soon.",ACCOUNT_ACCESS
127,"just started using the product, need to know how to change my time zone. thanks a lot.",HOW_TO_SUPPORT
3874,"Hello team, I need to updtae the billing address on my invoice. Please respond soon.",BILLING_PAYMENT
9795,The exported PDF is corrupted and cannot be opened.,TECHNICAL_ISSUE
5,My card was charged twice for this month.,BILLING_PAYMENT
2389,I downgraded to the monthly plan but I was still billed the higher price.,BILLING_PAYMENT
4142,Please add support for exporting to XML and also keyboard shortcuts.,FEATURE_REQUEST
3952,How do I add a comment to a task? Please help.,HOW_TO_SUPPORT
4818,Please let us export project lists to PowerPoint.,FEATURE_REQUEST
425,Why was I billed $249 when my plan should be cheaper? Regards.,BILLING_PAYMENT
6128,I cannot log in for a week.,ACCOUNT_ACCESS
809,"dear support team, my card was charged twice this month.",BILLING_PAYMENT
7856,"Dear support team, Can you build a search bar into the project board? Many users would benefit",FEATURE_REQUEST
4218,"I am new here, how do I create a template?",HOW_TO_SUPPORT
9370,The password I created during sign up is not accepted at login. Thank you.,ACCOUNT_ACCESS
8651,"Dear support team, I cannot access my analytics page because it says I do not have permission.",ACCOUNT_ACCESS
8059,"Hi team, I get a error code 403 when I try to submit on the workspace. Thank you.",TECHNICAL_ISSUE
387,product idea: let us duplicate an entire project. please respond soon.,FEATURE_REQUEST
1832,The reports page shows a timeout error for a week.,TECHNICAL_ISSUE
5079,"Unable to sign in on Edge, it just keeps reloading the login page.",ACCOUNT_ACCESS
1703,Why is my account disabled? I cannot reach my data. Regards.,ACCOUNT_ACCESS
9322,I was charged EUR 39 last month but I expected a different amount. Any help would be appreciated.,BILLING_PAYMENT
4041,"Please reset my account access, I cannot get past the login screen. Please respond soon.",ACCOUNT_ACCESS
87,The loign page keeps redirecting me back to the sign in screen.,ACCOUNT_ACCESS
4486,Can you walk me through how to set up my workspace for the first time?,HOW_TO_SUPPORT
4561,"Hi there, My payment keeps failing at checkout even though my card is valid. Please advise.",BILLING_PAYMENT
3262,"Greetings, I was charged after my free trial ended without any reminder. Thank you",BILLING_PAYMENT
994,"Hello team, Product idea: let us customize the dashboard layout",FEATURE_REQUEST
4628,the upload button does nothing on the task list.,TECHNICAL_ISSUE
1238,It would be great to have drag and drop in the team page.,FEATURE_REQUEST
9639,"The website does not work properly in Opera, but it is fine in another browser.",TECHNICAL_ISSUE
8107,I am trying to create a template but I cannot find the option. Where is it?,HOW_TO_SUPPORT
454,"Dear support team, I cancelled my subscription weeks ago and you sitll took money from my account.",BILLING_PAYMENT
9150,"Dear support team, The discount promised to me is not reflected on my bill. Please help.",BILLING_PAYMENT
9625,Images are not displaying correctly on the analytics page in Chrome.,TECHNICAL_ISSUE
4928,Where can I find the notfiication settings?,HOW_TO_SUPPORT
7858,"Good afternoon, My PayPal payment failed but the money left my account. Thanks in advance.",BILLING_PAYMENT
1622,"Good afternoon, Is it possible to create a template? I cannot find where.",HOW_TO_SUPPORT
9647,It would be useful to receive weekly performance summaries by email.,FEATURE_REQUEST
1735,"Hi, I have some questions about your company bfeore I proceed.",OTHER
6217,"Hello support, Please credit my account for the payment error this quarter. Any help would be appreciated.",BILLING_PAYMENT
7485,"Good morning, Is there a guide that shows how to pin a dashboard as my home page?",HOW_TO_SUPPORT
8443,The download link gives a generic error message instead of the file. Let me know what to do.,TECHNICAL_ISSUE
916,Charts on the project board do not load.,TECHNICAL_ISSUE
2022,The login page keeps redirecting me back to the sign in screen. Please help.,ACCOUNT_ACCESS
4119,"Hey, Is your service available in Sri Lanka?",OTHER
2661,"hello, the calendar becomes blank when i upload a spreadsheet.",TECHNICAL_ISSUE
3117,"Good afternoon, I was charged $49 for a plan I never upgraded to.",BILLING_PAYMENT
9755,"Good morning, The reset link does nothing when I click it",ACCOUNT_ACCESS
546,It would be great if we could see who viewed a shared report. Please respond soon.,FEATURE_REQUEST
2478,My payment was successful but my subscription is still inactive. Let me know what to do.,BILLING_PAYMENT
8276,Please show me how to download a report. Any help would be appreciated.,HOW_TO_SUPPORT
4527,"Hey, Just started using the product, need to know how to add a comment to a task",HOW_TO_SUPPORT
5387,It would be great to have a search bar in the workspace.,FEATURE_REQUEST
7899,I get a something went wrong message when I try to share on the calendar. Please advise.,TECHNICAL_ISSUE
2196,"Hi team, Where is your company located? Thanks.",OTHER
6241,I have some questions about your company beofre I proceed.,OTHER
8233,"Hi team, Not sure how to change the language of the interface, can you point me to the right help article?",HOW_TO_SUPPORT
5988,"hello support, please stop future charges to my card and cacnel my subscription. any help would be appreciated.",BILLING_PAYMENT
5482,Could you tell me how to make a teammtae an admin? Please respond soon.,HOW_TO_SUPPORT
8592,"Good morning, I would like to get in touch with your press team.",OTHER
7861,"please unlock my account, i entered the wrong password several times. thanks in advance.",ACCOUNT_ACCESS
6803,Do you support customers based in the United Kingdom? Thanks a lot,OTHER
4978,"Good morning, What are your business hours?",OTHER
3447,"Greetings, The analytics page becomes blank when I upload a JPEG photo.",TECHNICAL_ISSUE
2352,my renewal payment failed and now my subscription shows as past due. please advise.,BILLING_PAYMENT
7452,Please let us export tables to XML.,FEATURE_REQUEST
3104,What is the easiest way to set up my workspace for the first time?,HOW_TO_SUPPORT
9078,"Hi, Can you walk me through how to make a teammate an admin? Any help would be appreciated.",HOW_TO_SUPPORT
9169,"Hello team, I need to update the billing address on my invoice.",BILLING_PAYMENT
9236,Why is my account deactivated? I have a deadline today.,ACCOUNT_ACCESS
7024,"Hey, My credit card was declined but my bank says there is no problem. Please help.",BILLING_PAYMENT
3048,can you send me an invoice for the $29 payment? let me know what to do.,BILLING_PAYMENT
8249,I was billed EUR 39 twice for the same subscription. Please advise.,BILLING_PAYMENT
6492,Images are not displaying correctly on the notifications panel in Opera.,TECHNICAL_ISSUE
5860,Could you add a mobile widget to the analytics page?,FEATURE_REQUEST
3042,"Hello support, I am writing to ask about internship opportunities.",OTHER
5831,"Thank you for your help, everything is fine now.",OTHER
6126,"Good morning, The VAT number is missing from my invoice.",BILLING_PAYMENT
6182,"Hey, Any documentation on how to change the date format?",HOW_TO_SUPPORT
1755,"Greetings, I cannot log into my account, it says the email address is not registered but I have used it before. Regards.",ACCOUNT_ACCESS
4335,It would be useful to receive monthly activity reports by email.,FEATURE_REQUEST
8750,I cannot recover my account because the security questions are not working. Please respond soon,ACCOUNT_ACCESS
7207,I need a corrected invoice with our new company address. Any help would be appreciated.,BILLING_PAYMENT
8363,"Hello, Please get back to me when you can, I have a few questions. Thanks.",OTHER
1791,"Hi, My session logs me out immediately atfer I sign in.",ACCOUNT_ACCESS
8992,Please add a favorites list to the settings page.,FEATURE_REQUEST
9033,Can someone contact me about an issue? Please respond soon,OTHER
1732,Could you add an option to export contact lists as JSON?,FEATURE_REQUEST
2391,Why is my account deactivated? I need access urgently.,ACCOUNT_ACCESS
6553,How do I use the admin console to invite a member to my workspace?,HOW_TO_SUPPORT
2266,"Hello team, Can someone explain how to use the reports page? Please help.",HOW_TO_SUPPORT
2756,I am unalbe to sign in to my account since the latest update,ACCOUNT_ACCESS
2147,"Hi there, Test message, please ignore.",OTHER
8329,"Hello team, What are the steps to change my password from the settings page?",HOW_TO_SUPPORT
5450,Can you send me an invocie for the $29 payment? Thanks in advance.,BILLING_PAYMENT
9674,"Good afternoon, I was removed from the workspace by mistake and cannot get back in. Thanks in advance.",ACCOUNT_ACCESS
1038,Video previews will not play in the profile page.,TECHNICAL_ISSUE
9864,Everything works on my computer but the project board crashes on my Windows laptop.,TECHNICAL_ISSUE
6837,"Hey, I would like instructions on how to remove a user from my team",HOW_TO_SUPPORT
8637,It would be useful to receive weekly email digests by email.,FEATURE_REQUEST
8928,"We really need an undo button on the workspace, please consider it.",FEATURE_REQUEST
7671,Uploading a Word document gets stuck at 1 percent and never finishes. Please help.,TECHNICAL_ISSUE
9779,"Hi team, I paid for the Staretr plan but my account still shows the free tier.",BILLING_PAYMENT
3849,"Hi there, Where can I change my saved filters?",HOW_TO_SUPPORT
1521,Can you build auto save into the search page? Many users would benefit. Please respond soon,FEATURE_REQUEST
3360,"Hello team, My payment keeps failing at checkout even though my card is valid. Thanks.",BILLING_PAYMENT
630,"Good morning, Unable to sign in on Safari, it just keeps reloading the login page.",ACCOUNT_ACCESS
3487,"Hey, The verification step keeps failing when I try to sign in, since the latest update. Let me know what to do.",ACCOUNT_ACCESS
6737,"Hello team, I was charged $99 for a plan I never upgraded to",BILLING_PAYMENT
4835,"Good afternoon, Is your service available in Brazil",OTHER
6755,What is the easiest way to upload a company logo?,HOW_TO_SUPPORT
5319,"Greetings, Can I know more about your service before deciding? Any help would be appreciated.",OTHER
2717,Data I entered yesterday disappeared from the mobile app.,TECHNICAL_ISSUE
4419,Product idea: let us tag items with labels.,FEATURE_REQUEST
4214,It would be great to have custom themes in the project board.,FEATURE_REQUEST
391,I get a error 500 when I try to save on the search page.,TECHNICAL_ISSUE
3,The password reset email never arrives in my inbox.,ACCOUNT_ACCESS
5576,Which menu do I use to print a report? Regards,HOW_TO_SUPPORT
8021,"Please add a Trello integration, our whole team uses it.",FEATURE_REQUEST
580,Do you have a tutorial on how to use filters on the dashboard? Let me know what to do.,HOW_TO_SUPPORT
4227,"Please send biweekly usage summaries to my inbox automatically, it would help a lot. Please help.",FEATURE_REQUEST
8145,How do I use the billing page to remove a user from my team?,HOW_TO_SUPPORT
6792,I would love to see an integration with Jira.,FEATURE_REQUEST
3946,"Hello, I wuold love to see an integration with GitHub.",FEATURE_REQUEST
8092,The app crashes every time I try to share.,TECHNICAL_ISSUE
3092,"Dear support team, Unable to sign in on Edge, it just keeps reloading the login page.",ACCOUNT_ACCESS
2573,The settings page is very slow and keeps freezing on my iPad.,TECHNICAL_ISSUE
4966,"Hi, The invoice shows the wrong company name, pelase correct it. Thank you.",BILLING_PAYMENT
2540,My account is frozen and I need it restored as soon as possible.,ACCOUNT_ACCESS
5310,Can someone explain how to use the dashboard? Please help.,HOW_TO_SUPPORT
7173,How do I use the team page to rename a project?,HOW_TO_SUPPORT
1878,"We really need offline mode on the admin console, please consider it.",FEATURE_REQUEST
3134,Thanks for the great support last week! Regards.,OTHER
2168,"Good afternoon, My colleague left the company and I need access to the admin account.",ACCOUNT_ACCESS
1463,"Good morning, I downgraded to the Basic plan but I was still billed the higher price. Please respond soon.",BILLING_PAYMENT
8064,"Hey, Can I pay by bank transfer instead of card? My card keeps getting declined.",BILLING_PAYMENT
1187,"Hello team, Thanks for the great support last week! Let me know what to do.",OTHER
4916,I see a spinning loader that never finishes on the dashboard. Any help would be appreciated.,TECHNICAL_ISSUE
8718,Can someone explain how to use the settings page?,HOW_TO_SUPPORT
72,I downgraded to the Team plan but I was still billed the higher price. Any help would be appreciated.,BILLING_PAYMENT
655,"Account recovery is not working, the security code is not being sent.",ACCOUNT_ACCESS
2945,Would you consider adding a Google Calendar connection to your product?,FEATURE_REQUEST
2442,There is an unknown charge of $149 from your company on my bank statement.,BILLING_PAYMENT
7534,"We really need a compact layout on the admin console, please consider it",FEATURE_REQUEST
9172,"Good afternoon, I would like instructions on how to archive old projects.",HOW_TO_SUPPORT
5670,"Dear support team, What are the steps to use filters on the dashboard?",HOW_TO_SUPPORT
4462,Feature request: bulk actions.,FEATURE_REQUEST
2530,"Hello, The application crashes when I click print.",TECHNICAL_ISSUE
6301,What is the easiest way to invite a member to my workspace? Thank you.,HOW_TO_SUPPORT
3556,"Hi, File uploads stay stuck at zero percent.",TECHNICAL_ISSUE
506,I am not able to log in from my iPhone but it works on my computer. Thanks in advance.,ACCOUNT_ACCESS
2533,my team would love to have saved views. is it on the roadmap? thanks in advance.,FEATURE_REQUEST
3492,Data I entered yesterday disappeared from the workspace.,TECHNICAL_ISSUE
3379,Everything on the notifications panel is loading extremely slowly for the past few days.,TECHNICAL_ISSUE
7592,"Hello team, Hello, is aynone there?",OTHER
4859,"Hi, I never received the login code, I already checked my spam folder.",ACCOUNT_ACCESS
38,"Hi there, Where can I find the display name?",HOW_TO_SUPPORT
7777,"The invoice shows the wrong company name, please correct it. Please advise.",BILLING_PAYMENT
8602,"Hey, I am unalbe to sign in to my account for two days",ACCOUNT_ACCESS
2455,"Hi there, I need help but I am not sure which option applies.",OTHER
8205,Can you send me an invoice for the $99 payment,BILLING_PAYMENT
8215,I would like more information before I create an account. Let me know what to do.,OTHER
4800,The page never finishes loading and only shows a timeout error.,TECHNICAL_ISSUE
651,"Hey, I represent a media outlet and want to reach out to the press team. Please respond soon.",OTHER
9291,Could someone give me an overview of what your company does?,OTHER
6966,"Good morning, My colleague left the company and I need access to the admin account. Thanks.",ACCOUNT_ACCESS
5189,"Hello support, I was charged $19 yetserday but I expected a different amount.",BILLING_PAYMENT
5719,The page never finishes loading and only shows a error code 403.,TECHNICAL_ISSUE
8117,"i never received the activation email, i already checked my spam folder. regards.",ACCOUNT_ACCESS
9542,it would be great to have a search bar in the dashboard.,FEATURE_REQUEST
7458,"Dear support team, What are your business hours? Any help would be appreciated.",OTHER
9942,"Hi there, Images are not displaying correctly on the inbox in Firefox.",TECHNICAL_ISSUE
4499,I am getting a timeout error whenever I open the task list.,TECHNICAL_ISSUE
529,"Hi team, Please add custom filters to the inbox.",FEATURE_REQUEST
872,I cannot log in since the latest update.,ACCOUNT_ACCESS
2143,"Hello, The app freezes when I try to delete a large PDF.",TECHNICAL_ISSUE
3704,Everything works on my computer but the project board crashes on my MacBook.,TECHNICAL_ISSUE
4865,Please add Tamil language support. Regards.,FEATURE_REQUEST
3705,The download link gives a error 404 instead of the file. Thanks a lot,TECHNICAL_ISSUE
5909,The payment went thruogh but I did not get a confirmation and my account is not upgraded.,BILLING_PAYMENT
461,I need to change the credit card used for my subscription payments.,BILLING_PAYMENT
9408,I am stuck in a loop where the site asks me to verify my email again and again. Please respond soon,ACCOUNT_ACCESS
9069,"Hi team, Can you help me regain access to my account? I cannot do my work.",ACCOUNT_ACCESS
7731,I changed my email address and now I cannot access my account. Thank you.,ACCOUNT_ACCESS
5282,Is your service available in France? Thanks a lot.,OTHER
7619,the application crashes when i click export. thanks.,TECHNICAL_ISSUE
151,"Hello team, I want to report something that does not fit any category. Let me know what to do.",OTHER
2687,The API returns a something went wrong message when I call the endpoint.,TECHNICAL_ISSUE
9452,I see a spinning loader that never finishes on the notifications panel. Any help would be appreciated.,TECHNICAL_ISSUE
7850,"Hi team, Could you add an option to export charts as XML?",FEATURE_REQUEST
1373,"Hello, I lost my phone and cannot receive the verification code to sign in.",ACCOUNT_ACCESS
8318,My payment keeps failing at checkout even though my card is valid. Regards.,BILLING_PAYMENT
6264,There is a bug where the team page shows duplicate entries after I share.,TECHNICAL_ISSUE
4900,"Hello support, I am not sure who to ask about this. Thanks a lot.",OTHER
2175,My team would love to have a compact layout. Is it on the roadmap? Thank you.,FEATURE_REQUEST
2068,"Please send biweekly progress reports to my inbox automatically, it would help a lot.",FEATURE_REQUEST
3141,I would like isntructions on how to add a comment to a task.,HOW_TO_SUPPORT
330,i cannot log in since monday. thanks a lot.,ACCOUNT_ACCESS
1714,"Dear support team, I am locked out after too many failed login attempts.",ACCOUNT_ACCESS
3568,"Hey, I have been overcharged last month, please look into my billing. Thanks in advance",BILLING_PAYMENT
9371,could you tell me how to import contacts from a csv file?,HOW_TO_SUPPORT
9993,I am not sure who to ask about this. Thanks.,OTHER
6125,"Hello, Where do I go in the inbox to change my notification settings? Any help would be appreciated.",HOW_TO_SUPPORT
6343,Do you support customers based in the United Kingdom?,OTHER
9237,Please add support for exporting to Excel and also keyboard shortcuts.,FEATURE_REQUEST
2363,"Hi, Can I get a call back from someone on your team? Please respond soon.",OTHER
180,"Greetings, The confirmation email takes forever to arrive and then it has expired.",ACCOUNT_ACCESS
4320,Text is cut off and overlapping on the project board on my iPhone.,TECHNICAL_ISSUE
9757,Can you walk me through how to change my password from the settings page? Thanks in advance.,HOW_TO_SUPPORT
4158,Why did the price of my Pro plan go up?,BILLING_PAYMENT
2106,My card was charged three times on the first of the month.,BILLING_PAYMENT
9518,Images are not displaying correctly on the calendar in Brave.,TECHNICAL_ISSUE
4729,"Greetings, I am locked out after too many failed login attempts. Thanks a lot",ACCOUNT_ACCESS
9432,"Dear support team, Hello, is anyone there?",OTHER
7039,Any documentation on how to set up my workspace for the first time?,HOW_TO_SUPPORT
341,"Good morning, Do you offer any events or webinars? Regards.",OTHER
2284,it would be helpful if the workpsace supported offline mode.,FEATURE_REQUEST
6065,"Hello support, I want to switch to annual billing to get the discount, how is the payment handled? Please respond soon.",BILLING_PAYMENT
9626,"Hello team, The password reset email never arrives in my inbox.",ACCOUNT_ACCESS
8562,"Hi, Thank you for your help, everything is fine now. Please respond soon.",OTHER
5931,Video previews will not play in the workspace.,TECHNICAL_ISSUE
3620,"Hello, The sync between my devices has stopped working.",TECHNICAL_ISSUE
2931,Can I pay by bank transfer instead of card? My card keeps getting declined. Please advise,BILLING_PAYMENT
502,My account has been frozen and I do not know why.,ACCOUNT_ACCESS
1198,It would be useful to recevie daily email digests by email.,FEATURE_REQUEST
1910,"Dear support team, I would like more information before I create an account.",OTHER
9247,"Hi there, The two-factor code is rejected every time I try to sign in.",ACCOUNT_ACCESS
2899,"Hi, My payment was successful but my subscrpition is still inactive.",BILLING_PAYMENT
5064,"greetings, i have a question about your service.",OTHER
3279,"Dear support team, I have a question about your service. Any help would be appreciated.",OTHER
9749,Images are not displaying correctly on the analytics page in Edge.,TECHNICAL_ISSUE
4562,The billing page does not display anything after the latest update.,TECHNICAL_ISSUE
9939,Can you explain how to turn on email alerts? Thank you.,HOW_TO_SUPPORT
394,"Good morning, I was billed $249 twice for the same subscription.",BILLING_PAYMENT
6580,Can I know more about your service before deciding? Please help.,OTHER
1775,i get a something went wrong message when i try to refresh on the settings page.,TECHNICAL_ISSUE
390,The activation email never arirves in my inbox,ACCOUNT_ACCESS
6212,"Greetings, The mobile app closes immediately after opening on my iPad.",TECHNICAL_ISSUE
3000,The analytics page shows a error code 403 since Monday.,TECHNICAL_ISSUE
3919,"Good morning, The website does not work properly in Chrome, but it is fine in another browser.",TECHNICAL_ISSUE
1261,i changed my phone number and now i cannot get the login code. thanks.,ACCOUNT_ACCESS
2257,I cannot sign in with my Google account anymore. Any help would be appreciated.,ACCOUNT_ACCESS
3900,Can someone explain how to use the project board?,HOW_TO_SUPPORT
7104,Could you tell me how to set up my workspace for the first time?,HOW_TO_SUPPORT
1,I cannot log in after resetting my password.,ACCOUNT_ACCESS
6709,"Hey, It would be nice to have two-factor authentication.",FEATURE_REQUEST
4725,I am locked out after too many failed login attempts. Let me know what to do.,ACCOUNT_ACCESS
2190,I would like the option to duplicate an entire project in a future release.,FEATURE_REQUEST
8190,"Hello team, Please unlock my account, I entered the wrong password several times.",ACCOUNT_ACCESS
3444,Is there somoene I can meet in person to talk about your product,OTHER
1623,"Dear support team, Can you build saved views into the billing page? Many users would benefit.",FEATURE_REQUEST
4367,How do I use the notifications panel to change my display name?,HOW_TO_SUPPORT
7153,My card was charged twice on the first of the month. Regards.,BILLING_PAYMENT
7965,"Hello team, Images are not displaying correctly on the settings page in Brave.",TECHNICAL_ISSUE
7923,Someone changed my password and I no longer have access to my account.,ACCOUNT_ACCESS
334,"Hello support, Why was I billed $249 when my plan should be cheaper?",BILLING_PAYMENT
7305,"Hey, Would you consider adding a GitHub connection to your product?",FEATURE_REQUEST
4259,I would like a refund for the $120 charge for my annual plan.,BILLING_PAYMENT
311,"Hi team, The payment page rejects my card and I cannot renew my Premium plan.",BILLING_PAYMENT
1887,"Hello, The site is down for me, I only see a server error.",TECHNICAL_ISSUE
8575,"Hello, I want a refund because I was billed after cancelling. Please respond soon.",BILLING_PAYMENT
7195,"Good afternoon, Where do I go in the task list to change my profile information?",HOW_TO_SUPPORT
2454,"Hi team, Would you consider adding a Jira connection to your product?",FEATURE_REQUEST
8856,"I am new here, how do I remove a user from my team?",HOW_TO_SUPPORT
3322,"Good afternoon, The export button does nothing on the analytics page. Please advise.",TECHNICAL_ISSUE
5147,The page keeps refreshing by itself and I lose what I typed. Thank you.,TECHNICAL_ISSUE
9533,"Hi team, Please add support for exporting to JSON and also a compact layout",FEATURE_REQUEST
7918,"Hello, Any documentation on how to assign a task to a colleague?",HOW_TO_SUPPORT
2738,My card was charged three times for March. Please help.,BILLING_PAYMENT
7396,"Hello, Please add a mobile widget to the notifications panel.",FEATURE_REQUEST
1290,"greetings, i get an access denied message when i try to open my workspace. thanks.",ACCOUNT_ACCESS
5449,"Hi, My session logs me out immediately after I sign in.",ACCOUNT_ACCESS
270,"Hi team, Do you have a tutorial on how to remove a user from my team? Thank you.",HOW_TO_SUPPORT
3009,"We really need drag and drop on the profile page, please consider it.",FEATURE_REQUEST
9227,"hello team, i cannot sign in with my google account anymore. thanks.",ACCOUNT_ACCESS
5618,"Greetings, Everything on the reports page is loading extremely slowly an hour ago.",TECHNICAL_ISSUE
2054,"hello, hello, is anyone there?",OTHER
4497,the exported spreadsheet is corrputed and cannot be opened.,TECHNICAL_ISSUE
3078,"hello support, just staretd using the product, need to know how to assign a task to a colleague.",HOW_TO_SUPPORT
8408,"Hi there, I would like to get in touch with a manager. Let me know what to do.",OTHER
6953,"Hello support, I cannot recover my account because the security questions are not working.",ACCOUNT_ACCESS
2250,"Hello, The workspace shows a timeout error sicne yesterday.",TECHNICAL_ISSUE
936,"Hello team, After I reset my password the new one is not accepted",ACCOUNT_ACCESS
7809,"Hi team, I would like to get in touch with a manager.",OTHER
9194,"Hi team, I forgot my password and the reset link says it has expired. Please help.",ACCOUNT_ACCESS
1796,"good afternoon, i was billed $14 twice for the same subscription.",BILLING_PAYMENT
7807,Please forward this message to your security team. Please advise.,OTHER
4641,"dear support team, the site is down for me, i only see a error 500.",TECHNICAL_ISSUE
3239,My card was charged twice this week.,BILLING_PAYMENT
8309,I was billed EUR 15 twice for the same subscription.,BILLING_PAYMENT
1378,The payemnt page rejects my card and I cannot renew my monthly plan. Please respond soon.,BILLING_PAYMENT
928,i would like the option to add custom fields to every project in a future release. let me know what to do.,FEATURE_REQUEST
7483,I need to change the credit card used for my subscription payments. Regards.,BILLING_PAYMENT
4501,"just started using the product, need to know how to turn on email alerts. thanks.",HOW_TO_SUPPORT
4220,Is it possible to rename a project? I cannot find where.,HOW_TO_SUPPORT
9663,Please credit my account for the payment erorr last month.,BILLING_PAYMENT
3842,The discount promised to me is not reflected on my bill.,BILLING_PAYMENT
5104,"Hi team, Why is my account deactivated? I need it restored as soon as possible.",ACCOUNT_ACCESS
3827,Could you tell me how to merge duplicate entries?,HOW_TO_SUPPORT
2808,I was billed $24.99 twice for the same subscription. Let me know what to do,BILLING_PAYMENT
5849,The search page shows a error 404 for a week.,TECHNICAL_ISSUE
4035,"Hello support, The notifications panel is very slow and keeps freezing on my work computer.",TECHNICAL_ISSUE
260,"Hi team, The reports page does not display anything after the latest update.",TECHNICAL_ISSUE
4514,I need a receipt for my payment this quarter for tax purposes. Thanks in advance.,BILLING_PAYMENT
195,"Good morning, I think I sent this to the wrong place, who is the rgiht contact?",OTHER
8240,I need help but I am not sure which option applies. Let me know what to do.,OTHER
3149,"Hello, I upgraded my plan but the charge shows the wrong amount. Thank you.",BILLING_PAYMENT
6597,How do I duplicate a project? Thanks.,HOW_TO_SUPPORT
4282,"Hi, I forgot the email I used to register and cannot get into my account.",ACCOUNT_ACCESS
1410,Can you build version history into the analytics page? Many users would benefit. Thanks in advance.,FEATURE_REQUEST
9918,Where can I change my time zone settings?,HOW_TO_SUPPORT
9872,"Just started using the product, need to know how to print a report.",HOW_TO_SUPPORT
1839,I would like instructions on how to download a report. Let me know what to do.,HOW_TO_SUPPORT
3313,"Hi, Please add support for exporting to Excel and also a search bar.",FEATURE_REQUEST
8124,The download link gives a error 404 instead of the file. Regards.,TECHNICAL_ISSUE
6554,I need a receipt for my payment this quarter for tax purposes.,BILLING_PAYMENT
8432,"Hello team, How can I change my time zone?",HOW_TO_SUPPORT
8278,"Hi team, I am unable to sign in to my account since Monday.",ACCOUNT_ACCESS
4267,My username is not recognized on the loign page.,ACCOUNT_ACCESS
5805,"Hello support, The download link gives a timeout error instead of the file",TECHNICAL_ISSUE
5971,"There is a mistake in my latest invoice, the total does not match the plan price. Let me know what to do.",BILLING_PAYMENT
3389,"Hello team, The dashboard numbers are wrong and do not match the raw data.",TECHNICAL_ISSUE
9048,Could you add an option to export invoices as XML?,FEATURE_REQUEST
376,My team wuold love to have keyboard shortcuts. Is it on the roadmap,FEATURE_REQUEST
2718,Could you please implement login alerts by email in a coming update?,FEATURE_REQUEST
7181,"Hello support, I would like to get in touch with your press team.",OTHER
3288,"Good afternoon, I am a student working on a school project about your product, who can I talk to?",OTHER
8409,There is a bug where the search page shows duplicate entries after I upload. Thanks in advance.,TECHNICAL_ISSUE
7138,Text is cut off and overlapping on the profile page on my Windows laptop.,TECHNICAL_ISSUE
434,Can you send me an invoice for the $14 payment?,BILLING_PAYMENT
4631,It would be great to have keyboard shortcuts in the billing page.,FEATURE_REQUEST
1286,The publish button does nothing on the profile page.,TECHNICAL_ISSUE
4315,"Hi, Are you currently hiring? Thanks a lot.",OTHER
8288,Please forward this message to sales. Please advise.,OTHER
3014,Sign in with single sign-on fails and shows an unauthorized message. Let me know what to do.,ACCOUNT_ACCESS
9431,The settings page is very slow and keeps freezing on my Linux machine. Please advise.,TECHNICAL_ISSUE
4746,"hi team, i need a corrected invoice with our new company address.",BILLING_PAYMENT
6647,"Dear support team, I got charged in the wrong currency for my monthly plan. Let me know what to do.",BILLING_PAYMENT
673,I wish the task list had custom filters.,FEATURE_REQUEST
3869,I need to change the credit card used for my subscription payments. Please help.,BILLING_PAYMENT
5293,Everything on the workspace is loading extremely slowly for the past few days. Thanks a lot.,TECHNICAL_ISSUE
7675,everything on the analytics page is loading extremely slowly for the past few days.,TECHNICAL_ISSUE
7500,I cannot log in on my tablet. Thank you.,ACCOUNT_ACCESS
9014,Text is cut off and overlapping on the task list on my tablet.,TECHNICAL_ISSUE
6589,The download button does nothing on the notifications panel.,TECHNICAL_ISSUE
5820,"Greetings, Is there someone I can meet in person to talk about your product? Please advise.",OTHER
2795,"good morning, please add a calendar view to the dashboard.",FEATURE_REQUEST
3767,Could you add an option to export invoices as Google Sheets?,FEATURE_REQUEST
5186,"I never received the activation email, I already checked my spam folder",ACCOUNT_ACCESS
9891,"Hey, The reset link does nothing when I click it.",ACCOUNT_ACCESS
9503,"Hello support, I cannot log in on my Android phone. Thanks.",ACCOUNT_ACCESS
4947,The app crashes every time I try to save. Thanks in advance.,TECHNICAL_ISSUE
292,The security code takes forever to arrive and then it has expired.,ACCOUNT_ACCESS
4166,I was charged $99 this month but I expected a different amount.,BILLING_PAYMENT
7709,"Please send daily email digests to my inbox automatically, it would help a lot.",FEATURE_REQUEST
6277,"Good morning, I want to switch to annual billing to get the discount, how is the payment handled?",BILLING_PAYMENT
4572,"Hello support, How do I add a comment to a task?",HOW_TO_SUPPORT
5402,I forgot my password and the reset link says it has expired. Regards.,ACCOUNT_ACCESS
7308,"Please add a Microsoft Teams integration, our whole team uses it. Let me know what to do",FEATURE_REQUEST
1604,I get a something went wrong message when I try to download on the mobile app.,TECHNICAL_ISSUE
8323,I need a corrected ivnoice with our new company address. Please help.,BILLING_PAYMENT
1348,I need to change the credit card used for my subscription payments. Please advise.,BILLING_PAYMENT
8738,It would be great if we could add custom fields to every project.,FEATURE_REQUEST
2021,"Dear support team, Thank you for your help, everything is fine now. Thanks a lot.",OTHER
1862,Which page lets me manage my workspace name?,HOW_TO_SUPPORT
9319,Where can I find the workspace name?,HOW_TO_SUPPORT
4208,Charts on the settings page do not load. Thanks in advance.,TECHNICAL_ISSUE
7281,Could you add a mboile widget to the calendar?,FEATURE_REQUEST
1599,My account is locked and I need access urgently. Thank you.,ACCOUNT_ACCESS
8863,Images are not displaying correctly on the team page in Edge.,TECHNICAL_ISSUE
6528,i am writing to ask about internship opportunities. thank you.,OTHER
4277,I changed my email address and now I cannot access my account. Please help.,ACCOUNT_ACCESS
4136,"Hi, What is the easiest way to restore a deleted file?",HOW_TO_SUPPORT
7490,"good afternoon, can you build a calendar view into the profile page? many users would benefit.",FEATURE_REQUEST
9739,What is the easiest way to turn on email alerts? Any help would be appreciated.,HOW_TO_SUPPORT
1266,The page never finishes loading and only shows a error 404.,TECHNICAL_ISSUE
6181,"Greetings, I am stuck in a loop where the site asks me to verify my email again and again.",ACCOUNT_ACCESS
2628,Could you add custom filters to the project board?,FEATURE_REQUEST
6034,My account is blocked and I need to get in right now. Thanks in advance.,ACCOUNT_ACCESS
6995,"Good morning, Any documentation on how to import contacts from a CSV file?",HOW_TO_SUPPORT
6177,"Please get back to me when you can, I have a few questions. Thanks a lot.",OTHER
9794,Can you explain how to print a report?,HOW_TO_SUPPORT
1180,"Hello, I forgot the email I used to register and cannot get into my account.",ACCOUNT_ACCESS
2929,I upgraded my plan but the charge shows the wrong amount. Let me know what to do.,BILLING_PAYMENT
7650,"Hello team, I want to report something that does not fit any category.",OTHER
4620,Please add a mboile widget to the notifications panel.,FEATURE_REQUEST
1936,"Hi, What are your bsuiness hours?",OTHER
1896,Please add Sinhala language support.,FEATURE_REQUEST
4178,"Hello, I cannot log in since Monday. Thank you",ACCOUNT_ACCESS
8767,"Greetings, How can I create a custom report?",HOW_TO_SUPPORT
5746,I am trying to set up my workspace for the first time but I cannot find the option. Where is it?,HOW_TO_SUPPORT
5381,how do i pin a dashboard as my home page?,HOW_TO_SUPPORT
8888,I was billed $149 twice for the same subscription. Please respond soon.,BILLING_PAYMENT
7859,"i am new here, how do i download a report? please help.",HOW_TO_SUPPORT
7991,"Hello, I want to report something that does not fit any category.",OTHER
6465,"Good morning, I upgraded my plan but the charge shows the wrong amount.",BILLING_PAYMENT
8798,Is there someone I can meet in person to talk about your product? Regards.,OTHER
2506,Can you explain how to find my activity history?,HOW_TO_SUPPORT
145,"Dear support team, Any documentation on how to link my account to Slack?",HOW_TO_SUPPORT
7549,I get an access denied message when I try to open my workspace.,ACCOUNT_ACCESS
9211,I get a timeout error when I try to save on the calendar.,TECHNICAL_ISSUE
7900,There is a bug where the search page shows duplicate entries after I save.,TECHNICAL_ISSUE
7327,"Hi, Could you add templates to the admin console?",FEATURE_REQUEST
7342,It would improve my workflow if I colud restore deleted items from a trash folder. Thank you,FEATURE_REQUEST
9209,"Hello, Could someone give me an overview of what your company does? Thank you.",OTHER
5643,Could you add a search bar to the workspace? Please respond soon.,FEATURE_REQUEST
9716,"Hi, The password reset email never arrives in my inbox. Thanks a lot.",ACCOUNT_ACCESS
8675,Is it possible to change the language of the interface? I cannot find where. Thank you.,HOW_TO_SUPPORT
7904,Which menu do I use to rename a project?,HOW_TO_SUPPORT
2466,"Hey, Please send quarterly usage summaries to my inbox automatically, it would help a lot.",FEATURE_REQUEST
4366,"Hey, I am a stduent working on a school project about your product, who can I talk to?",OTHER
1014,It would be great if we could mark items as favorites. Thank you.,FEATURE_REQUEST
241,"Hi team, Add offline mode please, it is missing from the workspace. Thank you",FEATURE_REQUEST
9318,"Hello support, I am new here, how do I upload a company logo?",HOW_TO_SUPPORT
6674,"Dear support team, I cannot log in on my tablet",ACCOUNT_ACCESS
9968,"Hey, Feature request: the ability to schedule reports in advance.",FEATURE_REQUEST
3222,Which menu do I use to pin a dashboard as my home page? Thanks in advance.,HOW_TO_SUPPORT
8270,"Hi, I am not able to log in from my work computer but it works on my computer.",ACCOUNT_ACCESS
4707,"Dear support team, I would like to get in touch with sales.",OTHER
7188,"Hi team, The SMS code never arrives in my inbox",ACCOUNT_ACCESS
774,"Good afternoon, Please add support for exporting to PowerPoint and also a mobile widget.",FEATURE_REQUEST
6910,"Hello, Which page lets me manage my integration settings?",HOW_TO_SUPPORT
8571,I was charged $149 on the first of the month but I expected a different amount.,BILLING_PAYMENT
7941,"Hey, The verification email never arrives in my inbox.",ACCOUNT_ACCESS
4077,File upolads stay stuck at zero percent.,TECHNICAL_ISSUE
7655,"Hello, Please forward this message to the careers team.",OTHER
2483,How do I pin a dashboard as my home page? Please respond soon.,HOW_TO_SUPPORT
360,"Hey, I got charged in the wrong currency for my Premium plan.",BILLING_PAYMENT
3942,Everything works on my computer but the workspace crashes on my Linux machine,TECHNICAL_ISSUE
5218,I have a general inquiry that does not fit any of the topics. Thanks.,OTHER
2317,I was charged GBP 45 yesterday but I expected a different amount.,BILLING_PAYMENT
3928,My renewal payment failed and now my subscription shows as past due. Let me know what to do.,BILLING_PAYMENT
2019,My account is blocked and I need to get in right now.,ACCOUNT_ACCESS
5105,Which menu do I use to change my time zone?,HOW_TO_SUPPORT
4043,Where can I change my language settings?,HOW_TO_SUPPORT
4670,Why is my account frozen? I need to get in right now.,ACCOUNT_ACCESS
7625,"Hello support, I have been overcharged this week, please look into my billing.",BILLING_PAYMENT
991,"Good afternoon, I was charged $99 yesterday but I expected a different amount.",BILLING_PAYMENT
8837,I want to report something that does not fit any category. Let me know what to do.,OTHER
4314,"Hi team, How did your company start? I am curious. Thanks a lot.",OTHER
2645,It would be helpful if the team page supported dark mode.,FEATURE_REQUEST
4617,"Dear support team, Account recovery is not working, the confirmation email is not being sent.",ACCOUNT_ACCESS
9012,"Please send weekly performance summaries to my inbox automatically, it would help a lot.",FEATURE_REQUEST
2834,"Hello team, Could you plaese implement authenticator app support in a coming update? Please advise.",FEATURE_REQUEST
9699,"Hi there, I would like to know who I should contact regarding a collaboration. Thank you.",OTHER
8322,"Hello support, Not sure how to duplicate a project, can you point me to the rihgt help article?",HOW_TO_SUPPORT
2335,Any plans to support German in the interface?,FEATURE_REQUEST
3510,"Dear support team, Can I pay by bank transfer instead of card? My card keeps getting declined. Thanks a lot.",BILLING_PAYMENT
7595,Where can I change my privacy settings?,HOW_TO_SUPPORT
1443,"Good morning, I was charged for extra seats that I did not add. Regards.",BILLING_PAYMENT
2477,I wish the inbox had a mobile widget,FEATURE_REQUEST
638,"Hello team, Could you add an option to export project lists as PowerPoint? Any help would be appreciated.",FEATURE_REQUEST
2911,"Hi, Data I entered yesterday disappeared from the notifications panel. Thanks a lot.",TECHNICAL_ISSUE
2372,"Hello team, I need a corrected invoice with our new company address.",BILLING_PAYMENT
1783,"Hello support, Is there someone I can meet in person to talk about your product?",OTHER
3782,Could you tell me how to transfer ownership of a workspace?,HOW_TO_SUPPORT
3997,How do I use the admin console to assign a task to a colleague?,HOW_TO_SUPPORT
8748,"Good afternoon, Any plans to support Japanese in the interface?",FEATURE_REQUEST
9551,What is the easiest way to find my activity history? Thanks a lot.,HOW_TO_SUPPORT
8980,"Hi team, I was billed $59.99 twice for the same subscription.",BILLING_PAYMENT
1323,Do you have a tutorial on how to create a template? Please advise.,HOW_TO_SUPPORT
3482,"greetings, i have been overcharged this quarter, please look into my billing. regards.",BILLING_PAYMENT
5941,"Hello, I changed my email address and now I cannot access my account. Thanks in advance.",ACCOUNT_ACCESS
3998,Feature request: the ability to see who viewed a shared report. Thanks.,FEATURE_REQUEST
1975,"Hi team, My account is suspended and I have a deadline today. Let me know what to do.",ACCOUNT_ACCESS
3632,"Hey, Suggestion: allow users to filter by date range.",FEATURE_REQUEST
7202,"Hello, Scheduled reports are not running at the set time",TECHNICAL_ISSUE
4519,"Greetings, Do you support customers based in Canada?",OTHER
8768,"Hello, The login code never arrives in my inbox.",ACCOUNT_ACCESS
6325,"Just started using the product, need to know how to add a new team member.",HOW_TO_SUPPORT
4117,"Good afternoon, Can you recommend which team I should conatct for my request?",OTHER
8852,"Hello support, Text is cut off and overlapping on the notifications panel on my tablet.",TECHNICAL_ISSUE
4500,"Hey, Where do I go in the mobile app to change my email preferences?",HOW_TO_SUPPORT
3702,The payment went trhough but I did not get a confirmation and my account is not upgraded.,BILLING_PAYMENT
3223,"Hello team, The activation email never arrives in my inbox.",ACCOUNT_ACCESS
5121,"Good afternoon, Can someone explain how to use the settings page? Thank you.",HOW_TO_SUPPORT
6774,"hi team, thank you for your help, everything is fine now. thanks in advance.",OTHER
9906,I would like a refund for the $120 charge this month.,BILLING_PAYMENT
3843,The payment page rejects my card and I cannot renew my Basic plan. Thanks in advance,BILLING_PAYMENT
6085,"Hello, The sync between my devices has stopped working. Please respond soon.",TECHNICAL_ISSUE
2445,Feature request: the ability to mark items as favorites.,FEATURE_REQUEST
3959,"Hello, Is your service available in the UAE? Regards.",OTHER
8406,"Hey, How do I use the billing page to download a report?",HOW_TO_SUPPORT
671,Uploading a ZIP file gets stuck at 10 percent and never finishes.,TECHNICAL_ISSUE
1346,"Hello support, I am not able to log in from my iPhone but it works on my computer.",ACCOUNT_ACCESS
3046,"Hi team, I cannot log in after resetting my password. Regards.",ACCOUNT_ACCESS
4595,"Hey, Add dark mode please, it is missing from the notifications panel. Thanks a lot.",FEATURE_REQUEST
142,Any documentation on how to download a report? Thanks a lot.,HOW_TO_SUPPORT
1120,"Hello support, Sign in with single sign-on fails and shows an unauthorized message. Thank you.",ACCOUNT_ACCESS
6370,My credit card was dcelined but my bank says there is no problem.,BILLING_PAYMENT
6716,Please send an invoice for my latest Team subscription payment. Regards.,BILLING_PAYMENT
8892,My team would love to have drag and drop. Is it on the roadmap?,FEATURE_REQUEST
1803,"Hi team, The site is down for me, I only see a somehting went wrong message",TECHNICAL_ISSUE
7846,"Hi team, Notifications are not being delivered to my phone.",TECHNICAL_ISSUE
9265,"Greetings, It would be great to have custom themes in the settings page.",FEATURE_REQUEST
1178,"Greetings, Plaese send quarterly email digests to my inbox automatically, it would help a lot.",FEATURE_REQUEST
7334,"Please send daily progress reports to my inbox automatically, it would help a lot.",FEATURE_REQUEST
913,"Greetings, Data I entered yesterday disappeared from the task list.",TECHNICAL_ISSUE
1860,"Greetings, The website does not work properly in Opera, but it is fine in another browser.",TECHNICAL_ISSUE
8877,i am writing to ask about internship opportunities. please respond soon.,OTHER
3655,Where can I change my workspace name?,HOW_TO_SUPPORT
4525,I was charged $9.99 last month but I expected a different amount,BILLING_PAYMENT
4080,Can you walk me through how to upload a company logo?,HOW_TO_SUPPORT
1148,"Hello, Can I know more about your service before deciding?",OTHER
7539,Where do I go in the calendar to change my integration settings,HOW_TO_SUPPORT
3160,The app freezes when I try to import a large Word document.,TECHNICAL_ISSUE
6884,"Hello, is anoyne there? Let me know what to do.",OTHER
2067,My card was charged three times for June.,BILLING_PAYMENT
6216,Is your sevrice available in Germany?,OTHER
3064,The import button does nothing on the notifications panel.,TECHNICAL_ISSUE
7390,It would be useful to receive daily activity reports by email. Please respond soon.,FEATURE_REQUEST
5799,"Good afternoon, Can you tell me more about your privacy policy?",OTHER
7892,"Please reset my account access, I cannot get past the login screen. Thanks.",ACCOUNT_ACCESS
1792,i was charged $99 for a plan i never upgraded to. thanks a lot.,BILLING_PAYMENT
3979,"I want to switch to annual billing to get the discount, how is the payment handled? Regards.",BILLING_PAYMENT
1529,"dear support team, can i get a call back from someone on your team?",OTHER
837,I wish the analytics page had custom filters.,FEATURE_REQUEST
1539,Someone changed my password and I no longer have access to my account. Please respond soon.,ACCOUNT_ACCESS
2064,Could you tell me how to rename a project?,HOW_TO_SUPPORT
9032,"Hey, My team would love to have version history. Is it on the roadmap?",FEATURE_REQUEST
4260,"Hello, I cannot log in on my tablet.",ACCOUNT_ACCESS
2493,"Greetings, Not sure how to add a comment to a task, can you point me to the right help article?",HOW_TO_SUPPORT
2307,I am getting a blank white screen whenever I open the analytics page.,TECHNICAL_ISSUE
7352,I have a question about your service. Thank you.,OTHER
5434,Whree is your company located?,OTHER
2815,I am not able to log in from my Windows laptop but it works on my computer. Any help would be appreciated.,ACCOUNT_ACCESS
6493,"Dear support team, Test message, plesae ignore.",OTHER
4674,Buttons on the inbox do not respond when I click them. Please respond soon.,TECHNICAL_ISSUE
3783,"Dear support team, Data I entered yesterday disappeared from the calendar.",TECHNICAL_ISSUE
2026,There is a bug where the workspace shows duplicate entries after I save.,TECHNICAL_ISSUE
1728,"Good morning, Please add saved views to the search page",FEATURE_REQUEST
8542,I would like instructions on how to share a dashboard with a client,HOW_TO_SUPPORT
8680,I cannot access my reports page because it says I do not have permission. Let me know what to do.,ACCOUNT_ACCESS
136,"Hi there, Can I know more about your service before deciding?",OTHER
2199,Can you help me regain access to my account? I have a deadline today.,ACCOUNT_ACCESS
43,Uploading a spreadsheet gets stuck at 100 percent and never finishes.,TECHNICAL_ISSUE
2978,"Hey, Thanks for the great support last week!",OTHER
9045,My account has been blocked and I do not know why. Please advise.,ACCOUNT_ACCESS
8039,"hi, can someone contact me about an issue?",OTHER
5345,"Greetings, Please add a GitHub integration, our whole team uses it.",FEATURE_REQUEST
4380,Text is cut off and overlapping on the task list on my Windows laptop.,TECHNICAL_ISSUE
5343,"Good morning, The invoice shows the wrong company name, please correct it. Thank you.",BILLING_PAYMENT
7611,"Hey, Where can I find the team permissions? Please advise.",HOW_TO_SUPPORT
4252,Please send an invoice for my latest Basic subscription payment.,BILLING_PAYMENT
970,The confirmation eamil never arrives in my inbox.,ACCOUNT_ACCESS
9311,I would love to see an integration with Microsoft Teams.,FEATURE_REQUEST
8063,The mobile app is very slow and keeps freezing on my Linux machine.,TECHNICAL_ISSUE
2232,"Hi, Can I get a call back from someone on your team? Thanks in advance.",OTHER
7849,"Good afternoon, I am trying to find my activity history but I cannot find the option. Where is it?",HOW_TO_SUPPORT
1495,The security code never arrives in my inbox. Regards.,ACCOUNT_ACCESS
5383,It would be great to have a search bar in the task list. Regards.,FEATURE_REQUEST
1626,Could you add auto save to the dashboard? Please advise.,FEATURE_REQUEST
8097,"Greetings, Can I get a call back from someone on your team? Any help would be appreciated.",OTHER
9101,My card was charged three times this week.,BILLING_PAYMENT
2200,"Dear support team, The save button does nothing on the task list. Please help.",TECHNICAL_ISSUE
2268,Where do I go in the project board to change my saved filters?,HOW_TO_SUPPORT
2514,"hi, i think i sent this to the wrong place, who is the right contact?",OTHER
6478,"Hello support, I cannot log in on my iPhone. Regards.",ACCOUNT_ACCESS
5789,A pop up with a error code 403 appears every time I try to print.,TECHNICAL_ISSUE
116,"Hi team, It would be helpful if the notifications panel supported keyboard shortcuts.",FEATURE_REQUEST
5830,I want to leave general feedback about my experience. Thanks a lot.,OTHER
320,"Hello team, Add auto save please, it is missing from the profile page.",FEATURE_REQUEST
7976,"Hey, The SMS code takes forever to arrive and then it has expired.",ACCOUNT_ACCESS
5597,"Greetings, Please forward this message to your press team. Please respond soon.",OTHER
8038,Any documentation on how to upload a company logo? Regards.,HOW_TO_SUPPORT
3593,Images are not displaying correctly on the project board in Safari.,TECHNICAL_ISSUE
9058,An option for dark mode would make the product much better.,FEATURE_REQUEST
6215,"Hello team, What are the steps to duplicate a project?",HOW_TO_SUPPORT
5800,Images are not displaying correctly on the billing page in Safari.,TECHNICAL_ISSUE
2875,The page shows an unexpected timeout error when I save my profile. Thank you.,TECHNICAL_ISSUE
9177,Images are not displaying correctly on the mobile app in Edge,TECHNICAL_ISSUE
5227,"Good morning, Can you tell me more about your privacy policy?",OTHER
7165,I represent a media outlet and want to reach out to the press team. Thanks a lot.,OTHER
6728,Is your service available in Singapore? Thanks a lot.,OTHER
7766,The app crashes every time I try to submit. Thanks.,TECHNICAL_ISSUE
9782,"Just started using the product, need to know how to set up my workspace for the first time. Any help would be appreciated.",HOW_TO_SUPPORT
8919,"good afternoon, there is an unknown charge of $9.99 from your company on my bank statement.",BILLING_PAYMENT
7908,A pop up with a blank white screen appears every time I try to sync.,TECHNICAL_ISSUE
1512,What is the easiest way to add a comment to a task?,HOW_TO_SUPPORT
6612,"Hello team, The two-factor code is rejected every time I try to sign in.",ACCOUNT_ACCESS
5701,"Hi there, Charts on the dashboard do not load. Any help would be appreciated.",TECHNICAL_ISSUE
5453,The refresh button does nothing on the analytics page.,TECHNICAL_ISSUE
4528,I represent a mdeia outlet and want to reach out to the press team.,OTHER
2857,"dear support team, i want a refund because i was billed after cancelling.",BILLING_PAYMENT
6196,"Hey, There is an unknown charge of $120 from your company on my bank statement",BILLING_PAYMENT
1663,the analytics page shows a error 404 since the latest update. please advise.,TECHNICAL_ISSUE
140,I would like to get in touch with a product specialist.,OTHER
476,"Dear support team, A pop up with a 502 bad gateway appears every time I try to upload.",TECHNICAL_ISSUE
4627,I paid for the Team plan but my account still shows the free tier. Thanks.,BILLING_PAYMENT
93,"Good afternoon, Are you planning to release offline mode in the future?",FEATURE_REQUEST
9092,The mobile app closes immediately after opening on my Liunx machine.,TECHNICAL_ISSUE
5529,"Hey, I got charged in the wrong currency for my monthly plan. Thanks.",BILLING_PAYMENT
7198,"Add a kanban view please, it is missing from the settings page.",FEATURE_REQUEST
6141,My team would love to have drag and drop. Is it on the roadmap? Thanks in advance.,FEATURE_REQUEST
6236,An option for bulk actions would make the product much better.,FEATURE_REQUEST
3402,I am writing to ask about intersnhip opportunities. Please advise.,OTHER
2424,I keep getting an invalid password message even though I am typing it correctly. Let me know what to do.,ACCOUNT_ACCESS
9414,"Hello, The site is down for me, I only see a error 500.",TECHNICAL_ISSUE
6067,How do I connect my calendar,HOW_TO_SUPPORT
8900,I would like a refund for the $249 charge this month.,BILLING_PAYMENT
4236,"Good afternoon, There is a mistake in my latest invoice, the total does not match the plan price.",BILLING_PAYMENT
4681,The API returns a blank white screen when I call the endpoint. Any help would be appreciated.,TECHNICAL_ISSUE
8786,"Hello support, I would like more information before I cerate an account",OTHER
2073,please add offline mode to the workspace.,FEATURE_REQUEST
446,"Please send monthly performance summaries to my inbox automatically, it would help a lot.",FEATURE_REQUEST
101,"good morning, is it possible to restore a deleted file? i cannot find where. regards.",HOW_TO_SUPPORT
7341,It wolud be nice to have biometric login. Thanks.,FEATURE_REQUEST
1417,"Hello team, What are your business hours?",OTHER
1081,"Dear support team, Is there a guide that shows how to invite a member to my workspace? Thanks in advance.",HOW_TO_SUPPORT
5671,Which menu do I use to connect my calendar? Thank you.,HOW_TO_SUPPORT
7542,"Hello team, I am wirting to ask about internship opportunities.",OTHER
9496,"Hey, Search returns no results even for items that I know exist",TECHNICAL_ISSUE
333,The page shows an unexpected error 404 when I save my profile. Let me know what to do.,TECHNICAL_ISSUE
236,I would like more information before I create an account. Thank you.,OTHER
8430,Do you have a parntership program? Thanks in advance.,OTHER
5690,Is it possible to create a custom report? I cannot find where.,HOW_TO_SUPPORT
8481,Why was I billed EUR 15 when my plan should be cheaper?,BILLING_PAYMENT
6214,"Hi team, How do I use the team page to update my profile picture?",HOW_TO_SUPPORT
5232,"Dear support team, The notifications panel does not display anything after the latest update.",TECHNICAL_ISSUE
8720,"Hello, The password I created during sign up is not accepted at login. Please advise.",ACCOUNT_ACCESS
5502,Which menu do I use to use filetrs on the dashboard?,HOW_TO_SUPPORT
849,Everything works on my computer but the task list crashes on my Linux machine.,TECHNICAL_ISSUE
5500,"Good afternoon, Please add a Dropbox integration, our whole team uses it.",FEATURE_REQUEST
3727,Do you have a tutorial on how to change my notification settings?,HOW_TO_SUPPORT
2863,"Hey, How do I change my notification settings",HOW_TO_SUPPORT
7108,"Hi, The app crashes every time I try to upload.",TECHNICAL_ISSUE
4330,Please add support for exporting to Word and also a favorites list. Regards.,FEATURE_REQUEST
3570,"Hi there, My colleague left the company and I need access to the admin account. Please advise.",ACCOUNT_ACCESS
3811,"Hi team, Why is my account frozen? I need to get in right now.",ACCOUNT_ACCESS
6790,"Hello, Buttons on the analytics page do not respond when I click them.",TECHNICAL_ISSUE
2189,"Greetings, How did your company start? I am curious.",OTHER
2775,"hi team, search returns no results even for items that i know exist.",TECHNICAL_ISSUE
797,"Hello team, Account recovery is not working, the verification email is not being sent. Thank you.",ACCOUNT_ACCESS
4884,The activation email never arrives in my inbox.,ACCOUNT_ACCESS
7922,"Hi, Feature request: bulk actions. Thanks a lot.",FEATURE_REQUEST
644,I was charged GBP 45 on the first of the month but I expected a different amount.,BILLING_PAYMENT
8373,"Hi team, Is your service aavilable in Brazil?",OTHER
5539,"Hi, Could you please implement passkey support in a coming update?",FEATURE_REQUEST
9183,Everything on the team page is loading extremely slowly for the past few days.,TECHNICAL_ISSUE
7233,My credit card was declined but my bank says there is no problem,BILLING_PAYMENT
9373,"Hi team, Please get back to me when you can, I have a few questions. Please help.",OTHER
1023,"Dear support team, I would like to get in touch with the right department.",OTHER
5846,"Good morning, Login fails on Brave with an authentication failed message",ACCOUNT_ACCESS
8625,Do you have a tutorial on how to archive old projects?,HOW_TO_SUPPORT
4406,"Good afternoon, Charts on the team page do not load.",TECHNICAL_ISSUE
4044,"I am new here, how do I connect my calendar?",HOW_TO_SUPPORT
1578,"Good morning, I have a question about your service.",OTHER
3381,"Dear support team, Where can I find the default dashboard? Thanks in advance",HOW_TO_SUPPORT
1931,Any plans to support French in the interface? Thank you.,FEATURE_REQUEST
7309,"hi there, are you planning to release custom themes in the future?",FEATURE_REQUEST
8151,"Hello support, I cannot log in for a week.",ACCOUNT_ACCESS
5112,"Greetings, Everything on the mobile app is loading extremely slowly since last night",TECHNICAL_ISSUE
6781,My bank shows a pending charge of $14 that I do not recognize.,BILLING_PAYMENT
5448,"Good afternoon, I cannot sign in with my Google account anymore. Thank you.",ACCOUNT_ACCESS
9597,"Hello team, Data I entered yesterday disappeared from the dashboard.",TECHNICAL_ISSUE
111,Can someone explain how to use the billing page? Please help.,HOW_TO_SUPPORT
8120,a pop up with a error 500 appears every time i try to import.,TECHNICAL_ISSUE
4442,"Greetings, My colleague left the company and I need access to the admin account. Thank you.",ACCOUNT_ACCESS
4986,could you tell me how to set up a recurring report?,HOW_TO_SUPPORT
6735,"hi there, please send an invoice for my latest monthly subscription payment.",BILLING_PAYMENT
5961,"Good morning, Notifications are not being delivered to my phone. Please help.",TECHNICAL_ISSUE
2118,The receipt email for my payment never arrived. Thanks in advance,BILLING_PAYMENT
4067,A pop up with a error code 403 appears every time I try to delete. Please advise.,TECHNICAL_ISSUE
6906,"Hey, Can you walk me through how to import contacts from a CSV file?",HOW_TO_SUPPORT
6984,Everything works on my computer but the settings page crashes on my MacBook.,TECHNICAL_ISSUE
7559,"Greetings, I would like a refund for the $29 charge this month.",BILLING_PAYMENT
9502,"Hi team, I would like insturctions on how to restore a deleted file.",HOW_TO_SUPPORT
192,Charts on the admin console do not load.,TECHNICAL_ISSUE
8691,I get a error 404 when I try to export on the calendar.,TECHNICAL_ISSUE
3494,"Hey, I would love to see an integraiton with Zapier.",FEATURE_REQUEST
3894,"Good afternoon, Do you spuport customers based in Canada? Please respond soon.",OTHER
8803,Is your service available in India? Thanks.,OTHER
3348,Can you recommned which team I should contact for my request?,OTHER
6576,"Hello, I would like to know who I should contact regarding a collaboration. Thanks.",OTHER
2503,"Hi team, Just started using the product, need to know how to create a new project.",HOW_TO_SUPPORT
6871,"Hi, I want to leave genearl feedback about my experience.",OTHER
2453,My account has been disabled and I do not know why.,ACCOUNT_ACCESS
5273,Where do I go in the notifications panel to change my saved filters?,HOW_TO_SUPPORT
4189,"hey, i cannot log in on my work computer.",ACCOUNT_ACCESS
8173,I was charged for extra seats that I did not add.,BILLING_PAYMENT
7751,"Hey, Can you tell me more about your privacy policy? Thanks in advance.",OTHER
1342,Please add support for exporting to Word and also bulk actions.,FEATURE_REQUEST
435,The workspace is very slow and keeps freezing on my Windows laptop. Regards.,TECHNICAL_ISSUE
4004,I wish the team page had a search bar.,FEATURE_REQUEST
7711,"i am new here, how do i share a dashboard with a client?",HOW_TO_SUPPORT
3865,"Hi, Why did the price of my Buisness plan go up? Please help.",BILLING_PAYMENT
5537,"Good afternoon, Please send daily usage summaries to my inbox automatically, it would help a lot",FEATURE_REQUEST
2507,"Hi team, Uploading a PDF gets stuck at 99 percent and never finishes.",TECHNICAL_ISSUE
8294,"Good morning, Uploading a ZIP file gets stuck at zero percent and never finishes.",TECHNICAL_ISSUE
4761,"I want to siwtch to annual billing to get the discount, how is the payment handled?",BILLING_PAYMENT
219,Is it possible to change the language of the interface? I cannot find where. Please advise.,HOW_TO_SUPPORT
6706,My account has been suspended and I do not know why.,ACCOUNT_ACCESS
887,"Hello, I was billed $59.99 twice for the same subscription.",BILLING_PAYMENT
9178,"Hello support, Where do I go in the task list to change my profile information?",HOW_TO_SUPPORT
1279,I get a error code 403 when I try to upload on the settings page. Regards.,TECHNICAL_ISSUE
9105,"Hello, I am getting a generic error message whenever I open the team page",TECHNICAL_ISSUE
6680,"Just started using the product, need to know how to duplicate a project.",HOW_TO_SUPPORT
4003,Where can I find the language settings?,HOW_TO_SUPPORT
2721,"Good afternoon, My account was hacked and I cannot log in anymore.",ACCOUNT_ACCESS
1639,After I reset my password the new one is not accepted. Thanks in advance.,ACCOUNT_ACCESS
7392,I would like instructions on how to create a new project.,HOW_TO_SUPPORT
2621,"Add custom themes please, it is missing from the calendar. Please respond soon",FEATURE_REQUEST
5322,"Hi there, It would be nice to have passkey support.",FEATURE_REQUEST
8209,Is your service available in Mexico?,OTHER
8779,"Hello, Not sure how to invite a member to my workspace, can you point me to the right help article?",HOW_TO_SUPPORT
2812,Can you recommend which team I should contact for my request? Any help would be appreciated.,OTHER
4704,"Good afternoon, Why did the price of my Pro plan go up",BILLING_PAYMENT
3388,"Hello team, Please show me how to create a custom report.",HOW_TO_SUPPORT
429,I would like the option to mark items as favorites in a future release. Please respond soon,FEATURE_REQUEST
9796,"We really need a search bar on the analytics page, please consider it. Thanks.",FEATURE_REQUEST
6166,Images are not displaying correctly on the calendar in Opera. Please help.,TECHNICAL_ISSUE
4413,"Good afternoon, Data I entered yesterday disappeared from the reports page.",TECHNICAL_ISSUE
2714,What is the easiest way to create a custom report? Any help would be appreciated.,HOW_TO_SUPPORT
5359,"The website does not work properly in Safari, but it is fine in another browser.",TECHNICAL_ISSUE
488,Can you build a mobile widget into the dashboard? Many users would benefit,FEATURE_REQUEST
986,"Good afternoon, It wuold be great if we could customize the dashboard layout.",FEATURE_REQUEST
9094,Do you offer any evnets or webinars?,OTHER
8072,Where do I go in the dashboard to change my privacy settings?,HOW_TO_SUPPORT
5717,"Greetings, My account is suspended and I need to get in rgiht now.",ACCOUNT_ACCESS
5269,The publish butotn does nothing on the calendar. Thanks in advance.,TECHNICAL_ISSUE
5299,Uploading a CSV file gets stuck at zero percent and never finishes.,TECHNICAL_ISSUE
9852,"Good morning, It would be great if we could set reminders on tasks. Thanks in advance",FEATURE_REQUEST
4105,The discount promised to me is not reflected on my bill. Please advise.,BILLING_PAYMENT
8239,Can you build custom filters into the admin console? Many users would benefit.,FEATURE_REQUEST
2545,Please add version history to the team page.,FEATURE_REQUEST
3093,"Hey, Video previews will not play in the analytics page.",TECHNICAL_ISSUE
8736,I would like a refund for the $59.99 cahrge this month,BILLING_PAYMENT
3250,The dashboard becomes blank when I upload a video file.,TECHNICAL_ISSUE
7438,I cannot access my settings page because it says I do not have permission. Any help would be appreciated,ACCOUNT_ACCESS
123,I would like instructions on how to assign a task to a colleague.,HOW_TO_SUPPORT
6849,"Dear support team, My team would love to have version history. Is it on the roadmap? Please respond soon.",FEATURE_REQUEST
4629,"My subscrpition renewed automatically and I did not want that, please refund me.",BILLING_PAYMENT
5323,"Hi there, Can you send me some information abuot what you offer?",OTHER
3137,"Hi, The verification step keeps failnig when I try to sign in, for a week.",ACCOUNT_ACCESS
5879,The coupon code did not apply at checkout and I was charegd the full price.,BILLING_PAYMENT
5211,"The verification step keeps failing when I try to sign in, for two days. Please help.",ACCOUNT_ACCESS
4558,"Good afternoon, The calendar becomes blank when I upload a ZIP file.",TECHNICAL_ISSUE
2968,could you tell me how to change the language of the interface? any help would be appreciated.,HOW_TO_SUPPORT
4656,"I cannot log into my account, it says the email address is not registered but I have used it before. Please help.",ACCOUNT_ACCESS
6621,Can you explain how to export my data? Please help.,HOW_TO_SUPPORT
1527,The download link gives a error 404 instead of the file. Thanks.,TECHNICAL_ISSUE
3366,"Hi there, I am not able to log in from my tablet but it works on my computer. Let me know what to do.",ACCOUNT_ACCESS
5247,I would like a refund for the EUR 15 charge yesterday.,BILLING_PAYMENT
9159,The password I created during sign up is not accepted at login. Please respond soon.,ACCOUNT_ACCESS
3216,"Hello support, Thanks for the great support last week",OTHER
1851,"Good morning, Can you tell me more about your privacy policy? Thanks.",OTHER
2101,"Dear support team, Please add authenticator app support for account security.",FEATURE_REQUEST
8822,Do you offer any eevnts or webinars? Thanks.,OTHER
1192,Video previews will not play in the search page.,TECHNICAL_ISSUE
1006,I cannot log in after changing my email address. Please advise.,ACCOUNT_ACCESS
5124,Would you consider adding a Microsoft Teams connection to your product? Thanks in advance.,FEATURE_REQUEST
4352,"Hi team, Are you planning to release an undo button in the future? Let me know what to do.",FEATURE_REQUEST
4648,Can you explain how to change the language of the interface?,HOW_TO_SUPPORT
6092,"Dear support team, What is the easiest way to set up my workspace for the first time",HOW_TO_SUPPORT
2013,It would be great if we could add comments to reports. Any help would be appreciated.,FEATURE_REQUEST
5620,"Hello support, Can someone contact me about an issue? Please advise.",OTHER
2221,"Hello team, Hello, is anyone there?",OTHER
2136,The autosave is broken and my work was lost for the past few days.,TECHNICAL_ISSUE
8,I want a refund because I was billed after cancelling.,BILLING_PAYMENT
3965,"Thank you for your help, eevrything is fine now.",OTHER
827,"Hey, Video previews will not play in the admin console.",TECHNICAL_ISSUE
4590,"Hi team, Data I entered yesterday disappeared from the analytics page.",TECHNICAL_ISSUE
7715,"Good afternoon, How did your company start? I am curious. Thanks in advance.",OTHER
9642,Do you offer any evetns or webinars?,OTHER
8254,Could you add a favorites list to the reports page?,FEATURE_REQUEST
5937,"Greetings, File uploads stay stuck at zero percent.",TECHNICAL_ISSUE
2114,"Hi team, I represent a media outlet and want to reach out to the press team.",OTHER
1673,"Good morning, It would be helpful if the admin console supported custom filters.",FEATURE_REQUEST
5463,"Hello support, Sign in with single sign-on fails and shwos an unauthorized message. Let me know what to do.",ACCOUNT_ACCESS
4379,"Unable to sign in on Opera, it just keeps reloaidng the login page. Let me know what to do.",ACCOUNT_ACCESS
6945,"Dear support team, Can you send me some information about what you offer?",OTHER
5179,I get a timeout error when I try to delete on the admin console.,TECHNICAL_ISSUE
3930,"Hello, I would like the option to filter by date rnage in a future release.",FEATURE_REQUEST
6633,"Hi, I would like to speak with a sales representative about enterprise options. Please respond soon.",OTHER
2674,I changed my pohne number and now I cannot get the login code.,ACCOUNT_ACCESS
1960,"Please unlock my account, I entered the wrong password several times. Thanks.",ACCOUNT_ACCESS
3090,"Hello team, I was charged after my free trial ended without any reminder.",BILLING_PAYMENT
878,My team would love to have a favorites list. Is it on the roadmap?,FEATURE_REQUEST
5483,please add passkey support for account security. please respond soon.,FEATURE_REQUEST
2847,"Greetings, I do not have access to my old email address and need to recover my account. Thanks a lot.",ACCOUNT_ACCESS
1231,"Hi team, I saw your ad and want to learn more. Thanks in advance",OTHER
9171,Please add support for exporting to XML and also a search bar. Regards,FEATURE_REQUEST
2938,The discount promised to me is not reflected on my bill. Let me know what to do.,BILLING_PAYMENT
9945,My account has been blocked and I do not know why. Let me know what to do.,ACCOUNT_ACCESS
7693,An option for offline mode would make the product much better. Please advise,FEATURE_REQUEST
7541,"Greetings, Feature request: the ability to sort the list by multiple columns",FEATURE_REQUEST
2174,"Good afternoon, I was charged for extra seats that I did not add. Let me know what to do.",BILLING_PAYMENT
4407,File uploads stay stuck at zero percent. Thanks in advance.,TECHNICAL_ISSUE
5161,"Good morning, I cannot log into my account, it says the email address is not registered but I have used it before.",ACCOUNT_ACCESS
5166,It would be helpful if the profile page supported custom filters.,FEATURE_REQUEST
7022,Please add a compact layout to the profile page.,FEATURE_REQUEST
5267,I need help but I am not sure which optoin applies.,OTHER
6809,"Plaese get back to me when you can, I have a few questions. Let me know what to do.",OTHER
9730,There is an unknown charge of $29 from your company on my bank statement. Please help.,BILLING_PAYMENT
975,Do you have a tutroial on how to rename a project?,HOW_TO_SUPPORT
2736,"Hey, I have some questions abuot your company before I proceed. Thanks a lot.",OTHER
7163,"Hello team, What is the easiest way to set up my workspace for the first time?",HOW_TO_SUPPORT
898,I want to leave general feedback about my experience. Please respond soon.,OTHER
6051,"Hello, How do I use the notifications panel to restore a deleted file?",HOW_TO_SUPPORT
810,My pyament was successful but my subscription is still inactive. Any help would be appreciated.,BILLING_PAYMENT
4008,"Thank you for your help, everything is fine now. Thanks",OTHER
276,It would be useful to receive quarterly activity reports by email.,FEATURE_REQUEST
3119,"Hello, The dashboard becomes blank when I upload a Excel file. Thank you.",TECHNICAL_ISSUE
6436,I need help but I am not sure which option applies. Thanks.,OTHER
7425,Everything on the project board is loading extremely slowly snice Monday.,TECHNICAL_ISSUE
5954,Please credit my account for the payment error yesterday. Regards.,BILLING_PAYMENT
2824,"Hey, Account recovery is not working, the security code is not being sent.",ACCOUNT_ACCESS
9643,"Good afternoon, My changes are not saved, the profile page reverts to the old values.",TECHNICAL_ISSUE
1151,"Hi team, I am getting a blank white screen whenever I open the notifications panel.",TECHNICAL_ISSUE
7530,Where can I find the workspace name? Thanks,HOW_TO_SUPPORT
9081,My team would love to have dark mode. Is it on the roadmap? Please advise,FEATURE_REQUEST
7409,Is your service available in Kenya?,OTHER
5390,"Hi there, Test message, please ignore. Thanks a lot.",OTHER
3101,"Dear support team, The invoice shows the wrong company name, please correct it.",BILLING_PAYMENT
4633,I need to change the credit card used for my subscription payments. Please respond soon.,BILLING_PAYMENT
4682,do you support customers based in the uae? please help.,OTHER
6660,Please credit my account for the payment error this month.,BILLING_PAYMENT
436,What is the easiest way to delete a workspace,HOW_TO_SUPPORT
6610,I would like instructions on how to archive old projects. Please advise.,HOW_TO_SUPPORT
599,"Hi team, I cnanot sign in with my Google account anymore. Any help would be appreciated.",ACCOUNT_ACCESS
2283,My card was charged twice for March. Regards.,BILLING_PAYMENT
6858,The one-time passcode never arrives in my inbox. Thanks in advance.,ACCOUNT_ACCESS
4084,The analytics page shows a generic error message since yesterday.,TECHNICAL_ISSUE
8125,"Hello team, I have a general inquiry that does not fit any of the topics.",OTHER
5811,Feature request: a mobile widget. Thanks in advance.,FEATURE_REQUEST
5883,I wish the team page had drag and drop.,FEATURE_REQUEST
7316,"Good afternoon, The site is down for me, I only see a error code 403. Regards.",TECHNICAL_ISSUE
465,The payment page rejcets my card and I cannot renew my Premium plan.,BILLING_PAYMENT
8539,Can you walk me through how to pin a dashboard as my home page? Any help would be appreciated,HOW_TO_SUPPORT
7604,Is your service available in Germany? Regards.,OTHER
4550,It would improve my workflow if I could add comments to reports. Please respond soon.,FEATURE_REQUEST
137,Where can I change my time zone settings? Any help would be appreciated.,HOW_TO_SUPPORT
5229,I need a receipt for my payment for my annual plan for tax purposes.,BILLING_PAYMENT
5734,Why is my account disabled? I need access urgently. Please advise.,ACCOUNT_ACCESS
2210,"Greetings, Is there someone I can meet in preson to talk about your product?",OTHER
5776,Sign in with single sign-on fails and shows an unauthorized message. Please help.,ACCOUNT_ACCESS
1055,"Hi, I cannot log in after turning on two-factor authentication",ACCOUNT_ACCESS
7192,"Hi, Please add support for exporting to JSON and also an undo button. Thank you",FEATURE_REQUEST
6740,"Hey, Any plans to support Tamil in the interface?",FEATURE_REQUEST
6726,Is your service available in Sri Lanka? Thank you.,OTHER
8477,I am trying to change my time zone but I cannot find the option. Where is it?,HOW_TO_SUPPORT
6038,My payment was successful but my subscription is sitll inactive. Please advise.,BILLING_PAYMENT
353,Data I entered yesterday disappeared from the profile page.,TECHNICAL_ISSUE
9168,Everything works on my computer but the task list crashes on my Linux machine. Let me know what to do.,TECHNICAL_ISSUE
8756,"the site is down for me, i only see a 502 bad gateway. thanks.",TECHNICAL_ISSUE
3502,The import button does nothing on the workspace.,TECHNICAL_ISSUE
6585,I see a spinning loaedr that never finishes on the reports page.,TECHNICAL_ISSUE
2836,My bank shows a pending charge of $29 that I do not recognize.,BILLING_PAYMENT
5230,"Good afternoon, Please let us export charts to PowerPoint.",FEATURE_REQUEST
2615,Data I entered yesterday diasppeared from the settings page.,TECHNICAL_ISSUE
2914,Is it possible to create a template? I cannot find where.,HOW_TO_SUPPORT
5144,"I am a student working on a school project about your product, who can I talk to? Thanks a lot.",OTHER
1751,Please forward this message to a product specialist. Please help.,OTHER
2008,"Hello, Could you add an opiton to export invoices as PDF?",FEATURE_REQUEST
9623,"Hi there, An option for saved views would make the porduct much better. Any help would be appreciated.",FEATURE_REQUEST
9110,I wish the dashboard had offline mode.,FEATURE_REQUEST
6519,How did your company start? I am curious.,OTHER
3442,A pop up with a blank white screen appears every time I try to print. Thanks.,TECHNICAL_ISSUE
9197,Video previews will not play in the search page. Let me know what to do.,TECHNICAL_ISSUE
9559,"Hey, Can someone contact me about an issue? Please advise.",OTHER
8591,"Good morning, How do I turn on email alerts? Let me know what to do.",HOW_TO_SUPPORT
8632,"Good morning, Three is a bug where the inbox shows duplicate entries after I save.",TECHNICAL_ISSUE
4705,I would love to see an integration with GitHub.,FEATURE_REQUEST
33,"Hi team, My card was charged twice last month.",BILLING_PAYMENT
4887,It would be great to have bulk actions in the mobile app,FEATURE_REQUEST
4415,"Good morning, I would like a refund for the $24.99 charge for March.",BILLING_PAYMENT
2572,It would be great if we could assign tasks to multiple people.,FEATURE_REQUEST
2031,"Hi there, Product idea: let us use the product wihtout an internet connection.",FEATURE_REQUEST
8763,"Dear support team, Any documentation on how to find my activity history?",HOW_TO_SUPPORT
5615,Viedo previews will not play in the inbox. Let me know what to do.,TECHNICAL_ISSUE
5252,"Hi, The site is down for me, I only see a error 404.",TECHNICAL_ISSUE
7898,"Hello support, Please forward this message to the partnerships team.",OTHER
9063,Please credit my account for the payment error for June,BILLING_PAYMENT
9444,I canont log in after the latest update.,ACCOUNT_ACCESS
4433,"Hello team, I want to leave general feedback about my experience. Please help.",OTHER
8057,How do I use the mobile app to find my activity history?,HOW_TO_SUPPORT
5007,I am getting a error 500 whenever I open the admin console.,TECHNICAL_ISSUE
7961,It would be nice to have two-factor authentication. Thank you.,FEATURE_REQUEST
7003,"Hi there, Could someone give me an overview of what your company does?",OTHER
8210,"Good afternoon, Would it be possible to assign tasks to multiple people? That would save us a lot of time.",FEATURE_REQUEST
6516,Scheduled reports are not running at the set time. Thanks.,TECHNICAL_ISSUE
2928,"Dear support team, I was charged $120 for a plan I never upgraded to. Please help.",BILLING_PAYMENT
6401,"Hi, Just started using the product, need to know how to make a teammate an admin. Thank you.",HOW_TO_SUPPORT
1524,"Greetings, Do you have a tutorial on how to import contacts from a CSV file?",HOW_TO_SUPPORT
2170,"Good morning, My bank shows a pending charge of $19 that I do not recognize.",BILLING_PAYMENT
6426,I am trying to rename a project but I cannot find the option. Where is it?,HOW_TO_SUPPORT
7551,Which menu do I use to turn on email alerts? Let me know what to do.,HOW_TO_SUPPORT
917,I was charged $14 this quarter but I expected a different amount.,BILLING_PAYMENT
498,How did your company start? I am curious. Any help would be appreciated,OTHER
340,I am trying to merge duplicate entries but I cannot find the option. Where is it? Please advise.,HOW_TO_SUPPORT
5946,where can i find the export options? thanks.,HOW_TO_SUPPORT
255,"Greetings, I do not have access to my old email address and need to recover my account. Thank you.",ACCOUNT_ACCESS
525,Any documentation on how to import contacts from a CSV file? Thanks a lot.,HOW_TO_SUPPORT
8830,Can you tell me more aobut your privacy policy?,OTHER
5065,"I cannot log into my account, it says the email address is not registered but I have used it before. Thank you.",ACCOUNT_ACCESS
8131,The app freezes when I try to share a large ZIP file. Please respond soon.,TECHNICAL_ISSUE
8206,"Hello team, Can you explain how to archive old projects? Thanks",HOW_TO_SUPPORT
1110,I need a recepit for my payment this month for tax purposes.,BILLING_PAYMENT
3602,I want a refund because I was billed after cancelling. Any help would be appreciated.,BILLING_PAYMENT
8393,The sync button does nothing on the analytics page.,TECHNICAL_ISSUE
728,"Dear support team, Unable to sign in on Firefox, it just keeps reloading the login page.",ACCOUNT_ACCESS
7492,"Hello, I cannot access my search page because it says I do not have permission.",ACCOUNT_ACCESS
6992,Suggestion: allow users to schedule repotrs in advance.,FEATURE_REQUEST
634,"Greetings, I was charged for extra seats that I did not add. Please help.",BILLING_PAYMENT
6070,"Good morning, I would like to get in touch with your secuirty team.",OTHER
8518,I would like a refund for the $49 charge on the first of the month.,BILLING_PAYMENT
1322,"Dear support team, I am not able to log in from my iPhone but it works on my computer.",ACCOUNT_ACCESS
5882,Can you send me some information about what you offer? Any help would be appreciated.,OTHER
7700,I was billed $14 twice for the same subscription.,BILLING_PAYMENT
5709,"Good afternoon, I do not have access to my old email address and need to recover my account.",ACCOUNT_ACCESS
4325,My account was hakced and I cannot log in anymore.,ACCOUNT_ACCESS
4305,"Hi there, Can you explain how to archive old projects",HOW_TO_SUPPORT
6078,"Good afternoon, Is your service available in Mexico?",OTHER
610,"Good afternoon, I would like to know who I should contact regarding a collaboration. Please respond soon.",OTHER
4275,"Good morning, I am unable to sign in to my account an hour ago.",ACCOUNT_ACCESS
666,Everything works on my computer but the calendar crashes on my iPad,TECHNICAL_ISSUE
7489,I would like instructions on how to set my working hours.,HOW_TO_SUPPORT
7640,How do I find my activity history? Please help.,HOW_TO_SUPPORT
9340,"hello, i am writing to ask about internship opportunities.",OTHER
3740,"My subscription renweed automatically and I did not want that, please refund me.",BILLING_PAYMENT
4023,Product idea: let us add comments to reports.,FEATURE_REQUEST
9163,"Hi, What are the steps to change the date format?",HOW_TO_SUPPORT
7377,"Hello support, Are you planning to release a search bar in the future?",FEATURE_REQUEST
1045,"Hi, Can someone explain how to use the project board",HOW_TO_SUPPORT
9913,"Hello team, The login page keeps redirecting me back to the sign in screen.",ACCOUNT_ACCESS
832,"Good morning, Product idea: let us set reminders on tasks. Regards.",FEATURE_REQUEST
8400,"Hello, Can you recommend which team I should contact for my request? Thanks a lot.",OTHER
8283,can you send me some information about what you offer? thank you.,OTHER
2760,"Not sure how to assign a task to a colleague, can you point me to the right help article? Please respond soon.",HOW_TO_SUPPORT
1746,Video previews will not play in the calendar. Thanks in advance.,TECHNICAL_ISSUE
132,i forgot the email i used to register and cannot get into my account. thanks in advance.,ACCOUNT_ACCESS
2552,"Hello team, Everything works on my computer but the reports page crashes on my MacBook.",TECHNICAL_ISSUE
2112,Can you walk me through how to update my profile picture? Please respond soon.,HOW_TO_SUPPORT
9771,"hi, which menu do i use to rename a project?",HOW_TO_SUPPORT
9560,"My subscription renewed automatically and I did not want that, please refund me. Regards.",BILLING_PAYMENT
8499,"Greetings, I want to leave general feedback about my experience. Regards.",OTHER
5614,"Hey, An option for version history would make the product much better.",FEATURE_REQUEST
408,"Good afternoon, Account recovery is not working, the verification email is not being sent. Regards.",ACCOUNT_ACCESS
1875,"Hey, I am stuck in a loop where the site asks me to verify my email again and again.",ACCOUNT_ACCESS
3650,It would be nice to have IP allow listing. Please advise.,FEATURE_REQUEST
4883,My session logs me out immediately after I sign in. Thanks a lot.,ACCOUNT_ACCESS
2657,"Hey, Is there a guide that shows how to change my notification settings? Thank you.",HOW_TO_SUPPORT
8719,"Dear support team, Search returns no results even for items that I know exist.",TECHNICAL_ISSUE
4168,"Good afternoon, The page keeps refreshing by itself and I lose what I typed.",TECHNICAL_ISSUE
4591,I would like a refund for the $14 charge on the first of the month.,BILLING_PAYMENT
8248,"add a calendar view please, it is missing from the task list. please advise.",FEATURE_REQUEST
889,"Dear support team, I would like more information before I create an account. Thanks a lot.",OTHER
9317,"Hi team, Is your service available in the United Kingdom?",OTHER
1306,I cannot log in on my MacBook.,ACCOUNT_ACCESS
1212,"Dear support team, The page never finishes loading and only shows a blank white screen.",TECHNICAL_ISSUE
4993,The mobile app closes immediately after opening on my tablet. Let me know what to do.,TECHNICAL_ISSUE
4724,"Hello support, I am not sure who to ask about this. Thank you.",OTHER
4090,"Hey, Can I know more about your service before deciding?",OTHER
2865,It would be helpful if the mobile app supported a favorites list.,FEATURE_REQUEST
9231,Is it possible to update my profile picture? I cannot find where. Thanks in advance.,HOW_TO_SUPPORT
9361,"Greetings, Do you have any security certifications?",OTHER
349,The autosave is broken and my work was lost for the past few days. Please help.,TECHNICAL_ISSUE
5153,Where can I change my default dashboard? Thanks.,HOW_TO_SUPPORT
8746,Product idea: let us restore deleted items from a trash folder. Regards.,FEATURE_REQUEST
7159,Can I pay by bank transfer instead of card? My card keeps getting declined. Any help would be appreciated.,BILLING_PAYMENT
8976,"hey, i would like to know who i should contact regarding a collaboration.",OTHER
6111,The page never finishes loading and only shows a error 500. Thanks in advance.,TECHNICAL_ISSUE
9727,"My changes are not saved, the reports page reverts to the old values.",TECHNICAL_ISSUE
3616,Suggestion: allow users to add comments to reports. Thank you,FEATURE_REQUEST
8472,uploading a csv file gets stuck at 99 percent and never finishes.,TECHNICAL_ISSUE
2273,Where do I go in the admin console to change my default dashboard,HOW_TO_SUPPORT
7080,My card was chagred twice yesterday.,BILLING_PAYMENT
5706,"Good afternoon, My renewal payment failed and now my subscription shows as past due.",BILLING_PAYMENT
3065,"Hey, Do you have any security certifications? Regards.",OTHER
7773,Please show me how to change the date format.,HOW_TO_SUPPORT
6551,"Hello team, Why is my account locked? I need it restored as soon as possible.",ACCOUNT_ACCESS
2641,How do I use the notifications panel to change my notification settings?,HOW_TO_SUPPORT
1444,I am trying to transfer ownership of a workspace but I cannot find the option. Where is it?,HOW_TO_SUPPORT
5676,Can you recmomend which team I should contact for my request?,OTHER
6424,Could you add an option to export reports as CSV?,FEATURE_REQUEST
2662,It would improve my workflow if I could mark items as favorites.,FEATURE_REQUEST
8367,"Greetings, Data I entered yesterday disappeared from the calendar.",TECHNICAL_ISSUE
2832,How did your cmopany start? I am curious.,OTHER
4362,My account is locked and I need it restored as soon as possible.,ACCOUNT_ACCESS
1339,Buttons on the notifications panel do not respond when I click them,TECHNICAL_ISSUE
9061,"Good morning, My session logs me out immediately after I sign in.",ACCOUNT_ACCESS
3074,"We really need custom themes on the profile page, please consider it.",FEATURE_REQUEST
1262,Why was I billed GBP 12 when my plan should be cheaper?,BILLING_PAYMENT
2229,I am getting a server error whenever I open the project board.,TECHNICAL_ISSUE
6866,Everything works on my computer but the billing page crashes on my iPhone.,TECHNICAL_ISSUE
4298,"greetings, i am writing to ask about internship opportunities. let me know what to do.",OTHER
1942,Do you have a tutorial on how to restore a deleted file?,HOW_TO_SUPPORT
194,"Good morning, I am trying to set up a recurring report but I cannot find the option. Where is it?",HOW_TO_SUPPORT
2903,Do you have a tutorial on how to find my activity history?,HOW_TO_SUPPORT
8858,"Greetings, The integration keeps disconnecting and shows an error each time. Any help would be appreciated",TECHNICAL_ISSUE
3577,Uploading a Word document gets stuck at 1 percent and never finishes.,TECHNICAL_ISSUE
468,"Hello support, How can I set my working hours? Please help.",HOW_TO_SUPPORT
1889,"I am new here, how do I create a custom report?",HOW_TO_SUPPORT
4589,"Dear support team, I cannot recover my account because the security questions are not working.",ACCOUNT_ACCESS
747,I cannot log in on my iPad.,ACCOUNT_ACCESS
3159,"Hello, Please credit my account for the payment error for March.",BILLING_PAYMENT
3597,"Greetings, My subscription renewed automatically and I did not want that, please refund me.",BILLING_PAYMENT
7265,I see a spinning loader that never finishes on the search page. Thanks in advance.,TECHNICAL_ISSUE
8527,"Hey, Please get back to me when you can, I have a few questions",OTHER
4635,"Hello, My username is not recognized on the login page. Please help.",ACCOUNT_ACCESS
3669,"Hi, Which page lets me manage my workspace name?",HOW_TO_SUPPORT
3599,"Hi there, I want to report something that does not fit any category.",OTHER
6384,"hi team, could you tell me how to duplicate a project?",HOW_TO_SUPPORT
4699,"hello team, i am unable to sign in to my account for the past few days.",ACCOUNT_ACCESS
5191,I want a refund becuase I was billed after cancelling.,BILLING_PAYMENT
736,How can I remove a user from my team,HOW_TO_SUPPORT
3305,I am not able to log in from my MacBook but it works on my computer. Any help would be appreciated.,ACCOUNT_ACCESS
6272,My payment keeps faiilng at checkout even though my card is valid. Regards.,BILLING_PAYMENT
4354,"Hi there, The inbox becomes blank when I upload a CSV file.",TECHNICAL_ISSUE
8957,"Hi there, The receipt email for my payment never arrived. Thanks a lot",BILLING_PAYMENT
2708,"Please get back to me when you can, I have a few questions. Thanks.",OTHER
1846,"Hey, I would like to speak with a sales representative about enterprise options. Let me know what to do.",OTHER
8234,"Hello team, Please let us export tables to XML.",FEATURE_REQUEST
8844,"Good afternoon, I would like to get in tuoch with the careers team. Regards.",OTHER
7467,I am writing to ask about internship opportunities. Please advise.,OTHER
53,"Dear support team, I get a timeout error when I try to upload on the reports page. Any help would be appreciated.",TECHNICAL_ISSUE
9120,I would love to see an integration with Notion.,FEATURE_REQUEST
6210,I am not able to log in from my Windows lapotp but it works on my computer. Please advise.,ACCOUNT_ACCESS
5788,I saw your ad and want to learn more. Any help would be appreciated,OTHER
7155,"Good afternoon, I cancelled my subscription weeks ago and you still took money from my account.",BILLING_PAYMENT
484,Please forward this message to your security team,OTHER
6789,Do you have a partnership program? Thanks.,OTHER
8793,The dashboard numbers are wrong and do not match the raw data. Any help would be appreciated.,TECHNICAL_ISSUE
1837,The API returns a blank white screen when I call the endpoint. Regards.,TECHNICAL_ISSUE
4478,"There is a mistake in my latest invoice, the total does not match the plan price. Please respond soon.",BILLING_PAYMENT
7755,Are you planning to release custom filters in the future? Please help.,FEATURE_REQUEST
8188,"Hey, I cannot log in for the past few days. Thank you.",ACCOUNT_ACCESS
1533,"Account recovery is not working, the magic link is not being sent.",ACCOUNT_ACCESS
65,"Please reset my account access, I cannot get past the login screen. Regards",ACCOUNT_ACCESS
7426,"Hello team, I am getting a generic error message whenever I open the notifications panel.",TECHNICAL_ISSUE
9628,It would be helpful if the search page supported drag and drop.,FEATURE_REQUEST
5864,"Hello, I need a receipt for my payment for my annual plan for tax purposes.",BILLING_PAYMENT
8931,"Just started using the product, need to know how to merge duplicate entries.",HOW_TO_SUPPORT
171,"Not sure how to change the language of the interface, can you point me to the right help article? Thanks.",HOW_TO_SUPPORT
9659,I would like a refund for the EUR 39 charge on the first of the month.,BILLING_PAYMENT
3701,The discount promised to me is not reflected on my bill. Thanks a lot.,BILLING_PAYMENT
8759,Any documentation on how to use filters on the dashboard?,HOW_TO_SUPPORT
4511,"Please send quarterly progress reports to my inobx automatically, it would help a lot.",FEATURE_REQUEST
7110,"hi there, i was removed from the workspace by mistake and cannot get back in.",ACCOUNT_ACCESS
5240,Please add single sign-on for account security.,FEATURE_REQUEST
5919,Do you support customers based in Canada? Let me know what to do.,OTHER
8051,Can I know more about your service before deciding? Thanks in advance.,OTHER
954,"Hi team, I would like to speak with a sales representative about enterprise options. Regards.",OTHER
9333,Please add dark mode to the dashboard. Any help would be appreciated.,FEATURE_REQUEST
3465,"Hi, Please stop future charegs to my card and cancel my subscription.",BILLING_PAYMENT
4829,"Good morning, The receipt email for my payment never arrived. Regards.",BILLING_PAYMENT
7125,I get an access denied message when I try to open my workspace. Thank you,ACCOUNT_ACCESS
862,Can you walk me through how to change my time zone?,HOW_TO_SUPPORT
3249,"Hello team, I have some quesitons about your company before I proceed.",OTHER
5052,I want to report something that does not fit any category. Please respond soon,OTHER
2471,Are you curretnly hiring?,OTHER
3429,A pop up with a error 500 appears every time I try to share. Thanks a lot.,TECHNICAL_ISSUE
6907,Can you help me regain access to my account? I need to get in right now. Thanks in advance.,ACCOUNT_ACCESS
4086,"Good morning, I saw your ad and want to laern more.",OTHER
9072,Text is cut off and overlapping on the admin console on my work computer. Thanks.,TECHNICAL_ISSUE
8488,"Hi team, My payment was successful but my subscription is still inactive.",BILLING_PAYMENT
2171,I forgot my password and the reset link says it has expired. Any help would be appreciated.,ACCOUNT_ACCESS
3122,"The verification step keeps failing when I try to sign in, since yesterday. Regards",ACCOUNT_ACCESS
5336,"Hello support, Data I enteerd yesterday disappeared from the settings page.",TECHNICAL_ISSUE
1653,Would it be possible to duplicate an entire project? That would save us a lot of time.,FEATURE_REQUEST
2927,"Hi, Could someone give me an overview of what your company does?",OTHER
1479,I am unable to sign in to my account an hour ago.,ACCOUNT_ACCESS
8291,"Dear support team, Can you build a compact layout into the dashboard? Many users would benefit.",FEATURE_REQUEST
9320,everything works on my computer but the team page crashes on my ipad.,TECHNICAL_ISSUE
6006,Can you send me some information about what you offer? Thanks in advance.,OTHER
4141,"Hello, Is your service available in Nigeria? Regards",OTHER
7484,my team would love to have auto save. is it on the roadmap? please help.,FEATURE_REQUEST
7016,"Hi team, I am new here, how do I export my data?",HOW_TO_SUPPORT
4368,Could you add saved views to the workspace? Please respond soon.,FEATURE_REQUEST
7536,"Dear support team, Please add German language support. Any help would be appreciated.",FEATURE_REQUEST
5714,Do you support customers based in France? Please help.,OTHER
6490,"Hey, Do you offer any events or webinars?",OTHER
7854,I saw your ad and want to learn more. Thanks in advance.,OTHER
6046,The refresh button does nothing on the billing page,TECHNICAL_ISSUE
7802,"Hi there, Please unlock my account, I entered the wrong password several times.",ACCOUNT_ACCESS
8857,"Hello team, I am not able to log in from my iPhone but it wokrs on my computer.",ACCOUNT_ACCESS
547,My bank shows a pending charge of $29 that I do not recognize. Please respond soon,BILLING_PAYMENT
6297,"I am a student working on a school project about your product, who can I talk to? Please advise.",OTHER
5141,"Please rfeund my last payment, I did not use the service at all.",BILLING_PAYMENT
5545,I am not sure who to ask aobut this. Let me know what to do.,OTHER
7416,The system says the Excel file format is not supported even though it is valid.,TECHNICAL_ISSUE
6066,"Hi there, Can I pay by bank transfer instead of card? My card keeps getting declined.",BILLING_PAYMENT
2497,"Greetings, Please let us export invoices to Word.",FEATURE_REQUEST
1179,Please send an invoice for my latest Premium subscription payment. Thanks in advance.,BILLING_PAYMENT
6905,"Good afternoon, Is your service available in Nigeria?",OTHER
8170,I am stuck in a loop where the site asks me to verify my email again and again. Let me know what to do.,ACCOUNT_ACCESS
4169,"Hello, Images are not displaying correctly on the settings page in Brave.",TECHNICAL_ISSUE
3107,"Hi team, Everything on the task list is loading extremely slowly since this morning.",TECHNICAL_ISSUE
3478,What are the steps to transfer ownership of a workspace?,HOW_TO_SUPPORT
7223,I was charged $14 this month but I expected a different amount.,BILLING_PAYMENT
2397,Why was I billed $120 when my plan should be cheaper?,BILLING_PAYMENT
2185,"Please add a Dropbox integration, our whole team uses it. Thanks a lot.",FEATURE_REQUEST
6895,"Dear support team, Not sure how to update my profile picture, can you point me to the right help article?",HOW_TO_SUPPORT
6460,Do you have any security certifications? Thanks a lot.,OTHER
8724,"Hey, Can you help me regain access to my account? I have a deadline today.",ACCOUNT_ACCESS
1888,"Hi there, I would love to see an integration with Google Drive.",FEATURE_REQUEST
5716,"Hi there, The verification email never arrives in my inbox. Thanks.",ACCOUNT_ACCESS
5583,Please let us export tables to PDF.,FEATURE_REQUEST
229,"Hi there, I was charged EUR 15 this week but I expected a different amount.",BILLING_PAYMENT
7224,"dear support team, why is my account blocked? i need it restored as soon as possible.",ACCOUNT_ACCESS
8994,video previews will not play in the reports page. thanks in advance.,TECHNICAL_ISSUE
4854,"Good morning, Data I entered yesterday disappeared from the reports page.",TECHNICAL_ISSUE
8548,Why is my account frozen? I need it retsored as soon as possible.,ACCOUNT_ACCESS
3439,"Hey, It would be useful to receive biweekly performance summaries by email.",FEATURE_REQUEST
9202,"Hi, I would like to speak with a sales representative about enterprise options. Thank you.",OTHER
9199,Do you support customers based in Germany? Thanks a lot.,OTHER
5932,"Greetings, My username is not recognized on the login page. Thanks a lot.",ACCOUNT_ACCESS
983,"greetings, i forgot the email i used to register and cannot get into my account.",ACCOUNT_ACCESS
5163,"Good afternoon, Unable to sign in on Chrome, it just keeps reloading the login page.",ACCOUNT_ACCESS
1601,"Good morning, I represent a media outlet and want to reach out to the press team. Any help would be appreciated.",OTHER
7510,"Good morning, The password reset email takes forever to arrive and then it has expired.",ACCOUNT_ACCESS
6302,"Good morning, There is a bug where the search page shows duplicate entries after I import",TECHNICAL_ISSUE
4781,I cannot access my team page because it says I do not have permission.,ACCOUNT_ACCESS
4959,i would like to speak with a sales representative about enterprise options. thank you.,OTHER
9139,i need to talk to smoeone but i do not know what to select.,OTHER
7391,"Good afternoon, Please add support for exporting to Word and also templates. Please respond soon.",FEATURE_REQUEST
8557,My renewal payment failed and now my subscription shows as past due. Thanks a lot.,BILLING_PAYMENT
1631,I keep getting an invlaid password message even though I am typing it correctly.,ACCOUNT_ACCESS
7262,"Greetings, Video previews will not play in the mobile app.",TECHNICAL_ISSUE
6749,"Hi there, Could you please implement login alerts by email in a coming update?",FEATURE_REQUEST
3157,"Unable to sign in on Brave, it just keeps reloading the login page. Please help.",ACCOUNT_ACCESS
2038,How do I use the search page to share a dashboard with a client? Please respond soon.,HOW_TO_SUPPORT
42,Do you have a tutorial on how to create a template?,HOW_TO_SUPPORT
9579,"Hey, I am unable to sign in to my account for the past few days.",ACCOUNT_ACCESS
9653,I wolud like the option to add custom fields to every project in a future release. Thanks in advance.,FEATURE_REQUEST
1594,"Hi there, How can I share a dashbaord with a client?",HOW_TO_SUPPORT
5875,Where can I change my integration settings? Regards.,HOW_TO_SUPPORT
1107,"The verification step keeps faliing when I try to sign in, since yesterday.",ACCOUNT_ACCESS
8770,Where is your company located? Regards,OTHER
2066,Charts on the reports page do not load.,TECHNICAL_ISSUE
4903,Is your service available in France? Thanks in advance.,OTHER
417,"Hello support, Could you add custom themes to the admin console? Please respond soon.",FEATURE_REQUEST
1986,How do I use the team page to share a dashboard with a client?,HOW_TO_SUPPORT
7954,"Hi, Do you support customers based in India?",OTHER
8664,I would love to see an integration with Asana.,FEATURE_REQUEST
8923,"Hello team, Please stop future charges to my card and cancel my subscription. Thanks in advance.",BILLING_PAYMENT
4533,"Hello team, I am not able to log in from my iPad but it works on my computer. Thanks in advance.",ACCOUNT_ACCESS
2654,The autosave is broken and my work was lost since the latest update.,TECHNICAL_ISSUE
9257,I saw your ad and want to learn more. Thanks.,OTHER
2473,please show me how to turn on email alerts.,HOW_TO_SUPPORT
7747,"good afternoon, account recovery is not working, the login code is not being sent.",ACCOUNT_ACCESS
8456,"Thank you for your help, everything is fine now. Regards.",OTHER
6846,Can you build a mobile widget into the project board? Many users would benefit,FEATURE_REQUEST
7103,Please add support for exporting to JSON and also dark mode.,FEATURE_REQUEST
6529,Suggestion: allow users to mark items as favorites. Any help would be appreciated.,FEATURE_REQUEST
9114,Where can I change my saved filters? Regards.,HOW_TO_SUPPORT
3039,Thanks for the great support last week! Thank you.,OTHER
856,Please add drag and drop to the team page. Please advise.,FEATURE_REQUEST
3201,"Please add a Trello integration, our whloe team uses it.",FEATURE_REQUEST
3195,Can someone explain how to use the task list?,HOW_TO_SUPPORT
8089,"My changes are not saved, the workspace reverts to the old values. Thanks.",TECHNICAL_ISSUE
2491,"We really need templates on the calendar, please consider it.",FEATURE_REQUEST
3714,I see a spinning loader that never finishes on the mobile app.,TECHNICAL_ISSUE
3241,"Dear support team, Is there someone I can meet in person to talk about your product? Let me know what to do.",OTHER
9758,Which menu do I use to change my password from the settings page?,HOW_TO_SUPPORT
1186,What is the easiest way to update my profile picture?,HOW_TO_SUPPORT
2000,Where do I go in the team page to change my export options?,HOW_TO_SUPPORT
3097,Why is my account frozen? I cannot do my work.,ACCOUNT_ACCESS
2831,"My changes are not saved, the billing page reverts to the old values.",TECHNICAL_ISSUE
8579,please add templates to the workspace.,FEATURE_REQUEST
3349,The coupon code did not apply at checkout and I was charged the full price. Thanks in advance.,BILLING_PAYMENT
9433,How do I set up my workspace for the first time? Thanks a lot.,HOW_TO_SUPPORT
7447,"Hello, Suggestion: allow users to set custom roles for team members.",FEATURE_REQUEST
2745,"Dear support team, I was billed $249 twice for the same subscription.",BILLING_PAYMENT
1802,I was billed $120 twice for the same subscription.,BILLING_PAYMENT
5999,"Hello team, Scheduled reports are not running at the set time.",TECHNICAL_ISSUE
8838,"Greetings, I upgraded my plan but the charge shows the wrong amount.",BILLING_PAYMENT
5780,Everything works on my computer but the profile page crashes on my Windows laptop,TECHNICAL_ISSUE
4949,I was charged after my free trial ended without any reminder. Regards.,BILLING_PAYMENT
1275,"I am new here, how do I pin a dashboard as my home page? Thanks.",HOW_TO_SUPPORT
2280,Someone chanegd my password and I no longer have access to my account.,ACCOUNT_ACCESS
6782,I paid for the annual plan but my account still shows the free tier.,BILLING_PAYMENT
2510,How can I chagne my notification settings?,HOW_TO_SUPPORT
701,"Hello, I would like to know who I should contact regarding a collaboration. Let me know what to do",OTHER
6258,How do I use the workspace to share a dashboard with a client?,HOW_TO_SUPPORT
2459,"Good morning, The password I created during sign up is not accetped at login.",ACCOUNT_ACCESS
7154,I would like a refund for the $120 charge last month,BILLING_PAYMENT
4353,Please add saved views to the billing page,FEATURE_REQUEST
4534,do you support customers based in india? thank you.,OTHER
5629,"Hello, I want to leave general feedback about my experience.",OTHER
3264,"Hello team, What is the easiest way to find my activity history?",HOW_TO_SUPPORT
9220,The moible app closes immediately after opening on my Android phone.,TECHNICAL_ISSUE
8010,I would love to see an integration with Outlook. Thank you.,FEATURE_REQUEST
5059,It would be helpful if the settings page supported drag and drop.,FEATURE_REQUEST
8835,"Hi there, The page keeps refreshing by itself and I lose what I typed. Please advise.",TECHNICAL_ISSUE
3483,How do I invite a member to my workspace? Please help.,HOW_TO_SUPPORT
7077,"Hi team, Do you have a partnership program?",OTHER
3040,My invitation link to join the team does not let me sign in. Any help would be appreciated.,ACCOUNT_ACCESS
5610,"Hello support, My card was charged three times this week.",BILLING_PAYMENT
4161,"Hi, I have been overcharged on the first of the month, please look into my billing.",BILLING_PAYMENT
3130,"Good afternoon, I am getting a message that my account is temporarily locked, please help me get in. Thank you.",ACCOUNT_ACCESS
2633,Can you walk me through how to add a new team member?,HOW_TO_SUPPORT
8650,My username is not recognized on the login page. Any help would be appreciated.,ACCOUNT_ACCESS
335,"Greetings, I cannot log in on my Linux machine.",ACCOUNT_ACCESS
7632,"Hello support, The payment went through but I did not get a confirmation and my account is not upgraded.",BILLING_PAYMENT
1881,Uploading a ZIP file gets stuck at 99 percent and never finishes.,TECHNICAL_ISSUE
9274,"Hi team, Why did the price of my Enterprise plan go up? Regards.",BILLING_PAYMENT
2587,How do I use the analytics page to upload a company logo?,HOW_TO_SUPPORT
6402,"We really need an undo button on the team page, please consider it.",FEATURE_REQUEST
9537,"Add a compact layout please, it is msising from the analytics page.",FEATURE_REQUEST
802,"Hello, Hello, is anyone there? Please advise.",OTHER
9383,Text is cut off and overlapping on the task list on my work computer.,TECHNICAL_ISSUE
9940,Where can I change my profile information?,HOW_TO_SUPPORT
7429,It would be great to have a search bar in the task list.,FEATURE_REQUEST
4392,Everything on the profile page is loading extremely slowly since yesterday.,TECHNICAL_ISSUE
4752,Where can I find the profile information?,HOW_TO_SUPPORT
9687,"Good morning, I am a student working on a shcool project about your product, who can I talk to? Let me know what to do.",OTHER
2223,"Good morning, Is there a guide that shows how to create a new project? Regards",HOW_TO_SUPPORT
8876,"Hey, The site is down for me, I only see a generic error message.",TECHNICAL_ISSUE
3495,What is the easiest way to use filters on the dashboard?,HOW_TO_SUPPORT
2616,"Hi team, Please stop future charges to my card and cancel my subscription. Thank you.",BILLING_PAYMENT
7548,"Hello, Can you recommend which team I should contact for my request?",OTHER
2489,Do you support customers based in India? Regards.,OTHER
8000,I do not have accses to my old email address and need to recover my account.,ACCOUNT_ACCESS
1992,There is a bug where the dashboard shows duplicate entries after I sync. Let me know what to do.,TECHNICAL_ISSUE
6194,"Please unlock my account, I entered the wrong password several times. Thank you.",ACCOUNT_ACCESS
3179,"Hello team, The billing page is very slow and keeps freezing on my Windows laptop.",TECHNICAL_ISSUE
6931,The reset link does nothing when I click it. Thank you.,ACCOUNT_ACCESS
5828,"Good morning, It would improve my workflow if I could schedule reports in advance.",FEATURE_REQUEST
490,Uploading a spreadsheet gets stuck at zero percent and never finishes. Thanks.,TECHNICAL_ISSUE
2605,"Hello, I want to report something that does not fit any category. Thanks.",OTHER
1350,Do you have any security certifications? Thanks in advance.,OTHER
4710,"Hello support, I need to change the credit card used for my subscription payments. Let me know what to do.",BILLING_PAYMENT
3644,Could you add saved views to the admin console?,FEATURE_REQUEST
7934,"Good morning, Buttons on the profile page do not respond when I click them.",TECHNICAL_ISSUE
6430,A pop up with a error code 403 appears every time I try to publish.,TECHNICAL_ISSUE
4740,"Hello team, Could you tell me how to pin a dashboard as my home page? Please help.",HOW_TO_SUPPORT
8418,"Good afternoon, Could you add an option to export project lists as JSON?",FEATURE_REQUEST
6778,I would like a refund for the $120 charge on the first of the month.,BILLING_PAYMENT
7823,"Hi there, I think I sent this to the wrong place, who is the right contact?",OTHER
50,It would be great to have bulk actions in the notifications panel.,FEATURE_REQUEST
1145,My card was charged twice on the first of the month.,BILLING_PAYMENT
6636,"Hello team, I am not sure who to ask about this. Please respond soon.",OTHER
9447,"Hey, It would be great to have keyboard shortcuts in the search page.",FEATURE_REQUEST
5290,"Good afternoon, Can you recommend which team I should contact for my request?",OTHER
6899,How did your cmopany start? I am curious. Please respond soon.,OTHER
7461,"Hello team, I have some questions about your company before I proceed. Please advise.",OTHER
4073,"Good morning, My card was charged twice this month. Thanks in advance.",BILLING_PAYMENT
6020,I see a spinning loader that never finishes on the admin console.,TECHNICAL_ISSUE
5150,"Hi team, Please add drag and drop to the profile page.",FEATURE_REQUEST
6721,i want to leave general feedback about my experience. please advise.,OTHER
1140,"Hello support, Notifications are not being delivered to my phone.",TECHNICAL_ISSUE
155,"Hi team, I have a general inquiry that does not fit any of the topics.",OTHER
6045,"Hi team, Can you walk me through how to chnage my notification settings? Regards",HOW_TO_SUPPORT
5916,I get a error code 403 when I try to export on the reports page. Please help.,TECHNICAL_ISSUE
4262,"Hi, I would like to know who I should contact regarding a collaboration. Regards.",OTHER
112,My card was charged twice this month,BILLING_PAYMENT
8553,I cannot log in after turning on two-factor authentication. Thanks a lot.,ACCOUNT_ACCESS
48,There is a bug where the project board shows duplicate enrties after I upload,TECHNICAL_ISSUE
7666,I would like a refund for the GBP 12 charge yesterday. Let me know what to do.,BILLING_PAYMENT
3645,"Hello support, The exported JPEG photo is corrupted and cannot be opened.",TECHNICAL_ISSUE
8298,"Hello support, The analytics page does not display anything after the latest update. Please help.",TECHNICAL_ISSUE
8512,"Hello, Hello, is anyone there? Thanks in advance.",OTHER
7543,Could you add keyboard shortcuts to the analytics page?,FEATURE_REQUEST
9261,I was removed from the workspace by mistake and cannot get back in. Please advise.,ACCOUNT_ACCESS
6403,An option for a compact layout would make the product much better.,FEATURE_REQUEST
7300,Could you add drag and drop to the workspace?,FEATURE_REQUEST
396,Can you help me regain access to my account? I need it restored as soon as possible.,ACCOUNT_ACCESS
5556,"Hello support, I cannot log in after the latest update.",ACCOUNT_ACCESS
5731,"Good afternoon, I would like to speak with a sales representative about enterprise options. Thanks in advance.",OTHER
5641,"Good morning, The autosave is broken and my work was lost for two days.",TECHNICAL_ISSUE
908,"Add version history please, it is missing from the admin console",FEATURE_REQUEST
2339,Can you send me an invoice for the $59.99 payment?,BILLING_PAYMENT
8469,where do i go in the project board to change my display name?,HOW_TO_SUPPORT
3211,Where can I find the profile information? Thanks a lot,HOW_TO_SUPPORT
1036,I lost my phone and canont receive the verification code to sign in.,ACCOUNT_ACCESS
7469,What are your business hours? Let me know what to do.,OTHER
7093,Feature request: the ability to set reminders on tasks,FEATURE_REQUEST
762,why was i billed eur 15 when my plan should be cheaper? thank you.,BILLING_PAYMENT
1614,I would like instructions on how to export my data.,HOW_TO_SUPPORT
441,"Hey, Thank you for your help, everything is fine now",OTHER
7214,Any plans to support Portugeuse in the interface? Thank you,FEATURE_REQUEST
8310,"Good morning, Please add a Zapier integration, our whole team uses it.",FEATURE_REQUEST
1153,"Hi, I upgraded my plan but the chrage shows the wrong amount.",BILLING_PAYMENT
5557,"Hello, Can you recommend which team I should contact for my request? Any help would be appreciated.",OTHER
5190,"Hi there, The password I created during sign up is not accepted at login.",ACCOUNT_ACCESS
3303,"I am new here, how do I change my password from the settings page?",HOW_TO_SUPPORT
9702,"Hi team, I was charged GBP 45 for a plan I never upgraded to.",BILLING_PAYMENT
8673,"Hi there, Can someone explain how to use the reports page? Please respond soon.",HOW_TO_SUPPORT
9634,I am trying to print a report but I cannot find the option. Where is it?,HOW_TO_SUPPORT
5199,"Hi team, I would like more information before I create an account.",OTHER
4744,"Good morning, I would like the option to sort the list by multiple columns in a future release.",FEATURE_REQUEST
8760,Please show me how to create a template.,HOW_TO_SUPPORT
815,"Good morning, I cannot log in atfer turning on two-factor authentication.",ACCOUNT_ACCESS
2306,"Hello, My card was charged three times for my annual plan.",BILLING_PAYMENT
2080,"Hello team, I saw your ad and want to leran more.",OTHER
9744,How do I use the task list to find my activity history?,HOW_TO_SUPPORT
3745,"Add keyboard shortcuts please, it is missing from the task list.",FEATURE_REQUEST
3668,"hi there, i cannot log in on my tablet. thank you.",ACCOUNT_ACCESS
6940,"Hello, I was removed from the workspace by msitake and cannot get back in.",ACCOUNT_ACCESS
7662,"Greetings, I paid for the Business plan but my account still shows the free tier.",BILLING_PAYMENT
267,"Good morning, The activation email never arrives in my inbox.",ACCOUNT_ACCESS
1004,"Hi there, The payment went through but I did not get a confirmation and my account is not upgraded. Regards.",BILLING_PAYMENT
5914,"Hello team, After I reset my password the new one is not accepted. Please respond soon.",ACCOUNT_ACCESS
3857,"Hello, Could you tell me how to change the language of the interface?",HOW_TO_SUPPORT
3181,Plesae show me how to share a dashboard with a client.,HOW_TO_SUPPORT
3390,"Hello team, The receipt email for my payment never arrived. Thanks in advance.",BILLING_PAYMENT
4968,The coupon code did not apply at checkout and I was charged the full price. Please respond soon.,BILLING_PAYMENT
1530,"Hi, Account recovery is not working, the login code is not being sent",ACCOUNT_ACCESS
9589,My bank shows a pending charge of GBP 12 that I do not recognize. Thanks in advance.,BILLING_PAYMENT
7883,I see a spinning loader that never finishes on the analytics page.,TECHNICAL_ISSUE
2962,My PayPal payment failed but the mnoey left my account.,BILLING_PAYMENT
1956,"Greetings, There is a mistake in my latest invoice, the total does not match the plan price. Please advise.",BILLING_PAYMENT
2086,Would it be possible to add custom fields to every project? That would save us a lot of time.,FEATURE_REQUEST
565,Can someone explain how to use the dashboard?,HOW_TO_SUPPORT
1879,"Hello support, Please stop future charges to my card and cancel my subscription.",BILLING_PAYMENT
3010,I would like to get in touch with your prses team.,OTHER
9950,"Hello team, I was removed from the workspace by mistake and cannot get back in.",ACCOUNT_ACCESS
8734,"Hello team, I would like more information before I create an account.",OTHER
369,"Good morning, Can I pay by bank transfer instead of card? My card keeps getting declined. Let me know what to do.",BILLING_PAYMENT
1427,"hello support, please send an invoice for my latest pro subscription payment.",BILLING_PAYMENT
2120,I would like the option to add custom fields to every project in a future release.,FEATURE_REQUEST
591,I need a corrected invoice with our new company address. Please advise.,BILLING_PAYMENT
6188,"Hello team, Is there a guide that shows how to create a template? Any help would be appreciated.",HOW_TO_SUPPORT
1620,"Greetings, Everything works on my computer but the team page crashes on my Windows laptop",TECHNICAL_ISSUE
6324,"Good afternoon, Could you add dark mode to the analytics page?",FEATURE_REQUEST
7774,I am getting a error 404 whenever I open the task list.,TECHNICAL_ISSUE
9949,"Hi, Where do I go in the workspace to change my time zone settings?",HOW_TO_SUPPORT
3806,"I am new here, how do I upload a company logo",HOW_TO_SUPPORT
4830,Where do I go in the search page to change my profile information?,HOW_TO_SUPPORT
8225,Where do I go in the settings page to change my language settings,HOW_TO_SUPPORT
2818,"Hello, Is your service available in Singapore?",OTHER
5624,Could you add an option to export contact lists as Google Sheets?,FEATURE_REQUEST
1499,"Dear support team, Notifications are not being delivered to my phone.",TECHNICAL_ISSUE
2097,"Hey, I cannot log in since this morning. Thanks.",ACCOUNT_ACCESS
9692,I have a question about your service. Any help would be appreciated.,OTHER
447,My bank shows a pending charge of $99 that I do not recognize. Please advise.,BILLING_PAYMENT
7346,"Hi team, The mobile app closes immediately after opening on my Android phone.",TECHNICAL_ISSUE
7588,The print button does nothing on the admin console.,TECHNICAL_ISSUE
2085,"Hello, Please add dark mode to the profile page.",FEATURE_REQUEST
9368,"Good morning, There is a mistake in my latest invoice, the total does not match the plan price.",BILLING_PAYMENT
8916,"Good afternoon, I represent a meida outlet and want to reach out to the press team.",OTHER
8566,"Hi there, I saw your ad and want to learn more.",OTHER
4542,"Hi team, Do you have a tutorial on how to remove a user from my team? Please help.",HOW_TO_SUPPORT
6638,Everything works on my computer but the project board crashes on my Linux machine,TECHNICAL_ISSUE
4357,"Good morning, The two-factor code is rejected every time I try to sign in.",ACCOUNT_ACCESS
7098,I want a refnud because I was billed after cancelling. Please advise.,BILLING_PAYMENT
9295,"Hi team, Sign in with single sign-on fails and shows an unauthorized message.",ACCOUNT_ACCESS
785,"Hello team, The receipt email for my payment never arrived.",BILLING_PAYMENT
6777,"Hi team, I was charged after my free trial ended without any reminder.",BILLING_PAYMENT
2262,my team would love to have dark mode. is it on the roadmap?,FEATURE_REQUEST
2800,"Hi team, I want to leave general feedback about my experience.",OTHER
6998,Please send an invoice for my latest Premium subscription payment. Thanks.,BILLING_PAYMENT
4880,"dear support team, i am trying to add a new team member but i cannot find the option. where is it?",HOW_TO_SUPPORT
6200,I was charged for extra seats that I did not add. Thanks a lot.,BILLING_PAYMENT
6476,Could you add a favorites list to the admin console?,FEATURE_REQUEST
7509,"Hey, Test message, please ignore.",OTHER
3969,"Dear support team, Can you explain how to use filters on the dashboard?",HOW_TO_SUPPORT
5680,Data I entered yesterday disappeared from the mobile app. Let me know what to do.,TECHNICAL_ISSUE
7645,"Dear support team, I would like to get in touch with customer success.",OTHER
3717,"I think I sent this to the wrong place, who is the right contact? Thanks in advance.",OTHER
3215,"I think I sent this to the wrong place, who is the right contact? Regards.",OTHER
2052,"Greetings, I would like to get in tuoch with a product specialist.",OTHER
6618,"Good morning, Why is my account deactivated? I need it restored as soon as possible.",ACCOUNT_ACCESS
1472,"Greetings, An option for drag and drop would make the product much better.",FEATURE_REQUEST
1629,It would improve my workflow if I could restore deleted items from a trash folder,FEATURE_REQUEST
1652,"Hello support, I keep getting an invalid password message even though I am typing it correctly.",ACCOUNT_ACCESS
5573,"Good afternoon, The receipt email for my payment never arrived. Please advise.",BILLING_PAYMENT
9633,are you currently hiring? please advise.,OTHER
6930,The app freezes when I try to delete a large PDF,TECHNICAL_ISSUE
4866,My invitation link to join the team does not let me sign in. Please advise.,ACCOUNT_ACCESS
5837,I paid for the Basic plan but my account still shows the free tier.,BILLING_PAYMENT
1450,"Hey, My invitation link to join the team does not let me sign in.",ACCOUNT_ACCESS
903,"There is a mistake in my latest invoice, the total does not match the plan price. Please help.",BILLING_PAYMENT
6588,The payment page rejects my card and I cannot renew my annual plan. Regards,BILLING_PAYMENT
5640,My team wolud love to have saved views. Is it on the roadmap?,FEATURE_REQUEST
3821,"Greetings, My team would love to have saved views. Is it on the roadmap? Please respond soon.",FEATURE_REQUEST
427,"Hi team, I forgot my password and the reset link says it has expired.",ACCOUNT_ACCESS
5393,i am not able to log in from my tbalet but it works on my computer. thanks in advance.,ACCOUNT_ACCESS
1230,"Hello, I think I sent this to the wrong place, who is the right contact? Please respond soon.",OTHER
2873,The mobile app clsoes immediately after opening on my iPhone.,TECHNICAL_ISSUE
2419,"Hi team, Test message, please ignore.",OTHER
3695,Plesae add dark mode to the dashboard.,FEATURE_REQUEST
746,The page never finishes loading and only shows a server error. Regards.,TECHNICAL_ISSUE
9837,"Hello support, Search returns no results even for items that I know exist. Thank you.",TECHNICAL_ISSUE
9724,"Hello, The mobile app closes immediately after opening on my work computer. Regards.",TECHNICAL_ISSUE
5603,"Dear support team, Unable to sign in on Opera, it just keeps reloading the login page.",ACCOUNT_ACCESS
283,I lost my phnoe and cannot receive the verification code to sign in.,ACCOUNT_ACCESS
257,"Hi, Can you send me some information about what you offer?",OTHER
7317,everything on the search page is loading extremely slowly since this morning. please respond soon.,TECHNICAL_ISSUE
7322,"Hi, I paid for the Starter plan but my account still shows the free tier.",BILLING_PAYMENT
8171,"Good morning, I am not able to log in from my iPad but it works on my computer. Any help would be appreciated.",ACCOUNT_ACCESS
2207,A pop up with a 502 bad gateway appears every time I try to save. Thanks a lot.,TECHNICAL_ISSUE
4438,How do I share a dashboard with a client? Thanks in advance.,HOW_TO_SUPPORT
812,"Good afternoon, My card was charged twice for March.",BILLING_PAYMENT
5069,"Add an undo button please, it is missing from the analytics page. Regards.",FEATURE_REQUEST
5228,"Hello support, How do I merge duplicate entries?",HOW_TO_SUPPORT
3618,Can you walk me through how to create a template? Please advise.,HOW_TO_SUPPORT
3154,"dear support team, can i know more about your service before deciding?",OTHER
4296,"Hi team, The website does not work properly in Edge, but it is fine in another browser. Please help.",TECHNICAL_ISSUE
967,I am trying to restore a deleted file but I cannot find the option. Where is it?,HOW_TO_SUPPORT
820,I cannot log in after turning on two-factor authentication. Thanks.,ACCOUNT_ACCESS
2601,"Hi team, The coupon code did not apply at checkout and I was charged the full price. Thank you.",BILLING_PAYMENT
7087,is it possible to share a dashborad with a client? i cannot find where.,HOW_TO_SUPPORT
3796,I need to upadte the billing address on my invoice. Please advise.,BILLING_PAYMENT
4477,"Payment status says pending for days, and my subscription is still not active. Let me know what to do.",BILLING_PAYMENT
8395,"Hello team, I cannot log in after resetting my password.",ACCOUNT_ACCESS
4775,Where is your company located? Please help.,OTHER
3619,It would be helpful if the inbox supported a compact layout.,FEATURE_REQUEST
170,Feature request: the ability to sort the list by multiple columns.,FEATURE_REQUEST
208,"Hey, I want to leave geenral feedback about my experience",OTHER
2095,"Hi, I need help but I am not sure which option applies. Any help would be appreciated.",OTHER
478,I am locked out after too many failed login attempts.,ACCOUNT_ACCESS
2886,I would like instructions on how to add a comment to a task. Please help.,HOW_TO_SUPPORT
4802,"Hi there, The password reset email never arrives in my inbox.",ACCOUNT_ACCESS
6171,I was charged for exrta seats that I did not add.,BILLING_PAYMENT
3400,I was charged $120 for a plan I never upgraded to.,BILLING_PAYMENT
5735,Can I know more about your service before deciding? Let me know what to do.,OTHER
7498,I was charged GBP 45 last month but I expected a different amount. Thanks in advance,BILLING_PAYMENT
4787,"hello team, i got charged in the wrong currency for my enterprise plan.",BILLING_PAYMENT
6455,My account is frozen and I cannot reach my data.,ACCOUNT_ACCESS
6856,There is an unknown charge of $24.99 from your company on my bank statement. Thanks in advance.,BILLING_PAYMENT
8102,"Hello, My colleague left the company and I need accses to the admin account.",ACCOUNT_ACCESS
2577,"Hello support, Why is my account blocked? I cannot reach my data.",ACCOUNT_ACCESS
6165,"Hello team, It would be great to have keyboard shortcuts in the dashboard.",FEATURE_REQUEST
5591,I cancelled my subscription weeks ago and you still took money from my account. Thanks in advance.,BILLING_PAYMENT
1506,Images are not displaying correctly on the billing page in Chrome.,TECHNICAL_ISSUE
9908,There is a bug where the profile page shows duplicate entries after I download. Please respond soon.,TECHNICAL_ISSUE
3786,"Hi, Can you walk me through how to create a custom report",HOW_TO_SUPPORT
3087,Which menu do I use to change my display name? Thanks.,HOW_TO_SUPPORT
3426,I am not able to log in from my Windows laptop but it works on my computer.,ACCOUNT_ACCESS
8016,Can you send me an invoice for the EUR 39 payment,BILLING_PAYMENT
2806,"Good afternoon, I was charged $19 for a plan I never upgraded to.",BILLING_PAYMENT
8034,"Hi, Someone changed my password and I no longer have access to my account.",ACCOUNT_ACCESS
6227,My PayPal payment failed but the money left my account. Any help would be appreciated.,BILLING_PAYMENT
8218,"Hello, I saw your ad and want to learn more.",OTHER
3860,I cannot log in for the past few days. Thanks a lot.,ACCOUNT_ACCESS
7593,"Good morning, Can someone contact me about an issue?",OTHER
5435,"Hi, Why did the price of my Basic plan go up? Thank you.",BILLING_PAYMENT
6308,The app crashes every time I try to print.,TECHNICAL_ISSUE
2191,Can you send me an invoice for the EUR 15 payment?,BILLING_PAYMENT
2879,"Good morning, My renewal payment failed and now my subscription shows as past due. Let me know what to do.",BILLING_PAYMENT
8471,"please reset my account access, i cannot get past the login screen. please advise.",ACCOUNT_ACCESS
3918,Are you currenlty hiring? Thanks in advance.,OTHER
6954,How do I use the workspace to link my account to Slack?,HOW_TO_SUPPORT
1759,The reports page becomes blank when I upload a Excel file.,TECHNICAL_ISSUE
9992,I would like more information before I create an account. Please respond soon.,OTHER
8855,feature request: the ability to see who viewed a shared report.,FEATURE_REQUEST
1729,"good afternoon, i am stuck in a loop where the site asks me to verify my email again and again. thank you.",ACCOUNT_ACCESS
9598,Text is cut off and overlapping on the mobile app on my iPad. Please respond soon.,TECHNICAL_ISSUE
4935,"Hello support, Images are not displaying correctly on the admin console in Chrome.",TECHNICAL_ISSUE
5569,How can I change my time zone?,HOW_TO_SUPPORT
7495,"hello support, after i reset my password the new one is not accepted.",ACCOUNT_ACCESS
6294,"Hi there, I need help but I am not sure which option applies. Thank you",OTHER
2083,"Hello support, I was charged after my free trial ended without any reminder.",BILLING_PAYMENT
9539,"Dear support team, Hello, is anoyne there?",OTHER
3072,Why is my account deactivated? I need it restored as soon as possible. Thanks a lot.,ACCOUNT_ACCESS
3467,"Greetings, I cannot access my profile page because it says I do not have permission.",ACCOUNT_ACCESS
7394,Please let us export contact lists to PDF.,FEATURE_REQUEST
3452,"Hello, I am new here, how do I update my profile picture?",HOW_TO_SUPPORT
1739,"I never received the magic link, I already checked my spam folder.",ACCOUNT_ACCESS
6583,I represent a media outlet and want to reach out to the press team. Any help would be appreciated.,OTHER
5684,I downgraded to the Premium plan but I was still billed the higher price. Please respond soon.,BILLING_PAYMENT
2555,"hello, my colleague left the company and i need access to the admin account.",ACCOUNT_ACCESS
9235,"Please get back to me when you can, I have a few questions. Please help.",OTHER
4271,File uploads stay stuck at zero percent. Thanks.,TECHNICAL_ISSUE
7014,Which menu do I use to set up a recurring report? Please advise.,HOW_TO_SUPPORT
9910,"Hi there, The API returns a timeout error when I call the endpoint.",TECHNICAL_ISSUE
21,I have a question about your service.,OTHER
2698,"Good morning, I do not have access to my old email address and need to recover my account.",ACCOUNT_ACCESS
2880,Please show me how to duplicate a project. Any help would be appreciated.,HOW_TO_SUPPORT
4638,"Greetings, My team would love to have a favorites list. Is it on the roadmap?",FEATURE_REQUEST
3623,Could you please implement passkey support in a coming update? Thanks in advance.,FEATURE_REQUEST
5819,"Greetings, I think I sent this to the wrong place, who is the right contact? Regards.",OTHER
1067,Can you send me some information about what you offer?,OTHER
2076,"The verification step keeps failing when I try to sign in, since this morning. Please advise.",ACCOUNT_ACCESS
4851,"Good morning, I downgraded to the Enterprise plan but I was still billed the higher price.",BILLING_PAYMENT
1163,"Hello support, Sign in with single sign-on fails and shows an unauthorized message.",ACCOUNT_ACCESS
5563,"dear support team, the verification step keeps failing when i try to sign in, since last night. let me know what to do.",ACCOUNT_ACCESS
7388,"Please unlock my account, I entered the wrong password several times.",ACCOUNT_ACCESS
3332,Please stop future charges to my card and cancel my subscription. Thanks.,BILLING_PAYMENT
3521,"Hi there, I got charged in the wrong currency for my Basic plan.",BILLING_PAYMENT
4564,"Good afternoon, Do you support customers based in Canada?",OTHER
1044,"Hello, I think I sent this to the wrong place, who is the right contact",OTHER
3641,"Greetings, I wish the billing page had a favorites list. Thanks a lot.",FEATURE_REQUEST
4976,I cannot log in after turning on two-factor authentication. Thanks in advance.,ACCOUNT_ACCESS
935,How do I use the search page to use filters on the dashboard?,HOW_TO_SUPPORT
7444,"Good afternoon, I forgot the email I used to register and cannot get into my account.",ACCOUNT_ACCESS
7365,It would be helpful if the task list supported bulk actions.,FEATURE_REQUEST
7924,"Not sure how to transfer ownership of a workspace, can you point me to the right help article?",HOW_TO_SUPPORT
1566,"Hello support, The VAT number is missing from my invoice. Thanks in advance.",BILLING_PAYMENT
713,"Greetings, Where do I go in the analytics page to change my saved filters?",HOW_TO_SUPPORT
9935,"Dear support team, I am writing to ask about internship opportunities.",OTHER
9889,"Hey, Could you please implement authenticator app support in a coming update?",FEATURE_REQUEST
3240,"We really need auto save on the profile page, please consider it. Thank you.",FEATURE_REQUEST
2995,buttons on the notifications panel do not resopnd when i click them.,TECHNICAL_ISSUE
9614,Any plans to support Portuguese in the interface? Thanks.,FEATURE_REQUEST
4371,"Dear support team, My team would love to have auto save. Is it on the roadmap?",FEATURE_REQUEST
2024,I upgraded my plan but the charge shows the wrong amount. Thank you.,BILLING_PAYMENT
6029,Where is your company located? Thanks.,OTHER
3055,"Hello support, Please show me how to delete a workspace. Thanks in advance.",HOW_TO_SUPPORT
9900,Someone changed my password and I no longer have access to my account. Any help would be appreciated.,ACCOUNT_ACCESS
8523,"Hello team, Can you walk me through how to update my profile picture? Please advise.",HOW_TO_SUPPORT
3504,"I have been overcharged yesterday, please look into my billing.",BILLING_PAYMENT
5455,I was charged $29 for March but I expected a different amount. Please advise,BILLING_PAYMENT
2460,The mobile app closes immediately after opening on my Android phone.,TECHNICAL_ISSUE
4979,"Greetings, How did your company start? I am curious. Thanks.",OTHER
4625,Can you build a search bar into the billing page? Many users would benefit.,FEATURE_REQUEST
5997,"Dear support team, I need help but I am not sure which option applies.",OTHER
8449,Can you tell me more about your privacy policy? Please advise.,OTHER
653,The mobile app does not display anything after the latest update. Let me know what to do.,TECHNICAL_ISSUE
8194,I cannot log in on my iPad. Please help.,ACCOUNT_ACCESS
4121,"Hi team, I got charged in the wrong currency for my Pro plan",BILLING_PAYMENT
1251,Which menu do I use to make a teammate an admin?,HOW_TO_SUPPORT
2231,"Good afternoon, The autosave is broken and my work was lost since this morning.",TECHNICAL_ISSUE
3449,The download link gives a generic error message instead of the file. Please respond soon.,TECHNICAL_ISSUE
3124,I have a general inquiry that does not fit any of the topics. Please advise.,OTHER
7928,why did the price of my team plan go up?,BILLING_PAYMENT
9810,"Hi team, I would like to get in touch with the partnerships team. Thanks.",OTHER
2110,"Hi team, My card was charged three tiems this month.",BILLING_PAYMENT
1930,Images are not displaying correctly on the mobile app in Opera,TECHNICAL_ISSUE
3503,How do I use the calendar to set up a recurring report?,HOW_TO_SUPPORT
3968,Images are not displaying correctly on the inbox in Firefox.,TECHNICAL_ISSUE
7868,"Please reset my account access, I canont get past the login screen. Any help would be appreciated.",ACCOUNT_ACCESS
6191,"We really need custom themes on the notifications panel, please consider it.",FEATURE_REQUEST
945,"Hello, I was charged for extra seats that I did not add.",BILLING_PAYMENT
165,Text is cut off and overlapping on the team page on my work computer.,TECHNICAL_ISSUE
5297,I canont log in since Monday. Please help.,ACCOUNT_ACCESS
2838,"Add version history please, it is missing from the notifications panel.",FEATURE_REQUEST
616,"Good morning, Everything works on my computer but the reports page crashes on my work computer. Please respond soon.",TECHNICAL_ISSUE
8912,"Hello team, Are you currently hiring?",OTHER
2711,"Dear support team, Can you tell me more about your privacy policy?",OTHER
639,The notifications panel shows a timeout error for a week.,TECHNICAL_ISSUE
4285,I need a crorected invoice with our new company address.,BILLING_PAYMENT
5866,Are you planning to release version history in the future?,FEATURE_REQUEST
8648,"Hi team, Sign in with single sign-on fails and shows an unauthorized message. Thanks.",ACCOUNT_ACCESS
7872,"Please add a Outlook integration, our whole team uses it.",FEATURE_REQUEST
9824,"Hi team, I think I sent this to the wrong place, who is the right contact?",OTHER
1474,My account has been frozen and I do not know why. Please advise.,ACCOUNT_ACCESS
2566,"Hi team, Please add support for exporting to Excel and also templates.",FEATURE_REQUEST
3324,I need to talk to somoene but I do not know what to select. Let me know what to do.,OTHER
6118,File uploads stay stuck at zero percent. Please advise.,TECHNICAL_ISSUE
5504,Please add dark mode to the dashboard. Please help,FEATURE_REQUEST
4412,My PayPal payment failed but the money left my account. Regards.,BILLING_PAYMENT
2368,"Hello support, The app freezes when I try to sync a large video file.",TECHNICAL_ISSUE
8869,"Greetings, I am new here, how do I change the date format?",HOW_TO_SUPPORT
3309,Scheduled reports are not running at the set time. Any help would be appreciated.,TECHNICAL_ISSUE
2518,"Hello support, Charts on the notifications panel do not load. Please help.",TECHNICAL_ISSUE
590,Login fails on Brave with an authentication failed message.,ACCOUNT_ACCESS
9028,"Hi there, Do you support customers based in India?",OTHER
4860,"Hi, Please unlock my account, I entered the wrong password several times.",ACCOUNT_ACCESS
5888,do you offer any events or webinars? thanks a lot.,OTHER
6779,I was charged EUR 15 last month but I expected a different amount.,BILLING_PAYMENT
2115,"Hello, I would love to see an integration with Dropbox.",FEATURE_REQUEST
4532,There is a bug where the billing page shows duplicate entries after I print.,TECHNICAL_ISSUE
9477,"Hello support, How do I change the date format?",HOW_TO_SUPPORT
4717,"Hey, Please add dark mode to the dashboard.",FEATURE_REQUEST
1657,"Good morning, My card was charged three times for my annual plan. Thanks.",BILLING_PAYMENT
2910,I am unable to sign in to my account for two days.,ACCOUNT_ACCESS
7454,Please forward this message to your security team. Please respond soon.,OTHER
6371,"Hello team, Sign in with single sign-on fails and shows an unauthorized message. Thanks.",ACCOUNT_ACCESS
2697,Text is cut off and overlapping on the mobile app on my Android phone.,TECHNICAL_ISSUE
4718,Feature request: the ability to customize the dashboard layout,FEATURE_REQUEST
2213,"The site is down for me, I only see a blank white screen. Thanks in advance",TECHNICAL_ISSUE
9492,How do I use the search page to duplicate a project? Please advise.,HOW_TO_SUPPORT
5312,"Good morning, Video preivews will not play in the task list.",TECHNICAL_ISSUE
799,"Greetings, I got charged in the wrong currency for my monthly plan.",BILLING_PAYMENT
3562,"Dear support team, My account is suspended and I need access urgently.",ACCOUNT_ACCESS
7465,I am trying to export my data but I cannot find the option. Where is it?,HOW_TO_SUPPORT
1946,My PayPal payment failed but the money left my account. Let me know what to do.,BILLING_PAYMENT
152,Which page lets me manage my email preferences?,HOW_TO_SUPPORT
3686,The two-factor code is rejected every time I try to sign in. Please advise.,ACCOUNT_ACCESS
834,"Greetings, Search returns no results even for items that I know exist.",TECHNICAL_ISSUE
7246,My username is not recogniezd on the login page.,ACCOUNT_ACCESS
6395,I got charged in the wrong currency for my annual plan. Let me know what to do.,BILLING_PAYMENT
342,"Greetings, Is your service aavilable in Sri Lanka? Please respond soon.",OTHER
9137,I am getting a error 500 whenever I open the profile page.,TECHNICAL_ISSUE
7406,"Good afternoon, It would be great to have dark mode in the settings page. Please help.",FEATURE_REQUEST
3034,"Hi there, I cannot log in since last night.",ACCOUNT_ACCESS
5631,"Hello team, How did your company start? I am curious.",OTHER
57,"I never received the security code, I already checked my spam folder. Let me know what to do.",ACCOUNT_ACCESS
1301,"Dear support team, My bank shows a pending charge of $29 that I do not recognize.",BILLING_PAYMENT
8304,"I am new here, how do I change my display name? Thank you.",HOW_TO_SUPPORT
4543,"Hello, The receipt email for my payment never arrived. Thanks in advance.",BILLING_PAYMENT
7691,Why is my account locked? I need to get in right now.,ACCOUNT_ACCESS
7378,I am not able to log in from my Linux machine but it works on my computer.,ACCOUNT_ACCESS
3081,"Hello team, My account is suspended and I have a deadline today.",ACCOUNT_ACCESS
9638,Is it possible to set my working hours? I cannot find where.,HOW_TO_SUPPORT
9902,"Dear support team, It would be great to have version history in the dashboard",FEATURE_REQUEST
8729,"Hey, I cannot access my billing page because it says I do not have permission. Thanks in advance.",ACCOUNT_ACCESS
1250,The download link gives a error 500 instead of the file. Thank you.,TECHNICAL_ISSUE
9971,the notifications panel becomes blank when i upload a word document.,TECHNICAL_ISSUE
5405,It would improve my workflow if I could sort the list by multiple columns. Thank you.,FEATURE_REQUEST
1989,"Hi team, Everything on the dashboard is loading extremely solwly since Monday. Please advise.",TECHNICAL_ISSUE
4248,"Hi there, It would be nice to have authenticator app support. Please respond soon.",FEATURE_REQUEST
4688,"hi there, my card was charged twice this month.",BILLING_PAYMENT
5493,"Hello, Test message, please ignore. Thank you.",OTHER
6418,Please add two-factor authentication for account security. Please respond soon.,FEATURE_REQUEST
7372,I would like to get in touch with your security team. Any help would be appreciated.,OTHER
5712,Thanks for the gerat support last week! Thanks in advance.,OTHER
7658,The workspace shows a timeout error an hour ago.,TECHNICAL_ISSUE
978,I would like instructions on how to change the date format.,HOW_TO_SUPPORT
122,"Dear support team, It would be great to have drag and drop in the dashboard.",FEATURE_REQUEST
9423,Pelase add Sinhala language support,FEATURE_REQUEST
1811,"Hi there, Not sure how to link my account to Slack, can you point me to the right help article?",HOW_TO_SUPPORT
9052,"good morning, my subscription renewed automatically and i did not want that, please refund me.",BILLING_PAYMENT
7066,"Hello team, An option for a favorites list would make the product much better.",FEATURE_REQUEST
6473,The settings page is very slow and keeps freezing on my Android phone. Thank you.,TECHNICAL_ISSUE
9365,Can someone explain how to use the settings page? Any help would be appreciated.,HOW_TO_SUPPORT
6114,Please let us export activity logs to JSON.,FEATURE_REQUEST
9260,"please send biweekly email digests to my inbox automatically, it would help a lot. please help.",FEATURE_REQUEST
3220,I would like the option to sort the list by multiple columns in a future release.,FEATURE_REQUEST
782,I represent a media outlet and want to reach out to the press team. Please help.,OTHER
7242,"Hello support, Scheduled reports are not running at the set time.",TECHNICAL_ISSUE
5013,"Dear support team, It would be useful to receive monthly usage summaries by email.",FEATURE_REQUEST
3657,"Good morning, Buttons on the dashboard do not respond when I click them.",TECHNICAL_ISSUE
4391,The page keeps refreshing by itself and I lose what I typed. Please respond soon.,TECHNICAL_ISSUE
6690,"Hey, My card was charged three times yesterday.",BILLING_PAYMENT
3598,any plans to support arabic in the interface?,FEATURE_REQUEST
2763,"Hi, I cannot sign in with my Google account anymore.",ACCOUNT_ACCESS
9882,What are your business hours? Please respond soon.,OTHER
374,Everything on the task list is loading extremely slowly for two days. Thank you.,TECHNICAL_ISSUE
6641,"My subscription renewed automatically and I did not want that, please refund me.",BILLING_PAYMENT
6491,Can someone contact me about an issue? Please help.,OTHER
8431,Please let us export charts to Word.,FEATURE_REQUEST
7221,I am writing to ask about internship opportunities. Please help.,OTHER
2544,"Hello, How do I connect my calendar?",HOW_TO_SUPPORT
8103,"Hello, Why is my account locked? I have a deadline today. Thanks in advance.",ACCOUNT_ACCESS
3736,I am writing to ask about internship opportunities. Any help would be appreciated.,OTHER
540,Could someone give me an overview of what your company does? Thanks a lot.,OTHER
633,"Hi there, The verification step keeps failing when I try to sign in, since Monday.",ACCOUNT_ACCESS
5660,I wish the notifications panel had custom themes.,FEATURE_REQUEST
4276,i wish the team page had a favorites list.,FEATURE_REQUEST
4483,"dear support team, how can i change my display name?",HOW_TO_SUPPORT
4767,Data I entered yesterday disappeared from the dashboard.,TECHNICAL_ISSUE
9600,How do I use the reports page to add a comment to a task?,HOW_TO_SUPPORT
5304,"Good morning, There is a mistkae in my latest invoice, the total does not match the plan price.",BILLING_PAYMENT
7428,"Hi, Please refund my last payment, I did not use the service at all",BILLING_PAYMENT
1175,"Hi, I am locked out afetr too many failed login attempts.",ACCOUNT_ACCESS
8296,"Dear support team, Charts on the team page do not load.",TECHNICAL_ISSUE
5160,Please add support for exporting to Word and also a calendar view.,FEATURE_REQUEST
1188,"The website does not work properly in Firefox, but it is fine in another browser. Thank you",TECHNICAL_ISSUE
9391,Can you walk me through how to import contacts from a CSV file? Thanks.,HOW_TO_SUPPORT
5270,Can you send me an invoice for the $29 payment?,BILLING_PAYMENT
6601,My session logs me out immediately after I sign in. Thanks in advance.,ACCOUNT_ACCESS
5976,I forgot my password and the reset link says it has expired. Please respond soon.,ACCOUNT_ACCESS
4038,"Greetings, Please add dark mode to the dashboard. Let me know what to do.",FEATURE_REQUEST
2382,"Greetings, Account recovery is not working, the SMS code is not being sent.",ACCOUNT_ACCESS
8271,"Hello team, The discount promised to me is not reflected on my bill.",BILLING_PAYMENT
4827,"Hi there, Can you walk me through how to print a report?",HOW_TO_SUPPORT
5806,"Hi, I cannot access my admin console because it says I do not have permission.",ACCOUNT_ACCESS
2835,"Hi there, I want to leave general feedback about my experience. Please help.",OTHER
5207,"Hi team, My changes are not saved, the inbox reverts to the old values.",TECHNICAL_ISSUE
6548,"Hi team, My account was hacked and I cannot log in anymore.",ACCOUNT_ACCESS
3417,The exported ZIP file is corrupted and cannot be opened.,TECHNICAL_ISSUE
4059,"Hi there, The receipt email for my payment never arrived.",BILLING_PAYMENT
8995,"Hello, My PayPal payment failed but the money left my account.",BILLING_PAYMENT
9103,"Hi team, I need a receipt for my payment for my annual plan for tax purposes.",BILLING_PAYMENT
4944,Where can I change my workspace name? Any help would be appreciated.,HOW_TO_SUPPORT
4586,"Hi there, My bank shows a pending chrage of $249 that I do not recognize.",BILLING_PAYMENT
8381,The app freezes when I try to submit a large spreadsheet.,TECHNICAL_ISSUE
513,I cannot sign in with my Google account anymore. Thanks in advance.,ACCOUNT_ACCESS
2716,"Hello, Which page lets me manage my time zone settings?",HOW_TO_SUPPORT
1996,The login page keeps redirecting me back to the sign in screen.,ACCOUNT_ACCESS
3500,"Hi there, Please forward this message to a manager.",OTHER
6969,"Hey, Are you planning to release keyboard shortcuts in the future? Please help.",FEATURE_REQUEST
7646,Would you consider adding a Notion connection to your product?,FEATURE_REQUEST
6219,I was charged $14 this week but I expected a different amount.,BILLING_PAYMENT
6351,"Hi there, I need to update the billing address on my invoice",BILLING_PAYMENT
1161,"Hi there, I would like a refund for the $59.99 charge this month.",BILLING_PAYMENT
9965,my account is frozen and i need access urgently.,ACCOUNT_ACCESS
5973,"Hi, Please add Arabic language support. Regards.",FEATURE_REQUEST
501,I cannot log in after resetting my password. Regards.,ACCOUNT_ACCESS
3757,"Hello, is aynone there?",OTHER
298,"Greetings, The invoice shows the wrong company name, please correct it. Thanks.",BILLING_PAYMENT
5926,"Hello, The receipt email for my payment never arrived. Any help would be appreciated.",BILLING_PAYMENT
4994,Can you walk me through how to set my working hours? Regards.,HOW_TO_SUPPORT
1092,"Hey, Do you support customers based in Germany? Thank you.",OTHER
3868,Which menu do I use to duplicate a project?,HOW_TO_SUPPORT
6056,Please add bulk actions to the calendar.,FEATURE_REQUEST
9741,"Test message, plaese ignore.",OTHER
2017,A pop up with a error 404 appears every time I try to export,TECHNICAL_ISSUE
6555,I cancelled my subscription weeks ago and you still took money from my account. Regards.,BILLING_PAYMENT
6286,i lost my phone and cannot receive the verification code to sign in. thanks in advance.,ACCOUNT_ACCESS
1012,"Hi there, I need a receipt for my payment this month for tax purposes.",BILLING_PAYMENT
818,Images are not displaying correctly on the task list in Chrome.,TECHNICAL_ISSUE
704,"Hey, I cannot log in after changing my email address.",ACCOUNT_ACCESS
8873,"Good afternoon, Is your service available in Kenya? Thank you.",OTHER
9307,"Good morning, My team would love to have a search bar. Is it on the roadmap",FEATURE_REQUEST
6892,"Hi team, Please consider adding a way to set reminders on tasks.",FEATURE_REQUEST
8001,The autosave is broken and my work was lost an hour ago.,TECHNICAL_ISSUE
503,"Dear support team, My bank shows a pending charge of $59.99 that I do not recognize.",BILLING_PAYMENT
808,My team would love to have custom themes. Is it on the roadmap?,FEATURE_REQUEST
7134,"Hello, Sign in with single sign-on fails and shows an unauthorized message.",ACCOUNT_ACCESS
108,Can someone contact me about an issue? Thanks.,OTHER
118,Everything on the team page is loading extremely slowly for a week.,TECHNICAL_ISSUE
2496,I need a receipt for my payment this week for tax purposes.,BILLING_PAYMENT
9959,"Hello support, Please send an invoice for my latest Enterprise subscription payment.",BILLING_PAYMENT
6586,I canont log in on my MacBook. Please advise.,ACCOUNT_ACCESS
6767,Why is my account disabled? I cannot reach my data. Any help would be appreciated.,ACCOUNT_ACCESS
3363,"Hi team, My invtiation link to join the team does not let me sign in. Thank you.",ACCOUNT_ACCESS
5656,I would like instructions on how to update my profile picture.,HOW_TO_SUPPORT
731,"Hi team, I cannot sign in with my Google account anymore.",ACCOUNT_ACCESS
5427,Is it possible to turn on email alerts? I cannot find where.,HOW_TO_SUPPORT
8360,Would it be possible to add comments to reports? That would save us a lot of time.,FEATURE_REQUEST
1490,"Good morning, The VAT number is missing from my invoice. Please respond soon.",BILLING_PAYMENT
7596,"Good afternoon, Someone changed my password and I no longer have access to my account. Please respond soon.",ACCOUNT_ACCESS
2069,Is your service available in Brazil? Thank you.,OTHER
5510,"Greetings, I need help but I am not sure which optoin applies.",OTHER
1466,"Greetings, Can you walk me through how to import contacts from a CSV file?",HOW_TO_SUPPORT
4772,The app freezes when I try to sync a large spreadsheet,TECHNICAL_ISSUE
9084,"Good morning, My invitation link to join the team does not let me sign in. Thanks.",ACCOUNT_ACCESS
5936,Could you tell me how to find my activity history?,HOW_TO_SUPPORT
4915,"Hi, I need a corrected invoice with our new company address.",BILLING_PAYMENT
9479,I am not sure who to ask about this. Please help.,OTHER
7932,Can someone contact me aobut an issue?,OTHER
7741,"Greetings, Could you please implement passkey support in a coming update",FEATURE_REQUEST
4414,"Good morning, What is the easiest way to change my password from the settings page?",HOW_TO_SUPPORT
8932,"Hey, Could someone give me an overview of what your company does? Any help would be appreciated.",OTHER
3524,"Good morning, I cannot log in after the latest update",ACCOUNT_ACCESS
9925,I am writnig to ask about internship opportunities.,OTHER
7754,"Hello team, I am gteting a message that my account is temporarily locked, please help me get in.",ACCOUNT_ACCESS
4521,The payment page rejects my card and I cannot renew my Basic plan. Please help.,BILLING_PAYMENT
8860,Is there a guide that shows how to duplicate a project? Please respond soon.,HOW_TO_SUPPORT
4540,"Hi team, I am a student working on a school project about your product, who can I talk to? Please advise.",OTHER
6098,"The site is down for me, I only see a server error. Let me know what to do.",TECHNICAL_ISSUE
4797,"Hi, Why was I billed $99 when my plan should be cheaper? Please help",BILLING_PAYMENT
9780,"Hello team, Please reset my account access, I cannot get past the login screen. Regards.",ACCOUNT_ACCESS
403,"Good morning, Please send an invoice for my latest Premium subscription payment. Please help.",BILLING_PAYMENT
7189,Can you explain how to export my data? Please advise.,HOW_TO_SUPPORT
3331,"Good morning, The analytics page is very slow and keeps freezing on my iPhone. Please advise.",TECHNICAL_ISSUE
8135,"Hi team, I was charged for extra seats that I did not add. Let me know what to do.",BILLING_PAYMENT
5126,"Unable to sign in on Chrome, it just keeps reloading the login page",ACCOUNT_ACCESS
712,I downgraded to the annual plan but I was still billed the higher price. Any help would be appreciated.,BILLING_PAYMENT
5832,"Hello support, Where is your company located? Thank you.",OTHER
6670,I cannot access my mobile app because it says I do not have permission.,ACCOUNT_ACCESS
3045,"Hey, Images are not displaying correctly on the search page in Opera.",TECHNICAL_ISSUE
1457,please add support for exporting to json and also a compact layout.,FEATURE_REQUEST
3807,"Good afternoon, I would like instructions on how to transfer ownership of a workspace.",HOW_TO_SUPPORT
6695,Can someone explain how to use the analytics page? Thanks.,HOW_TO_SUPPORT
2851,I would like instructions on how to pin a dashboard as my home page.,HOW_TO_SUPPORT
6822,"Hi, I would like a refund for the $49 charge last month. Let me know what to do.",BILLING_PAYMENT
9501,I cannot log in after changing my email address. Thanks a lot.,ACCOUNT_ACCESS
8012,It would be great to have a search bar in the notifications panel.,FEATURE_REQUEST
9339,I get a error 404 when I try to export on the search page.,TECHNICAL_ISSUE
8789,Please credit my account for the payment error this week.,BILLING_PAYMENT
1248,Thanks for the great support last week! Thanks a lot.,OTHER
1083,"Hi team, Is there someone I can meet in person to talk about your product?",OTHER
9493,can you tell me more about your privacy policy? thank you.,OTHER
5664,"Greetings, The application crashes when I click refresh. Please advise.",TECHNICAL_ISSUE
424,How do I use the admin console to change my notification settings?,HOW_TO_SUPPORT
9158,The API returns a timeout error when I call the endpoint.,TECHNICAL_ISSUE
3840,I would like a refund for the $99 charge for June.,BILLING_PAYMENT
9512,"Greetings, The site is down for me, I only see a error code 403.",TECHNICAL_ISSUE
6661,"Greetings, Where do I go in the calendar to change my workspace name?",HOW_TO_SUPPORT
8663,"Good morning, I cannot log in after turning on two-factor authentication. Any help would be appreciated.",ACCOUNT_ACCESS
9982,Can you build a calendar view into the billing page? Many users would benefit. Please respond soon.,FEATURE_REQUEST
7126,My card was charged three times this week. Thanks a lot.,BILLING_PAYMENT
3531,The app crashes every time I try to import.,TECHNICAL_ISSUE
6383,How do I use the mobile app to add a new team member?,HOW_TO_SUPPORT
1619,Please add a mobile widget to the dashboard.,FEATURE_REQUEST
1074,The payment went through but I did not get a confirmation and my account is not upgraded. Let me know what to do.,BILLING_PAYMENT
1978,"Hello team, My bank shows a pending charge of $120 that I do not recognize.",BILLING_PAYMENT
6110,"hello, i want a refund because i was billed after cancelling. let me know what to do.",BILLING_PAYMENT
8977,How do I use the mobile app to print a report?,HOW_TO_SUPPORT
8911,"Good morning, Everything works on my computer but the search page crashes on my iPhone. Thank you",TECHNICAL_ISSUE
8098,"Hi, Can you explain how to print a report?",HOW_TO_SUPPORT
8833,Please add an option to log out all devices for account security.,FEATURE_REQUEST
3210,"Hi team, Do you have a tutorial on how to share a dashboard with a client?",HOW_TO_SUPPORT
344,Please stop future charegs to my card and cancel my subscription.,BILLING_PAYMENT
2814,Do you support cusotmers based in Sri Lanka? Any help would be appreciated.,OTHER
5960,Is your service available in Nigeria? Let me know what to do.,OTHER
481,"Good afternoon, The site is down for me, I only see a something went wrong message.",TECHNICAL_ISSUE
9735,Where do I go in the workspace to change my default dashboard?,HOW_TO_SUPPORT
2078,The dashboard shows a blank white screen for the past few days. Please help.,TECHNICAL_ISSUE
4058,My invittaion link to join the team does not let me sign in.,ACCOUNT_ACCESS
8609,Can you tell me more about your privacy policy?,OTHER
6232,Can someone explain how to use the search page,HOW_TO_SUPPORT
3273,"Hello, is anyone there? Let me know what to do.",OTHER
6446,"Greetings, Could you add an option to export contact lists as JSON?",FEATURE_REQUEST
8024,The payment went through but I did not get a confirmation and my account is not upgraded. Please respond soon.,BILLING_PAYMENT
1099,I would love to see an integration with Notion. Please advise.,FEATURE_REQUEST
7772,"Good morning, Where do I go in the calendar to change my workspace name?",HOW_TO_SUPPORT
1541,I wish the team page had custom themes.,FEATURE_REQUEST
3020,"Hello support, Account recovery is not working, the one-time passcode is not being sent.",ACCOUNT_ACCESS
5567,i cannot log in after changing my email address. regards.,ACCOUNT_ACCESS
8480,"Hey, The one-time passcdoe never arrives in my inbox.",ACCOUNT_ACCESS
8612,"Hello, Can you explain how to upload a company logo?",HOW_TO_SUPPORT
3646,I get a error 404 when I try to submit on the mobile app.,TECHNICAL_ISSUE
1743,Feature request: the ability to attach several files at once.,FEATURE_REQUEST
6448,"Hi team, Which page lets me manage my export options? Any help would be appreciated.",HOW_TO_SUPPORT
4167,I am getting a generic error message whenever I open the settings page. Let me know what to do.,TECHNICAL_ISSUE
5437,"Hey, Are you currently hiring? Please advise.",OTHER
5617,"Good morning, Unable to sign in on Opera, it just keeps reloading the login page. Let me know what to do.",ACCOUNT_ACCESS
6800,I would like the option to use the product without an internet connection in a future release. Let me know what to do.,FEATURE_REQUEST
9302,Thnaks for the great support last week!,OTHER
6504,I wuold like instructions on how to change my display name.,HOW_TO_SUPPORT
4472,I have some questions about your company before I proceed. Please advise,OTHER
6598,Why is my account disabled? I need to get in right now.,ACCOUNT_ACCESS
4087,"The verification step keeps failing when I try to sign in, since last night. Let me know what to do.",ACCOUNT_ACCESS
1595,My session logs me out immediately after I sign in. Please help.,ACCOUNT_ACCESS
6447,Everything works on my computer but the notifications panel crashes on my MacBook.,TECHNICAL_ISSUE
2157,"Greetings, I need a receipt for my payment for my annual plan for tax purposes. Please advise.",BILLING_PAYMENT
6393,Where do I go in the billing page to change my team permissions,HOW_TO_SUPPORT
1453,"I cannot log into my account, it says the email address is not registered but I have used it before.",ACCOUNT_ACCESS
5187,"Hello team, Charts on the mobile app do not load.",TECHNICAL_ISSUE
4498,Would you consider adding a Microsoft Teams connection to your product?,FEATURE_REQUEST
2361,Login fails on Safari with an authentication failed message. Thanks.,ACCOUNT_ACCESS
5874,"The site is down for me, I only see a server error. Please advise.",TECHNICAL_ISSUE
1227,"Hey, My bank shows a pending charge of $99 that I do not recognize.",BILLING_PAYMENT
2212,"hi there, can you recommend which team i should contact for my request?",OTHER
9752,Would it be possible to filter by date range? That would save us a lot of time.,FEATURE_REQUEST
5438,"Dear support team, I am getting a blank white screen whenever I open the inbox. Regards.",TECHNICAL_ISSUE
4526,"Greetings, My bank shows a pending charge of $49 that I do not recognize.",BILLING_PAYMENT
5029,"Hello team, I was charged EUR 39 this quarter but I expected a different amount.",BILLING_PAYMENT
1030,"Hi team, The sync between my devices has stopped working.",TECHNICAL_ISSUE
922,"Greetings, I was billed EUR 39 twice for the same subscription",BILLING_PAYMENT
3205,"Hello team, Why did the prcie of my Starter plan go up",BILLING_PAYMENT
9511,"Add bulk actions please, it is misisng from the team page.",FEATURE_REQUEST
8627,"Hello team, Can I get a call back from someone on your team?",OTHER
693,What are the steps to link my account to Slack? Regards,HOW_TO_SUPPORT
8086,"Hi there, The inbox shows a error 404 since Monday.",TECHNICAL_ISSUE
8802,"Good afternoon, I cannot log in after resetting my password.",ACCOUNT_ACCESS
611,I forgot the email I used to register and cannot get into my account. Any help would be appreciated.,ACCOUNT_ACCESS
7143,"Hello support, I need a corrected invoice with our new company address.",BILLING_PAYMENT
744,Please add a search bar to the billing page.,FEATURE_REQUEST
8178,"We relaly need auto save on the admin console, please consider it.",FEATURE_REQUEST
1785,Where can I change my export options?,HOW_TO_SUPPORT
8489,"Dear support team, Are you curretnly hiring?",OTHER
4071,"Hello, Why did the price of my Basic plan go up?",BILLING_PAYMENT
1965,It would be great to have a kanban view in the calendar.,FEATURE_REQUEST
4024,"We really need a kanban view on the analytics page, please consider it.",FEATURE_REQUEST
648,Feature request: saved views.,FEATURE_REQUEST
1906,My account is suspended and I cannot do my work.,ACCOUNT_ACCESS
377,"Good afternoon, Please send an invoice for my latest Pro subscription payment.",BILLING_PAYMENT
3719,I was charged $24.99 for a plan I never upgraded to.,BILLING_PAYMENT
4316,Plaese add support for exporting to PDF and also an undo button. Thanks in advance.,FEATURE_REQUEST
5048,Can you build auto save into the admin console? Many users would benefit.,FEATURE_REQUEST
9873,Are you planning to release a favorites list in the future? Thanks a lot,FEATURE_REQUEST
8781,My PayPal payment faield but the money left my account,BILLING_PAYMENT
6745,Please credit my account for the payment error this month. Any help would be appreciated.,BILLING_PAYMENT
8073,Could you add an option to export project lists as JSON? Please respond soon.,FEATURE_REQUEST
3068,"Hello support, The page keeps refreshing by itself and I lose what I typed.",TECHNICAL_ISSUE
840,"Dear support team, I cannot log in after changing my email address. Regards.",ACCOUNT_ACCESS
1347,Can you walk me through how to invite a member to my workspace?,HOW_TO_SUPPORT
6239,The payment page rejects my card and I cannot renew my Team plan.,BILLING_PAYMENT
1617,The autosave is broken and my work was lost since this morning. Please advise.,TECHNICAL_ISSUE
3251,"Hi there, Can you send me some information about what you offer? Any help would be appreciated.",OTHER
6920,i cannot access my inbox because it says i do not have permission. thanks in advance.,ACCOUNT_ACCESS
3244,How do I set up my workspace for the first time?,HOW_TO_SUPPORT
4340,It wuold be useful to receive weekly progress reports by email.,FEATURE_REQUEST
7298,"greetings, i changed my phone number and now i cannot get the login code. please respond soon.",ACCOUNT_ACCESS
7047,i downgraded to the monthly plan but i was still billed the higher price. please respond soon.,BILLING_PAYMENT
5963,How do I use the project board to add a comment to a task?,HOW_TO_SUPPORT
2006,Which menu do I use to use filters on the dashboard? Any help would be appreciated.,HOW_TO_SUPPORT
2905,"Dear support team, An option for version history would make the product much better.",FEATURE_REQUEST
3564,"The site is down for me, I only see a server error.",TECHNICAL_ISSUE
2959,Do you support customers based in Germany? Please help.,OTHER
678,How do I import contacts from a CSV file?,HOW_TO_SUPPORT
636,"Hey, I got charged in the wrong currency for my Enterprise plan. Thank you.",BILLING_PAYMENT
1651,"Greetings, I would like instructions on how to restore a deleted file",HOW_TO_SUPPORT
1865,The admin console shows a server error an hour ago.,TECHNICAL_ISSUE
5741,The autosave is broken and my work was lost an hour ago. Thanks a lot.,TECHNICAL_ISSUE
6538,"I am a student working on a school project about your product, who can I talk to? Let me know what to do.",OTHER
8828,Is it possible to delete a workspace? I cannot find where.,HOW_TO_SUPPORT
6463,"Hi, How can I turn on email alerts?",HOW_TO_SUPPORT
6391,The exported spreadsheet is corrupted and cannot be opened. Thank you.,TECHNICAL_ISSUE
4894,"Hello team, Please stop future charges to my card and cancel my subscription.",BILLING_PAYMENT
3662,The page never finishes loaidng and only shows a something went wrong message. Thanks a lot.,TECHNICAL_ISSUE
5222,"Add custom filters please, it is missing from the team page. Thank you",FEATURE_REQUEST
9728,"Hi there, Product idea: let us use the product without an internet connection.",FEATURE_REQUEST
2589,"Greetings, Can you tell me more about your privacy policy? Thanks in advance.",OTHER
2272,Could you tell me how to set up my workspace for the first time? Please help.,HOW_TO_SUPPORT
6694,Please add a kanban view to the notifications panel,FEATURE_REQUEST
574,Do you have any security certifications? Please help,OTHER
9090,"Hi, It would be great if we could duplicate an entire project. Thank you.",FEATURE_REQUEST
9506,The refresh button does nothing on the admin console.,TECHNICAL_ISSUE
8607,video previews will not play in the mobile app.,TECHNICAL_ISSUE
6385,"Dear support team, I am getting a error 500 whenever I open the inbox",TECHNICAL_ISSUE
7035,"Good afternoon, It would be nice to have authenticator app support.",FEATURE_REQUEST
6762,"Hello team, Can you build saved views into the workspace? Many users would benefit. Any help would be appreciated.",FEATURE_REQUEST
5658,"Hello support, There is an unknown charge of EUR 39 from your company on my bank statement.",BILLING_PAYMENT
385,It would improve my workflow if I could tag items with labels. Thank you.,FEATURE_REQUEST
2316,Where do I go in the inbox to change my workspace name? Please advise.,HOW_TO_SUPPORT
5262,Feature request: a calendar view. Please advise,FEATURE_REQUEST
4579,The submit button does nothing on the profile page. Any help would be appreciated.,TECHNICAL_ISSUE
4226,"Hello, The verification step keeps faliing when I try to sign in, since Monday. Let me know what to do",ACCOUNT_ACCESS
5655,The login code never arrives in my inbox.,ACCOUNT_ACCESS
1592,Feature request: bulk actions. Thank you.,FEATURE_REQUEST
3308,Do you support customers based in Canada?,OTHER
1579,"Add a mobile widget please, it is missing from the analytics page.",FEATURE_REQUEST
3615,My account is deactivated and I need access urgently.,ACCOUNT_ACCESS
8154,It would be great to have version history in the profile page.,FEATURE_REQUEST
5327,"Good afternoon, Can you send me an invoice for the $59.99 payment? Thank you.",BILLING_PAYMENT
8157,"Hi team, An option for a search bar would make the product much better.",FEATURE_REQUEST
32,"Hi team, I changed my phone number and now I cannot get the login code. Let me know what to do.",ACCOUNT_ACCESS
6414,Where can I find the svaed filters?,HOW_TO_SUPPORT
4578,"Good morning, Do you offer any events or webinars? Thanks a lot.",OTHER
2877,"Greetings, I am writnig to ask about internship opportunities.",OTHER
1289,"Hello support, My subscription renewed automatically and I did not want that, please refund me.",BILLING_PAYMENT
3585,"Hi, Why was I billed $14 when my plan should be cheaper?",BILLING_PAYMENT
4917,"Good afternoon, My bank shows a pending charge of $14 that I do not recognize.",BILLING_PAYMENT
1084,"Hi team, My renewal payment failed and now my subscription shows as past due.",BILLING_PAYMENT
56,My team would love to have a calendar view. Is it on the roadmap?,FEATURE_REQUEST
8797,The app crashes every time I try to submit.,TECHNICAL_ISSUE
9530,"Hi, Text is cut off and overlapping on the workspace on my iPhone.",TECHNICAL_ISSUE
877,Images are not displaying correctly on the mobile app in Safari.,TECHNICAL_ISSUE
9826,"Hi team, The site is down for me, I only see a generic erorr message.",TECHNICAL_ISSUE
9161,Everything on the dashboard is loading extremely slowly for a week.,TECHNICAL_ISSUE
5784,"Hi there, My card was charged twice yesterday.",BILLING_PAYMENT
2918,"Greetings, My account is locked and I need it restroed as soon as possible. Thanks.",ACCOUNT_ACCESS
9106,"Hey, I am a student working on a school project about your product, who can I talk to? Regards.",OTHER
2127,i am trying to connect my calendar but i cannot find the option. where is it?,HOW_TO_SUPPORT
8068,"Hi there, Thanks for the great support last week! Thanks.",OTHER
1480,It would be helpful if the reports page suppotred offline mode.,FEATURE_REQUEST
5365,Could you tell me how to change my password from the settings page?,HOW_TO_SUPPORT
4643,Why was I billed $249 when my plan should be cheaper? Please advise.,BILLING_PAYMENT
4731,How do I transfer ownership of a workspace? Please help.,HOW_TO_SUPPORT
9011,How do I use the admin console to link my account to Slack?,HOW_TO_SUPPORT
2167,I am trying to download a report but I cannot find the option. Where is it? Thanks in advance.,HOW_TO_SUPPORT
2585,It would be great if we could add comments to reports. Thank you.,FEATURE_REQUEST
6445,What are the steps to rsetore a deleted file?,HOW_TO_SUPPORT
6312,"I am getting a message that my account is temporarily locked, please help me get in. Any help would be appreciated.",ACCOUNT_ACCESS
2696,"I got a new phnoe and my authenticator app no longer works, so I cannot log in. Let me know what to do.",ACCOUNT_ACCESS
3756,My payment was successful but my subscription is still inactive. Please respond soon.,BILLING_PAYMENT
4573,I cannot access my notifications pnael because it says I do not have permission. Thanks in advance.,ACCOUNT_ACCESS
7601,I was billed $24.99 twice for the same subscription,BILLING_PAYMENT
4999,"Hey, I am trying to set up my workspace for the first time but I cannot find the option. Where is it?",HOW_TO_SUPPORT
804,"My subscription renewed automatically and I did not want that, please refund me. Thanks in advance",BILLING_PAYMENT
7097,"Hey, Where do I go in the team page to change my display name?",HOW_TO_SUPPORT
7302,"Hey, Please add two-factor authentication for account security. Please help.",FEATURE_REQUEST
1276,Please forward this message to the careers team. Any help would be appreciated.,OTHER
8827,I would like a refund for the GBP 45 charge last month. Thanks a lot.,BILLING_PAYMENT
2288,"The website does not work properly in Brave, but it is fine in another browser.",TECHNICAL_ISSUE
5813,Could you add an option to export reports as Word?,FEATURE_REQUEST
742,"Dear support team, Feature request: a calendar view.",FEATURE_REQUEST
8264,Please add IP allow listing for account security.,FEATURE_REQUEST
8235,"Hello team, I would like a refund for the EUR 39 charge this quarter.",BILLING_PAYMENT
8490,I would like instructions on how to change my password from the settings page. Thanks.,HOW_TO_SUPPORT
9615,"Hello team, My colleague left the company and I need access to the admin account. Please respond soon.",ACCOUNT_ACCESS
3617,Data I entered yesterday disappeared from the settings page.,TECHNICAL_ISSUE
8574,"Hello team, It would be great if we could set custom roles for team members.",FEATURE_REQUEST
6129,"Hello, I forgot my password and the reset link says it has expired",ACCOUNT_ACCESS
9555,"Greetings, My credit card was declined but my bank says there is no problem. Please respond soon.",BILLING_PAYMENT
9667,I wish the inbox had saved views.,FEATURE_REQUEST
389,"Greetings, I would like instructions on how to change the date format. Thanks.",HOW_TO_SUPPORT
2304,"Hello support, I paid for the Starter plan but my account still shows the free tier.",BILLING_PAYMENT
5901,could you add dark mode to the settings page?,FEATURE_REQUEST
4549,"dear support team, can you send me an invoice for the $59.99 payment?",BILLING_PAYMENT
4792,"hello, my payment keeps failing at checkout even though my card is valid.",BILLING_PAYMENT
6461,My card was charged twice for June. Regards.,BILLING_PAYMENT
3614,"Greetings, I would like to know who I should contact regarding a collaboration. Thanks a lot.",OTHER
2870,I am unable to sign in to my account an hour ago. Any help would be appreciated.,ACCOUNT_ACCESS
5363,Everything works on my computer but the reports page crashes on my iPad. Let me know what to do.,TECHNICAL_ISSUE
5551,"Hey, My PayPal payment failed but the money left my account.",BILLING_PAYMENT
2239,The application crashes when I click upload.,TECHNICAL_ISSUE
2318,I would like a refund for the GBP 45 charge last month.,BILLING_PAYMENT
7422,"I got a new phone and my atuhenticator app no longer works, so I cannot log in.",ACCOUNT_ACCESS
5965,"Good afternoon, What are your business hours? Please respond soon.",OTHER
2215,"Hello support, What are your business hours? Thanks.",OTHER
3809,the app freezes when i try to download a large spreadsheet.,TECHNICAL_ISSUE
6040,"Greetings, Is there someone I can meet in person to talk about your product?",OTHER
1226,"Hello, My card was charged twice this month.",BILLING_PAYMENT
8580,"Hi there, Scheduled reports are not running at the set time.",TECHNICAL_ISSUE
6257,"Hi there, The invoice shows the wrong company name, please correct it.",BILLING_PAYMENT
8369,Do you have a tutorial on how to print a report? Please advise.,HOW_TO_SUPPORT
3028,"Hello, Why was I billed $49 when my plan should be cheaper? Thanks in advance.",BILLING_PAYMENT
9119,"Hello support, Is there a guide that shows how to add a comment to a task?",HOW_TO_SUPPORT
4019,"Hi team, I have a question about your service. Any help would be appreciated",OTHER
9300,Could you add an option to export activity logs as Google Sheets? Thank you.,FEATURE_REQUEST
5833,"I am getting a message that my account is temporarily locked, please help me get in. Let me know what to do.",ACCOUNT_ACCESS
9766,"Greetings, I got charged in the wrong currency for my Premium plan.",BILLING_PAYMENT
577,I forgot the email I used to register and canont get into my account.,ACCOUNT_ACCESS
7056,i am getting a 502 bad gateway whenever i open the settings page. thanks a lot.,TECHNICAL_ISSUE
829,Please forward this message to customer success. Thanks in advance.,OTHER
4582,My account is deactivated and I have a deadline today. Thank you.,ACCOUNT_ACCESS
6968,"Greetings, Please send an invoice for my latest Basic subsrciption payment.",BILLING_PAYMENT
1908,"Hello team, The download link gives a 502 bad gateway instead of the file",TECHNICAL_ISSUE
8681,The API returns a blank white screen when I call the endpoint. Please advise.,TECHNICAL_ISSUE
1309,"Hi there, Can you recommend which team I should contact for my request? Please respond soon.",OTHER
6914,"Good afternoon, Charts on the workspace do not load.",TECHNICAL_ISSUE
5703,"Hello support, Do you supoprt customers based in South Africa?",OTHER
5394,My paymnet keeps failing at checkout even though my card is valid.,BILLING_PAYMENT
7078,It would be helpful if the task list supported dark mode.,FEATURE_REQUEST
7969,I am trying to find my activity histroy but I cannot find the option. Where is it? Thank you.,HOW_TO_SUPPORT
8377,"Hello support, Please consider adding a way to mark items as favorites",FEATURE_REQUEST
8230,"Please send quarterly activity reports to my inbox automatically, it would help a lot. Please respond soon.",FEATURE_REQUEST
8752,why did the price of my business plan go up? please help.,BILLING_PAYMENT
7603,Text is cut off and overlapping on the inbox on my iPad.,TECHNICAL_ISSUE
1407,my username is not reocgnized on the login page. thanks a lot.,ACCOUNT_ACCESS
7870,i was charged $19 for a plan i never upgraded to.,BILLING_PAYMENT
9654,"Pelase refund my last payment, I did not use the service at all. Regards.",BILLING_PAYMENT
482,"Please send daily activity reports to my inbox automatically, it would help a lot.",FEATURE_REQUEST
7062,"Hello support, Feature request: the ability to schedule reports in advance.",FEATURE_REQUEST
3530,"Hi, I downgraded to the Enterprise plan but I was sitll billed the higher price.",BILLING_PAYMENT
1413,"Hey, The one-time passcode never arrives in my inbox.",ACCOUNT_ACCESS
7289,"Good morning, The download link gives a error code 403 instead of the file.",TECHNICAL_ISSUE
8706,"Greetings, Can you send me an invoice for the $49 payment?",BILLING_PAYMENT
451,Why is my account blocked? I need it rsetored as soon as possible.,ACCOUNT_ACCESS
551,"Greetings, I would like the option to set custom roles for team members in a future release.",FEATURE_REQUEST
4856,"I cannot log into my account, it says the email address is not registered but I have used it before. Thanks in advance.",ACCOUNT_ACCESS
4668,"Greetings, My payment was successful but my subscription is still inactive.",BILLING_PAYMENT
2626,"Hi there, Do you support customers based in Brazil? Regards",OTHER
7175,What is the easiest way to make a teammate an admin?,HOW_TO_SUPPORT
3538,"not sure how to assign a task to a colleague, can you point me to the right help article?",HOW_TO_SUPPORT
582,"hello, it would be nice to have two-factor authentication.",FEATURE_REQUEST
5244,"Hello, After I reset my password the new one is not accepted.",ACCOUNT_ACCESS
2813,"Please reset my account access, I cannot get past the login screen. Thanks a lot.",ACCOUNT_ACCESS
4734,"I am new here, how do I turn on email alerts? Any help would be appreciated.",HOW_TO_SUPPORT
6769,The application crashes when I click download.,TECHNICAL_ISSUE
5213,The discount promised to me is not reflected on my bill. Thank you.,BILLING_PAYMENT
1914,"Hi, Can you send me an invoice for the GBP 45 payment?",BILLING_PAYMENT
1130,I need a receipt for my payment this month for tax purposes.,BILLING_PAYMENT
4780,Is it possible to create a custom report? I cannot find where. Please advise.,HOW_TO_SUPPORT
3047,I changed my eamil address and now I cannot access my account. Please help,ACCOUNT_ACCESS
5838,"hi, please add support for exporting to csv and also templates. thanks a lot.",FEATURE_REQUEST
5370,"Hey, It would be useful to receive daily progress reports by email.",FEATURE_REQUEST
9009,Could you add dark mode to the task list? Any help would be appreciated.,FEATURE_REQUEST
6850,I cancelled my subscription weeks ago and you still took money from my account. Please help.,BILLING_PAYMENT
8895,Text is cut off and overlapping on the dashboard on my iPhone. Thanks.,TECHNICAL_ISSUE
2224,"Hi there, I want to switch to annual billing to get the discount, how is the payment handled?",BILLING_PAYMENT
1694,I wish the workspace had auto save.,FEATURE_REQUEST
9603,"Hi, I have some questions abuot your company before I proceed.",OTHER
715,"Hey, I was charged GBP 12 last month but I expected a different amount.",BILLING_PAYMENT
2768,"I have been overcharged on the first of the month, please look into my billing.",BILLING_PAYMENT
4256,"Greetings, Product idea: let us set reminders on tasks. Any help would be appreciated",FEATURE_REQUEST
9975,"My changes are not saved, the notifications panel reverts to the old values.",TECHNICAL_ISSUE
5777,"Hi team, Can someone explain how to use the settings page?",HOW_TO_SUPPORT
8693,"Hi there, Thank you for your help, everything is fine now.",OTHER
1734,"Hello support, I am new here, how do I merge duplicate entries?",HOW_TO_SUPPORT
7340,"Good morning, I cannot access my project board because it says I do not have permission.",ACCOUNT_ACCESS
5929,"Good morning, Images are not displaying correctly on the dashboard in Safari. Thanks",TECHNICAL_ISSUE
1132,"Unable to sign in on Firefox, it just keeps reloading the login page. Any help would be appreciated.",ACCOUNT_ACCESS
1589,I would like to get in touch with sales. Please help.,OTHER
4025,Do you support customers based in Nigeria? Thank you.,OTHER
6901,I get a generic error message when I try to save on the admin console.,TECHNICAL_ISSUE
1716,"Hi, Product idea: let us see who viewed a shared report",FEATURE_REQUEST
9406,Could you add an option to export project lists as Word?,FEATURE_REQUEST
4386,"Hello, My payment was successful but my subscription is still inactive.",BILLING_PAYMENT
1177,Which page lets me manage my time zone settings?,HOW_TO_SUPPORT
1382,"Hello support, The two-factor code is rejected every time I try to sign in.",ACCOUNT_ACCESS
7355,I got charged in the wrong currency for my monthly plan. Thanks.,BILLING_PAYMENT
3432,Can someone explain how to use the billing page?,HOW_TO_SUPPORT
1252,Any documentation on how to share a dashboard with a client? Thanks a lot.,HOW_TO_SUPPORT
4508,"Good morning, I want to reoprt something that does not fit any category.",OTHER
4728,The settings page becomes blank when I upload a PNG image. Thank you.,TECHNICAL_ISSUE
7478,"Hello team, I got charged in the wrong currency for my Business plan.",BILLING_PAYMENT
3409,There is an unknown charge of $59.99 from your company on my bank statement.,BILLING_PAYMENT
2345,How can I add a new team member? Let me know what to do.,HOW_TO_SUPPORT
2150,Why is my account disabled? I cannot do my work,ACCOUNT_ACCESS
3335,"good afternoon, an option for auto save would make the product much better.",FEATURE_REQUEST
392,"Good afternoon, Do you spuport customers based in Canada?",OTHER
6508,"Good afternoon, Where do I go in the inbox to change my export options?",HOW_TO_SUPPORT
1157,Can you explain how to change my display name,HOW_TO_SUPPORT
980,"Hi team, I want a refund because I was billed after cancelling.",BILLING_PAYMENT
2084,An option for a calendar view would make the product much better. Thanks.,FEATURE_REQUEST
7034,"There is a mistake in my latest invoice, the total does not match the plan price. Thank you.",BILLING_PAYMENT
3915,"Account recovery is not working, the one-time passcode is not being sent.",ACCOUNT_ACCESS
5580,Would you consider adding a Slack connection to your product?,FEATURE_REQUEST
8633,"Hello team, The autosave is broken and my work was lost for a week.",TECHNICAL_ISSUE
412,Plaese add Hindi language support.,FEATURE_REQUEST
5046,I was billed $99 twice for the same subscription,BILLING_PAYMENT
4899,Is three someone I can meet in person to talk about your product?,OTHER
2111,"Good morning, Where can I change my language settings?",HOW_TO_SUPPORT
1668,I would like instructions on how to invite a member to my workspace. Regards,HOW_TO_SUPPORT
8949,"Hi there, The application crashes when I click delete",TECHNICAL_ISSUE
3396,Why is my account suspended? I need access urgently. Please respond soon.,ACCOUNT_ACCESS
4436,The autosave is broken and my work was lost for a week. Any help would be appreciated.,TECHNICAL_ISSUE
5612,The page keeps refreshing by itself and I lose what I typed. Please help.,TECHNICAL_ISSUE
5814,"Hi there, Can I get a call back from someone on your team? Let me know what to do.",OTHER
4755,A pop up with a generic error message appears every time I try to import.,TECHNICAL_ISSUE
8567,Video previews will not play in the admin console.,TECHNICAL_ISSUE
2618,The download link gives a blank white screen instead of the file.,TECHNICAL_ISSUE
1452,"We really need drag and drop on the calendar, please consider it.",FEATURE_REQUEST
8391,"Hello support, I am unable to sign in to my account since Monday. Let me know what to do.",ACCOUNT_ACCESS
2237,There is an unknown charge of $49 from your company on my bank statement. Please help.,BILLING_PAYMENT
9529,I cannot access my profile page because it says I do not have permission. Please respond soon.,ACCOUNT_ACCESS
4431,My account has been deactivated and I do not know why. Please help.,ACCOUNT_ACCESS
3706,My username is not recognized on the login page. Thank you.,ACCOUNT_ACCESS
6828,"Hello team, Please let us export analytics data to Word. Please advise.",FEATURE_REQUEST
6060,"Good afternoon, Plesae add a HubSpot integration, our whole team uses it. Please advise.",FEATURE_REQUEST
1317,"Add custom themes please, it is missing from the dashboard",FEATURE_REQUEST
9126,"Hello support, What are your business hours? Let me know what to do.",OTHER
8597,Can you walk me through how to assign a task to a colleague?,HOW_TO_SUPPORT
5514,"I cannot log into my account, it says the email address is not registered but I have used it before. Please respond soon",ACCOUNT_ACCESS
3320,"Hello, The page shows an unexpected 502 bad gateway when I save my profile.",TECHNICAL_ISSUE
4188,I was charged $14 on the first of the month but I expected a different amount.,BILLING_PAYMENT
9015,"Hi, The delete button does nothing on the settings page. Please advise.",TECHNICAL_ISSUE
456,"Hello, I am getting a message that my account is temporarily locked, please help me get in. Thanks",ACCOUNT_ACCESS
6361,"Hey, The discount promised to me is not reflected on my bill.",BILLING_PAYMENT
6094,What is the easiest way to change my time zone,HOW_TO_SUPPORT
3797,"Dear support team, The mobile app becomes blank when I upload a spreadsheet.",TECHNICAL_ISSUE
2770,"I cannot log into my account, it says the eamil address is not registered but I have used it before.",ACCOUNT_ACCESS
2887,The profile page does not display anything after the latest update.,TECHNICAL_ISSUE
1988,"Hi team, There is an unknown charge of $99 from your copmany on my bank statement",BILLING_PAYMENT
5779,"Good afternoon, Images are not displaying correctly on the workspace in Edge.",TECHNICAL_ISSUE
4515,"Hello, Feature request: the ability to set reminders on tasks. Please respond soon.",FEATURE_REQUEST
8147,Buttons on the reports page do not respond when I click them.,TECHNICAL_ISSUE
5687,"Good morning, Can you send me an invoice for the $29 payment?",BILLING_PAYMENT
1723,can you help me regain access to my account? i cannot recah my data.,ACCOUNT_ACCESS
4646,I am getting a server error whenever I open the analytics page.,TECHNICAL_ISSUE
8006,Do you have a partnership program?,OTHER
880,Why did the price of my Business plan go up?,BILLING_PAYMENT
3761,"hello team, there is an unknown charge of $120 from your company on my bank statement.",BILLING_PAYMENT
3773,What is the easiest way to add a new team member?,HOW_TO_SUPPORT
7685,"Hello support, Unable to sign in on Firefox, it just keeps reloading the login page.",ACCOUNT_ACCESS
2961,I need a corrected invoice with our new comapny address.,BILLING_PAYMENT
8384,It would be helpful if the notifications panel supported templates. Please help.,FEATURE_REQUEST
7919,"Good morning, I am not sure who to ask about this.",OTHER
496,I would like the option to see who viewed a shared report in a future release. Thanks a lot.,FEATURE_REQUEST
7063,"Hey, I was charged $249 for a plan I never upgraded to.",BILLING_PAYMENT
8501,How do I use the task list to set my working hours?,HOW_TO_SUPPORT
7371,my payment was successful but my subscription is still inactive. thanks a lot.,BILLING_PAYMENT
3630,I have some questions about your comapny before I proceed.,OTHER
7634,"Hi there, I am unable to sign in to my account since the latest update. Please help.",ACCOUNT_ACCESS
6154,"Hello, I was charged after my free trial ended without any reminder.",BILLING_PAYMENT
6705,Would it be possible to tag items with labels? That would save us a lot of time.,FEATURE_REQUEST
8549,"Good morning, Could you please implement passkey support in a coming update?",FEATURE_REQUEST
2957,Suggestion: allow users to mark items as favorites.,FEATURE_REQUEST
6244,Can you walk me through how to restore a deleted file?,HOW_TO_SUPPORT
8578,"account recovery is not working, the sms code is not being sent. please help.",ACCOUNT_ACCESS
7238,Is there a guide that shows how to archive old projects?,HOW_TO_SUPPORT
8978,An option for keyboard shortcuts would make the product much better.,FEATURE_REQUEST
4183,"dear support team, the exported png image is corrupted and cannot be opened. please help.",TECHNICAL_ISSUE
1522,"Please send biweekly performance summaries to my inbox automatically, it would help a lot. Thanks in advance.",FEATURE_REQUEST
9455,"Dear support team, My bank shows a pending charge of $9.99 that I do not recognize.",BILLING_PAYMENT
5906,The reports page shows a error 500 since the latest update.,TECHNICAL_ISSUE
2474,"Good morning, It would be helpful if the billing page supported keyboard shortcuts. Please respond soon.",FEATURE_REQUEST
805,"We really need saved views on the search page, please consider it.",FEATURE_REQUEST
2793,Feature request: the abiilty to set reminders on tasks.,FEATURE_REQUEST
8244,"The website does not work properly in Chrome, but it is fine in another browser. Thank you",TECHNICAL_ISSUE
6254,Buttons on the workspace do not respond when I click them.,TECHNICAL_ISSUE
2354,Where do I go in the calendar to change my email preferences?,HOW_TO_SUPPORT
6814,I have a question about your service. Thanks.,OTHER
4936,"Hello, Sign in with single sign-on fails and shows an unauthorized message. Let me know what to do.",ACCOUNT_ACCESS
6595,How do I add a new team member?,HOW_TO_SUPPORT
4028,The project board becomes blank when I upload a Word document.,TECHNICAL_ISSUE
7837,"hello support, the payment page rejects my card and i cannot renew my annual plan. thanks a lot.",BILLING_PAYMENT
2138,"Greetings, Buttons on the project board do not respond when I click them.",TECHNICAL_ISSUE
5324,"Greetings, Sign in with single sign-on fails and shows an unauthorized message. Please respond soon.",ACCOUNT_ACCESS
9312,Could you add an option to export activity logs as Google Sheets?,FEATURE_REQUEST
2902,Why did the price of my Premium plan go up? Thank you.,BILLING_PAYMENT
7719,Please add drag and drop to the settings page.,FEATURE_REQUEST
5071,I changed my phone number and now I cannot get the login code. Please help.,ACCOUNT_ACCESS
6873,I was billed $59.99 twice for the same subscription. Let me know what to do.,BILLING_PAYMENT
2982,"Hello support, Add a search bar please, it is missing from the task list",FEATURE_REQUEST
9212,"Hello support, It would be helpful if the settings page supported a compact layout. Any help would be appreciated.",FEATURE_REQUEST
5311,"Hi team, The app crashes eevry time I try to delete. Thanks in advance",TECHNICAL_ISSUE
9622,"Good morning, After I reset my password the new one is not accepted.",ACCOUNT_ACCESS
6634,There is a bug where the inbox shows duplicate entries after I share.,TECHNICAL_ISSUE
4443,"Good afternoon, I need to talk to someone but I do not know what to select.",OTHER
1399,The notifications panel shows a timeout error since the latest update.,TECHNICAL_ISSUE
6922,The task list shows a error 500 since yesterday. Please advise.,TECHNICAL_ISSUE
9656,Why is my account blocked? I need it retsored as soon as possible.,ACCOUNT_ACCESS
7017,"Dear support team, I upgraded my plan but the charge shows the wrong amount.",BILLING_PAYMENT
4906,Wehre do I go in the billing page to change my notification settings?,HOW_TO_SUPPORT
5378,I am unable to sign in to my account since this morning. Thank you.,ACCOUNT_ACCESS
8228,"hello, i want to leave general feedback about my experience. please respond soon.",OTHER
7613,"Good afternoon, The verification step keeps failing when I try to sign in, since yesterday.",ACCOUNT_ACCESS
8242,My bank shows a pending charge of EUR 15 that I do not recognize.,BILLING_PAYMENT
4760,I was charged after my free trial ended without any reminder.,BILLING_PAYMENT
696,"Hello team, Test message, please ignore. Thanks a lot.",OTHER
2260,"Hello support, Uploading a PNG image gets stuck at 100 percent and never finishes.",TECHNICAL_ISSUE
5093,Where do I go in the inbox to change my notification settings? Let me know what to do.,HOW_TO_SUPPORT
7771,"Good afternoon, Where is your company located?",OTHER
1315,"Good afternoon, Would it be possible to use the product without an internet connection? That would save us a lot of time",FEATURE_REQUEST
9394,Why did the price of my Starter plan go up?,BILLING_PAYMENT
1794,My account is frozen and I have a deadline today. Thanks in advance.,ACCOUNT_ACCESS
8577,"Hey, I cannot log in after resetting my password.",ACCOUNT_ACCESS
759,Any documentation on how to create a new project?,HOW_TO_SUPPORT
5592,"Good morning, The page never finishes loading and only shows a something went wrong message. Thanks a lot.",TECHNICAL_ISSUE
9929,"Hello support, Search returns no results even for items that I know exist.",TECHNICAL_ISSUE
787,I cannot log in on my iPhone. Let me know what to do.,ACCOUNT_ACCESS
4120,Can you send me some information about what you offer? Please help.,OTHER
4850,"Hey, There is an unknown charge of $149 from your company on my bank statement.",BILLING_PAYMENT
4445,"hi, how do i export my data? thanks a lot.",HOW_TO_SUPPORT
3089,"Not sure how to find my activity history, can you point me to the right help article?",HOW_TO_SUPPORT
8958,"Hello, is anoyne there?",OTHER
9858,"Hello, Are you planning to release offline mode in the future? Thanks a lot.",FEATURE_REQUEST
4553,I have a general inquiry that does not fit any of the topics. Please help.,OTHER
6273,"Dear support team, I am stuck in a loop where the site asks me to verfiy my email again and again.",ACCOUNT_ACCESS
2451,"Hello team, I need to upadte the billing address on my invoice.",BILLING_PAYMENT
4310,I cannot log in since last night. Regards.,ACCOUNT_ACCESS
9245,The download link gives a blank white screen instead of the file. Regards.,TECHNICAL_ISSUE
4902,Charts on the inbox do not load.,TECHNICAL_ISSUE
2655,"Good morning, I saw your ad and want to learn more.",OTHER
1895,I would like instructions on how to print a report.,HOW_TO_SUPPORT
5836,How do I make a teammate an admin?,HOW_TO_SUPPORT
295,"Unable to sign in on Edge, it just keeps reloading the login page. Thanks a lot.",ACCOUNT_ACCESS
1009,The confirmation email never arrives in my inbox. Please help.,ACCOUNT_ACCESS
999,"Hello team, I cannot log in after the latest update. Please help.",ACCOUNT_ACCESS
3790,What is the easiest way to change my time zone? Please respond soon.,HOW_TO_SUPPORT
4529,"Hi team, My payment keeps failing at checkout even though my card is valid. Please advise.",BILLING_PAYMENT
1507,The system says the PNG image format is not supported even though it is valid.,TECHNICAL_ISSUE
6379,"Good afternoon, Why is my account locked? I need it restored as soon as possible. Let me know what to do.",ACCOUNT_ACCESS
2843,"hi, the dashboard is very slow and keeps freezing on my ipad.",TECHNICAL_ISSUE
1763,"Hello support, I am trying to add a comment to a task but I cannot find the option. Where is it",HOW_TO_SUPPORT
8726,"Good morning, I am getting a message that my account is temporarily locked, please help me get in. Any help would be appreciated.",ACCOUNT_ACCESS
76,"Good morning, I lost my phone and cannot receive the verification code to sign in.",ACCOUNT_ACCESS
8081,Scheduled reports are not running at the set time. Thanks in advance.,TECHNICAL_ISSUE
7218,"Hello support, Where is your company located? Let me know what to do.",OTHER
4661,could you add an option to exprot reports as pdf?,FEATURE_REQUEST
7038,"Hi team, Please reset my account access, I cannot get past the login screen.",ACCOUNT_ACCESS
8033,"Good morning, I represent a media outlet and want to reach out to the press team. Thank you.",OTHER
791,Can you build a compact layout into the team page? Many users would benefit.,FEATURE_REQUEST
8172,"Hi team, The profile page shows a something went wrong message for the past few days. Please respond soon.",TECHNICAL_ISSUE
3913,Please consider adding a way to use the product without an internet connection.,FEATURE_REQUEST
203,Text is cut off and overalpping on the analytics page on my Linux machine.,TECHNICAL_ISSUE
8176,Could you please implement IP allow listing in a coming update?,FEATURE_REQUEST
5177,Which page lets me manage my export options?,HOW_TO_SUPPORT
5672,Would it be possible to customize the dashboard layout? That would save us a lot of time.,FEATURE_REQUEST
8436,The magic link takes forever to arrive and then it has expired.,ACCOUNT_ACCESS
5743,I cannot log in since this morning.,ACCOUNT_ACCESS
2131,"Hello, Any plans to support French in the interface?",FEATURE_REQUEST
9296,"Hey, My invitation link to join the team does not let me sign in. Please advise.",ACCOUNT_ACCESS
5898,How do I use the reports page to change my display name?,HOW_TO_SUPPORT
7701,Where do I go in the analytics page to change my workspace name? Thank you.,HOW_TO_SUPPORT
1836,Any documentation on how to create a custom report? Thanks.,HOW_TO_SUPPORT
9886,"Hello support, My card was charged three times for June.",BILLING_PAYMENT
5137,"Good afternoon, Search returns no results even for items that I know exist. Thanks a lot.",TECHNICAL_ISSUE
4196,"Hi team, It would be great if we could duplicate an entire project. Thanks a lot",FEATURE_REQUEST
4885,"Hello team, I forgot the email I used to register and cannot get into my account.",ACCOUNT_ACCESS
1725,Everything on the task list is loading extremely slowly for a week. Please respond soon,TECHNICAL_ISSUE
8054,The integratoin keeps disconnecting and shows an error each time.,TECHNICAL_ISSUE
4398,Please add German language support. Any help would be appreciated.,FEATURE_REQUEST
4261,"Hi team, Can you send me an invoice for the $24.99 payment?",BILLING_PAYMENT
8253,Would it be possible to customize the dashboard layout? That would save us a lot of time. Please help.,FEATURE_REQUEST
2057,Charts on the dashboard do not load.,TECHNICAL_ISSUE
7966,"Hey, Could you add an option to export charts as Word?",FEATURE_REQUEST
1952,"Hi team, The login page keeps redirecting me back to the sign in screen",ACCOUNT_ACCESS
9515,"Good morning, Please consider adding a way to assign tasks to multilpe people.",FEATURE_REQUEST
1329,"Greetings, Images are not displaying correctly on the profile page in Edge.",TECHNICAL_ISSUE
3845,"Hello, Test message, please ignore.",OTHER
7663,"Hi, Is it possible to archive old projects? I cannot find where.",HOW_TO_SUPPORT
3382,Any documentation on how to connect my calendar? Thank you.,HOW_TO_SUPPORT
3542,"Hello team, Thank you for your help, everytihng is fine now.",OTHER
8507,"Hi team, How can I pin a dashboard as my home page",HOW_TO_SUPPORT
1829,"Hi, There is a bug where the project board shows duplicate entries after I upload.",TECHNICAL_ISSUE
7935,Why did the price of my Starter plan go up? Thank you.,BILLING_PAYMENT
119,I got charged in the wrong currency for my Enterprise plan. Please advise.,BILLING_PAYMENT
1271,I was charged $19 for June but I expected a different amount. Any help would be appreciated.,BILLING_PAYMENT
4762,"Hey, I was charged for extra saets that I did not add.",BILLING_PAYMENT
1666,Why was I billed EUR 39 when my plan should be cheaper? Thanks.,BILLING_PAYMENT
6019,Please consider adding a way to sort the list by multiple columns. Thanks a lot.,FEATURE_REQUEST
7072,"good afternoon, what are the steps to rename a project?",HOW_TO_SUPPORT
3057,"The website does not work properly in Edge, but it is fine in another browser.",TECHNICAL_ISSUE
6619,I downgraded to the Business plan but I was still billed the higher price.,BILLING_PAYMENT
7993,"Not sure how to change the date format, can you point me to the right help article? Thank you.",HOW_TO_SUPPORT
1621,"Hello, I was billed $29 twice for the same subscription.",BILLING_PAYMENT
5294,Which menu do I use to set up my workspace for the first time?,HOW_TO_SUPPORT
1982,The confirmation email takes forever to arrive and then it has expired.,ACCOUNT_ACCESS
2353,Are you planning to release an undo button in the future? Please help.,FEATURE_REQUEST
4089,"Dear support team, Please add dark mode to the dashboard.",FEATURE_REQUEST
8150,I forgot the email I used to register and cannot get into my account. Let me know what to do,ACCOUNT_ACCESS
150,"Good morning, I see a spinning loader that never finishes on the inbox. Thanks a lot.",TECHNICAL_ISSUE
2840,"Hello support, Please let us epxort activity logs to Excel.",FEATURE_REQUEST
2897,"I have been overcharged this month, please look into my billing.",BILLING_PAYMENT
2475,"The verification step keeps failing when I try to sign in, since yesterday.",ACCOUNT_ACCESS
8604,How do I invite a member to my workspace? Please advise.,HOW_TO_SUPPORT
7293,"Dear support team, Where can I change my saved filters? Please help",HOW_TO_SUPPORT
4093,Is there a guide that shows how to share a dashboard with a client?,HOW_TO_SUPPORT
755,"Hi there, The system says the spreadsheet format is not supported even though it is valid.",TECHNICAL_ISSUE
373,I would like a refund for the $29 charge for my annual plan.,BILLING_PAYMENT
5607,Is there a guide that shows how to upload a company logo?,HOW_TO_SUPPORT
4148,I would like to speak with a sales representative about enterprise options.,OTHER
7667,"Good morning, Can you send me some information about what you offer? Thanks.",OTHER
1460,"Hi, Please stop future charges to my card and cancel my subscription. Regards.",BILLING_PAYMENT
5374,I keep getitng an invalid password message even though I am typing it correctly.,ACCOUNT_ACCESS
581,Can you recommend which team I should contact for my request? Thank you.,OTHER
4039,Do you support customers based in France?,OTHER
7075,"Good morning, Could you add auto save to the settings page?",FEATURE_REQUEST
532,"Hi, Could you tell me how to use filters on the dashboard?",HOW_TO_SUPPORT
1008,"Hi there, The payment went through but I did not get a confirmation and my account is not upgraded. Thank you.",BILLING_PAYMENT
3680,My account was hacked and I cannot log in anymore. Please respond soon.,ACCOUNT_ACCESS
6496,Please forward this message to the careers team. Please respond soon.,OTHER
7660,"Hi team, Is your service available in Canada?",OTHER
5279,"Hey, I forgot my password and the reset link says it has expired.",ACCOUNT_ACCESS
8474,Can someone explain how to use the reports page?,HOW_TO_SUPPORT
9420,"Hi team, Any plans to support Arabic in the interface?",FEATURE_REQUEST
5893,"Dear support team, Login fails on Opera with an authentication failed message.",ACCOUNT_ACCESS
5369,The delete button does nothing on the admin console.,TECHNICAL_ISSUE
4735,"Hey, Could someone give me an overview of what your company does? Thank you.",OTHER
2656,"Hello support, Why is my account deactivated? I need to get in right now.",ACCOUNT_ACCESS
2203,"Good morning, Do you have a tutorial on how to create a template?",HOW_TO_SUPPORT
1220,"Good morning, What is the easiest way to merge duplicate entries?",HOW_TO_SUPPORT
3876,Why did the price of my monthly plan go up? Please advise.,BILLING_PAYMENT
9345,"Hello support, Do you have any security certifications?",OTHER
5348,Plesae forward this message to the careers team. Thanks a lot.,OTHER
2100,"Hi team, Not sure how to make a teammate an admin, can you point me to the right help article?",HOW_TO_SUPPORT
6911,"Hey, I want to switch to annual billing to get the discount, how is the payment handled?",BILLING_PAYMENT
8701,Could you add bulk actions to the project board?,FEATURE_REQUEST
9419,"Hi there, Please add support for exporting to Google Sheets and also drag and drop. Let me know what to do.",FEATURE_REQUEST
6739,"Hi, Please forward this message to customer success.",OTHER
2421,"i am new here, how do i arcihve old projects? please advise.",HOW_TO_SUPPORT
4191,"Good morning, Could someone give me an overview of what your company does?",OTHER
5498,How can I share a dashboard with a client?,HOW_TO_SUPPORT
9180,"Hello support, The autosave is broken and my work was lost since yesterday.",TECHNICAL_ISSUE
7952,How do I use the team page to change my time zone?,HOW_TO_SUPPORT
3558,"Greetings, I was billed $99 twice for the same subscription.",BILLING_PAYMENT
7488,A pop up with a generic error message appears every time I try to download.,TECHNICAL_ISSUE
3314,"Hello team, The VAT number is missing from my invoice. Thank you.",BILLING_PAYMENT
5839,"Good morning, The verification step keeps failing when I try to sign in, since last night.",ACCOUNT_ACCESS
2724,"Hi there, Do you have a tutorial on how to set up my workspace for the first time?",HOW_TO_SUPPORT
7757,"Hi there, Please show me how to share a dashboard with a client.",HOW_TO_SUPPORT
2658,Please consider adding a way to filter by date range. Thank you.,FEATURE_REQUEST
4217,"Hello, I want to leave general feedback about my experience. Regards.",OTHER
3724,The verification email never arrives in my inbox.,ACCOUNT_ACCESS
82,What is the easiest way to find my activity history? Thanks.,HOW_TO_SUPPORT
97,the upload button does nothing on the workspace. please respond soon.,TECHNICAL_ISSUE
1761,I would love to see an integration with Microsoft Teams. Please respond soon.,FEATURE_REQUEST
4929,"Good afternoon, I represent a media outlet and want to reach out to the press team.",OTHER
9379,"Hello team, Any documentation on how to rename a project?",HOW_TO_SUPPORT
2227,"Hello, Where do I go in the profile page to change my report templates?",HOW_TO_SUPPORT
5841,"Add version history please, it is missing from the project board.",FEATURE_REQUEST
8667,What is the easeist way to create a template?,HOW_TO_SUPPORT
4026,Please consider adding a way to set custom roles for team members. Please advise.,FEATURE_REQUEST
8417,"dear support team, how did your company start? i am curious. thank you.",OTHER
8927,"Good morning, Is it possible to link my account to Slack? I cannot find where.",HOW_TO_SUPPORT
9933,I cannot recover my account because the security questions are not working. Thanks.,ACCOUNT_ACCESS
463,"Hi there, Can you build saved views into the workspace? Many users would benefit. Please help.",FEATURE_REQUEST
6507,"Hi there, I am new here, how do I pin a dashboard as my home page?",HOW_TO_SUPPORT
419,It would be nice to have passkey support.,FEATURE_REQUEST
1233,"Greetings, I would like to get in touch with your press team.",OTHER
7144,"Payment sattus says pending for days, and my subscription is still not active",BILLING_PAYMENT
5172,I wish the inbox had dark mode.,FEATURE_REQUEST
6764,The page never finishes loading and only shows a 502 bad gateway,TECHNICAL_ISSUE
7949,Is there a guide that shows how to connect my calendar?,HOW_TO_SUPPORT
5865,"Good afternoon, My team would love to have keyboard shortcuts. Is it on the roadmap? Please help",FEATURE_REQUEST
796,My account is disabled and I need to get in rihgt now.,ACCOUNT_ACCESS
6189,"Hi, A pop up with a something went wrong message appears every time I try to publish",TECHNICAL_ISSUE
7529,"Hello support, I need a receipt for my payment on the first of the month for tax purposes.",BILLING_PAYMENT
5700,Where do I go in the reports page to change my notification settings?,HOW_TO_SUPPORT
7730,I would like instructions on how to create a template. Regards.,HOW_TO_SUPPORT
2060,Do you have a tutorial on how to update my profile picture? Please advise,HOW_TO_SUPPORT
9259,"Greetings, Please get back to me when you can, I have a few questions. Thank you.",OTHER
44,"Good morning, I got charged in the wrong currency for my Pro plan.",BILLING_PAYMENT
2955,The task list shows a server error since the latest update.,TECHNICAL_ISSUE
8246,Can you explain how to pin a dashboard as my home page? Regards,HOW_TO_SUPPORT
299,"Hi, I am new here, how do I upload a company logo? Let me know what to do",HOW_TO_SUPPORT
5253,"Hi there, The page keeps refrehsing by itself and I lose what I typed.",TECHNICAL_ISSUE
346,"Just started using the product, need to know how to change my display name.",HOW_TO_SUPPORT
8465,Is it possible to create a new project? I cannot find where.,HOW_TO_SUPPORT
7902,"Please reset my acocunt access, I cannot get past the login screen.",ACCOUNT_ACCESS
225,"Hi there, Please add a Dropbox integration, our whole team uses it.",FEATURE_REQUEST
6686,"Dear support team, It would be helpful if the workspace supported a compact layout.",FEATURE_REQUEST
3532,"Good afternoon, A pop up with a server error appears every time I try to save.",TECHNICAL_ISSUE
4022,I was billed $149 twice for the same subscription.,BILLING_PAYMENT
7948,The payment page rejects my card and I cannot renew my Business plan.,BILLING_PAYMENT
6311,"I am a student working on a school project about your product, who can I talk to? Thanks in advance",OTHER
5639,Can you recommend which team I should contact for my request? Please advise,OTHER
5156,"Dear support team, It would be nice to have an option to log out all devices.",FEATURE_REQUEST
8106,"Hi there, I cannot log in on my MacBook.",ACCOUNT_ACCESS
4664,"Hey, I need a receipt for my payment this month for tax purposes.",BILLING_PAYMENT
4647,"Hello, Can you help me regain access to my account? I cannot do my work. Regards.",ACCOUNT_ACCESS
948,Can I get a call back from someone on your team? Any help would be appreciated.,OTHER
8090,The page shows an unexpected blank white screen when I save my profile.,TECHNICAL_ISSUE
8111,"Greetings, Thanks for the great support last week!",OTHER
4749,"Greetings, The search page is very slow and keeps freezing on my Android phone. Thank you",TECHNICAL_ISSUE
670,The one-time passcode never arrives in my inbox. Thanks.,ACCOUNT_ACCESS
399,"Good afternoon, I forgot my password and the reset link says it has expired.",ACCOUNT_ACCESS
3450,"Please send weekly email digests to my inbox automatically, it would help a lot.",FEATURE_REQUEST
251,It wolud be great to have keyboard shortcuts in the settings page.,FEATURE_REQUEST
7019,"Hi, I would like to know who I should contact regarding a collaboration.",OTHER
6014,"Hello team, What is the easiest way to connect my calendar?",HOW_TO_SUPPORT
2529,"Hi, The receipt email for my payment never arrived.",BILLING_PAYMENT
9441,Do you have a tutorial on how to transfer ownership of a workspace? Thank you.,HOW_TO_SUPPORT
1423,Feature request: the ability to mark items as favorites. Thanks.,FEATURE_REQUEST
6316,Buttons on the profile page do not respond when I click them.,TECHNICAL_ISSUE
9909,"My changes are not saved, the profile page reverts to the old values.",TECHNICAL_ISSUE
4337,"The site is down for me, I only see a error 404",TECHNICAL_ISSUE
5975,Buttons on the analytics page do not respond when I click them. Please advise.,TECHNICAL_ISSUE
9893,Everything works on my computer but the team page crashes on my work computer.,TECHNICAL_ISSUE
7096,Is there a guide that shows how to update my profile picture? Thank you.,HOW_TO_SUPPORT
8383,"I want to switch to annual billing to get the discount, how is the payment handled? Please help.",BILLING_PAYMENT
8099,the payment page rejects my card and i cannot renew my premium plan.,BILLING_PAYMENT
5204,Please add auto save to the notifications panel.,FEATURE_REQUEST
5284,I would love to see an integration with Google Drive.,FEATURE_REQUEST
1299,My PayPal payment failed but the money left my account. Thank you.,BILLING_PAYMENT
9216,I am getting a error code 403 whenever I open the billing page.,TECHNICAL_ISSUE
4140,Could you tell me how to change the date format,HOW_TO_SUPPORT
8541,"Greetings, Just started using the product, need to know how to update my profile picture.",HOW_TO_SUPPORT
2647,Can I get a call back from somenoe on your team,OTHER
218,"Good afternoon, Could you add an option to export analytics data as CSV?",FEATURE_REQUEST
8115,The refresh button does nothing on the team page.,TECHNICAL_ISSUE
8163,Text is cut off and overlapping on the search page on my iPhone. Please respond soon,TECHNICAL_ISSUE
2758,I am not able to log in from my Windows laptop but it works on my computer. Thank you.,ACCOUNT_ACCESS
2002,The download link gievs a timeout error instead of the file.,TECHNICAL_ISSUE
5068,"My subscription renewed automatically and I did not want that, please refund me. Thanks a lot.",BILLING_PAYMENT
2109,is it possible to change my display name? i cannot find where.,HOW_TO_SUPPORT
568,"Hello, The download link gives a generic error message instead of the file.",TECHNICAL_ISSUE
2753,The payment page rejects my card and I cannot reenw my Pro plan. Thanks a lot.,BILLING_PAYMENT
3471,How do I reanme a project?,HOW_TO_SUPPORT
3660,"Hey, The password I created during sign up is not accepted at login. Please respond soon.",ACCOUNT_ACCESS
3484,"Good morning, The payment went through but I did not get a confirmation and my account is not upgraded. Let me know what to do.",BILLING_PAYMENT
2820,What are the steps to change the date format?,HOW_TO_SUPPORT
2206,"Good afternoon, I would like more information before I create an account.",OTHER
4618,Can you build custom filters into the settings page? Many users would benefit.,FEATURE_REQUEST
174,"Hello, There is an unknown charge of $59.99 from your company on my bank statement.",BILLING_PAYMENT
7903,My card was charged twice for June. Thanks in advance.,BILLING_PAYMENT
4287,It would be great if we could filter by date range.,FEATURE_REQUEST
9029,"Hi, I saw your ad and want to learn more.",OTHER
6243,The password reset email takes forever to arrive and then it has expired.,ACCOUNT_ACCESS
3776,Where can I change my export options? Thanks.,HOW_TO_SUPPORT
5464,"Hello team, I would like to speak with a sales represetnative about enterprise options",OTHER
7410,Which page lets me manage my saved filters? Let me know what to do.,HOW_TO_SUPPORT
3395,"Dear support team, I was charged $14 this month but I expected a different amount.",BILLING_PAYMENT
8753,"Hello, Please add Portuguese language support.",FEATURE_REQUEST
9718,Where do I go in the notifications panel to change my privacy settings?,HOW_TO_SUPPORT
8889,Images are not displaying correctly on the task list in Safari.,TECHNICAL_ISSUE
9142,I get a error code 403 when I try to save on the settings page.,TECHNICAL_ISSUE
3424,My bank shows a pending charge of EUR 39 that I do not recognize. Any help would be appreciated.,BILLING_PAYMENT
398,My bank shows a pending charge of $49 that I do not recognize. Thanks in advance.,BILLING_PAYMENT
7552,"Account recovery is not working, the magic link is not being sent. Thanks a lot.",ACCOUNT_ACCESS
749,My renewal payment failed and now my subscription shows as past due. Please help.,BILLING_PAYMENT
2767,"Dear support team, I was removed from the workspace by mistake and cannot get back in. Thanks a lot.",ACCOUNT_ACCESS
4727,"Good morning, Could you please ipmlement biometric login in a coming update?",FEATURE_REQUEST
2719,Data I entered yesterday disappeared from the search page.,TECHNICAL_ISSUE
2576,The two-factor code is rejected every time I try to sign in. Thanks a lot.,ACCOUNT_ACCESS
2774,"Hi, The coupon code did not apply at checkout and I was charged the full price. Please respond soon.",BILLING_PAYMENT
4824,"Hey, I paid for the Basic plan but my account still shows the free tier. Please help.",BILLING_PAYMENT
2686,"Hello team, Please add a Dropbox integration, our whole team uses it.",FEATURE_REQUEST
1344,"Good morning, Can you walk me through how to download a report? Thanks.",HOW_TO_SUPPORT
9380,"Add a favorites list please, it is missing from the admin console.",FEATURE_REQUEST
5966,How do I use the inbox to restore a deleted file? Thank you.,HOW_TO_SUPPORT
5531,"good morning, the app crashes every time i try to share.",TECHNICAL_ISSUE
2245,A pop up with a something went wrong message appears every time I try to delete. Please respond soon.,TECHNICAL_ISSUE
9225,There is a bug where the notifications panel shows duplicate entries after I import. Thank you.,TECHNICAL_ISSUE
8727,I would like a refund for the $9.99 charge for March.,BILLING_PAYMENT
3780,"Hey, The coupon code did not apply at checkout and I was charged the full price. Regards.",BILLING_PAYMENT
1693,"Dear support team, I am getting a generic error message whenever I open the profile page. Thanks.",TECHNICAL_ISSUE
8277,The settings page becomes blank when I upolad a spreadsheet.,TECHNICAL_ISSUE
103,Could you add an option to export charts as PDF?,FEATURE_REQUEST
7608,"Hello team, I cannot log in after the latest update.",ACCOUNT_ACCESS
1160,"Good morning, Video previews will not play in the inbox.",TECHNICAL_ISSUE
1826,I get a something went wrong message when I try to delete on the mobile app. Any help would be appreciated.,TECHNICAL_ISSUE
4495,"i am a student working on a school project about your product, who can i talk to?",OTHER
5649,Can you walk me through how to remove a user from my team?,HOW_TO_SUPPORT
6650,I was removed from the workspace by mistake and cannot get back in.,ACCOUNT_ACCESS
1858,"Greetings, Just started using the product, need to know how to create a new project.",HOW_TO_SUPPORT
8522,"Good morning, Please send an invoice for my latest Starter subscription payment.",BILLING_PAYMENT
5355,Can you help me regain access to my account? I have a deadline today. Please help.,ACCOUNT_ACCESS
9801,"Hi, I represent a media outlet and want to reach out to the press team.",OTHER
8608,It would be nice to have single sign-on. Any help would be appreciated.,FEATURE_REQUEST
5958,"Hello, There is a mistake in my latest invoice, the total does not match the plan price.",BILLING_PAYMENT
730,"Hi team, Do you have a tutorial on how to invite a member to my workspace? Please respond soon.",HOW_TO_SUPPORT
6712,The receipt email for my pyament never arrived.,BILLING_PAYMENT
8053,"Hello support, The payment page rejects my card and I cannot renew my Pro plan.",BILLING_PAYMENT
1586,Notifications are not being delivered to my phone. Thanks in advance.,TECHNICAL_ISSUE
1401,"hello team, i am new here, how do i archive old projects? thanks a lot.",HOW_TO_SUPPORT
1446,I cannot access my analytics page because it says I do not have permission.,ACCOUNT_ACCESS
1351,"Hi team, The reset link does nothing when I click it. Regards.",ACCOUNT_ACCESS
1131,Any plans to support German in the interface? Thanks a lot.,FEATURE_REQUEST
9938,The app freezes when I try to sync a large PDF.,TECHNICAL_ISSUE
4840,"Hello support, Can I know more about your service before deciding?",OTHER
3374,"Hey, I was billed $24.99 twice for the same subscription.",BILLING_PAYMENT
4874,My account is locked and I need it restored as soon as possible. Please respond soon.,ACCOUNT_ACCESS
332,Can you explain how to find my activity history? Thanks in advance.,HOW_TO_SUPPORT
5301,Please forward this message to the legal department. Thank you.,OTHER
3671,Everything on the calendar is loading extremely slowly an hour ago,TECHNICAL_ISSUE
3793,Can you explain how to export my data? Regards.,HOW_TO_SUPPORT
6718,"Hi there, Feature request: drag and drop.",FEATURE_REQUEST
4763,Where can I find the privacy settings?,HOW_TO_SUPPORT
317,"Good afternoon, Which page lets me manage my profile information? Thanks in advance.",HOW_TO_SUPPORT
5854,Buttons on the dashboard do not respond when I click them.,TECHNICAL_ISSUE
9491,"Hi, It would be useful to receive weekly activity reports by email.",FEATURE_REQUEST
7196,"Hello, I am stuck in a loop where the site asks me to verify my email again and again. Please advise.",ACCOUNT_ACCESS
2967,I need a corrected invoice with our new company address.,BILLING_PAYMENT
560,i would like the option to customize the dashboard layout in a future release.,FEATURE_REQUEST
4841,A pop up with a 502 bad gateway appears every time I try to download.,TECHNICAL_ISSUE
549,"Hi, Please consider adding a way to duplicate an entire project.",FEATURE_REQUEST
5325,Could you add an option to export tables as PDF? Thanks.,FEATURE_REQUEST
2407,"Dear support team, The payment went through but I did not get a confirmation and my account is not upgraded",BILLING_PAYMENT
2420,"Hello, The magic link never arrives in my inbox. Thanks a lot.",ACCOUNT_ACCESS
3203,I am trying to use filters on the dashboard but I cannot find the option. Where is it,HOW_TO_SUPPORT
2309,"The verification step keeps failing when I try to sign in, since Monday. Thanks in advance.",ACCOUNT_ACCESS
3670,Can you explain how to restore a deleted file?,HOW_TO_SUPPORT
5420,Please show me how to print a report. Thank you.,HOW_TO_SUPPORT
9812,I would like more information before I create an account. Any help would be appreciated.,OTHER
6512,"Hello team, I am stuck in a loop where the site asks me to verify my email again and again. Thanks in advance.",ACCOUNT_ACCESS
2684,I cannot log in since yesterday.,ACCOUNT_ACCESS
5416,"hi team, my account has been locked and i do not know why.",ACCOUNT_ACCESS
6881,"Good morning, Featrue request: a calendar view.",FEATURE_REQUEST
8972,"Good afternoon, I want to switch to annual billing to get the discount, how is the payment handled? Thanks a lot",BILLING_PAYMENT
1345,I am not able to log in from my Windows laptop but it wokrs on my computer.,ACCOUNT_ACCESS
1278,I was billed $49 twice for the same subscription. Let me know what to do,BILLING_PAYMENT
2617,"Dear support team, Can you send me an invoice for the $49 payment",BILLING_PAYMENT
5122,I paid for the annual plan but my account still shows the free tier. Let me know what to do.,BILLING_PAYMENT
8812,"hi, the vat number is missing from my invoice. any help would be appreciated.",BILLING_PAYMENT
8795,Do you support customers based in Brazil? Thanks in advance.,OTHER
4574,I was charged $99 for a plan I never upgraded to.,BILLING_PAYMENT
7380,Could you add an option to export tables as XML?,FEATURE_REQUEST
9343,a pop up with a timeout error appears every time i try to export.,TECHNICAL_ISSUE
4934,"hey, could you please implement single sign-on in a coming update?",FEATURE_REQUEST
4471,How do I use the workspace to restore a deleted file,HOW_TO_SUPPORT
3854,"Hi team, Why was I billed $99 when my plan should be cheaper?",BILLING_PAYMENT
2226,Do you support customers based in Singapore?,OTHER
7981,"I am new here, how do I assign a task to a colleague? Thanks.",HOW_TO_SUPPORT
3408,Can you walk me through how to transfer ownership of a workspace? Thanks.,HOW_TO_SUPPORT
7174,Any plans to support Portuguese in the interface? Thanks a lot.,FEATURE_REQUEST
7105,"Hi team, Please get back to me when you can, I have a few questions.",OTHER
4339,"Dear support team, How do I set up a recurring report",HOW_TO_SUPPORT
8484,"Hello support, It would be great if we could assign tasks to multiple people.",FEATURE_REQUEST
508,"Hello, Is it possible to add a comment to a task? I cannot find where",HOW_TO_SUPPORT
3094,"Hello team, Product idea: let us duplicate an entire project. Thank you.",FEATURE_REQUEST
3567,please add drag and drop to the reports page. please help.,FEATURE_REQUEST
1923,"Hi team, I am new here, how do I transfer ownership of a workspace? Regards",HOW_TO_SUPPORT
2035,I was charged $120 for a plan I never upgraded to. Please advise.,BILLING_PAYMENT
6130,"Good morning, Everything on the calendar is loading extremely slowly since last night. Please respond soon.",TECHNICAL_ISSUE
1741,"Dear support team, Can you explain how to update my profile picture?",HOW_TO_SUPPORT
9879,I am stuck in a loop where the site asks me to verify my email again and again. Please advise.,ACCOUNT_ACCESS
798,I would like to speak with a sales representative about enterprise options. Please advise.,OTHER
6532,"Hello, Can someone explain how to use the calendar",HOW_TO_SUPPORT
2730,"Hi team, Please forward this message to your press team.",OTHER
3192,"Hey, Could you add an option to epxort invoices as PDF?",FEATURE_REQUEST
2051,"I am a student working on a school project about your product, who can I talk to? Please respond soon.",OTHER
5889,"Good afternoon, Hello, is anyone there? Please respond soon.",OTHER
1502,The one-time passcode takes forever to arrive and then it has expired,ACCOUNT_ACCESS
7623,"Hello, Please stop future chagres to my card and cancel my subscription.",BILLING_PAYMENT
7533,Is your service available in the United Kingdom? Please advise.,OTHER
1980,"Good afternoon, I was billed $14 twice for the same subscription. Please advise.",BILLING_PAYMENT
6874,"Dear support team, I got a new phone and my authenticator app no longer works, so I cannot log in. Thanks in advance.",ACCOUNT_ACCESS
5773,My colleague left the company and I need access to the adimn account.,ACCOUNT_ACCESS
4503,Can you explain how to duplicate a project?,HOW_TO_SUPPORT
9923,"Hello, I would like more information beofre I create an account.",OTHER
3129,"Thank you for your help, everything is fine now. Any help would be appreciated.",OTHER
6841,Please send an invoice for my latest Starter subscription payment.,BILLING_PAYMENT
9617,"Dear support team, Please get back to me when you can, I have a few questions.",OTHER
5964,The billing page becomes blank when I upload a JPEG photo.,TECHNICAL_ISSUE
1015,"Good afternoon, I am not sure who to ask about this.",OTHER
1870,"Hello team, Where is your company located? Thanks in advance.",OTHER
5695,Could you add an option to export project lists as XML?,FEATURE_REQUEST
946,Could someone give me an overview of what your company does? Please respond soon.,OTHER
421,"Good afternoon, Can you walk me through how to make a teammate an admin?",HOW_TO_SUPPORT
4302,could you please implement an option to log out all deivces in a coming update?,FEATURE_REQUEST
7494,Please add support for exporting to JSON and also custom themes.,FEATURE_REQUEST
3446,"Hi there, Where can I change my profile information?",HOW_TO_SUPPORT
1781,Text is cut off and overlapping on the notifications panel on my Android phone.,TECHNICAL_ISSUE
2620,why is my account disabled? i need to get in right now. please advise.,ACCOUNT_ACCESS
1552,I got charged in the wrong currency for my Enterprise plan.,BILLING_PAYMENT
2580,"Test message, please ignore. Any help would be appreciated.",OTHER
1041,I am stuck in a loop where the site asks me to verify my email again and again. Thank you.,ACCOUNT_ACCESS
6266,"Hello, Images are not displaying correctly on the workspace in Edge.",TECHNICAL_ISSUE
8710,Is it possible to update my profile picture? I cannot find where. Any help would be appreciated.,HOW_TO_SUPPORT
789,"Dear support team, Can you send me an ivnoice for the $99 payment?",BILLING_PAYMENT
1225,could you please implement single sign-on in a coming update?,FEATURE_REQUEST
3779,"Good morning, My card was charged three times last month. Please help.",BILLING_PAYMENT
9280,The login page keeps redirecting me back to the sign in screen. Thanks.,ACCOUNT_ACCESS
6138,Charts on the analytics page do not load.,TECHNICAL_ISSUE
4116,"Good morning, I would like to speak with a sales representative about enterprise options. Thank you.",OTHER
3155,The API returns a error code 403 when I call the endpoint.,TECHNICAL_ISSUE
7674,Can I get a call back from smoeone on your team?,OTHER
4732,I am unable to sign in to my account since last night. Thank you,ACCOUNT_ACCESS
2458,"Not sure how to duplicate a project, can you point me to the right help article?",HOW_TO_SUPPORT
9584,How do I use the analytics page to find my activity history? Thank you.,HOW_TO_SUPPORT
1090,Thakns for the great support last week!,OTHER
1919,"Good afternoon, I have some questions about your company before I proceed. Please respond soon.",OTHER
4686,I cannot access my calendar becuase it says I do not have permission. Thanks a lot.,ACCOUNT_ACCESS
3194,The system says the video file format is not supported even thoguh it is valid.,TECHNICAL_ISSUE
7283,Where do I go in the settings page to change my default dashboard?,HOW_TO_SUPPORT
2917,"The verification step kepes failing when I try to sign in, since yesterday.",ACCOUNT_ACCESS
7318,"Greetings, I am unable to sign in to my account since this morning. Let me know what to do",ACCOUNT_ACCESS
2690,"Hello, My team would love to have a calendar view. Is it on the roadmap",FEATURE_REQUEST
1451,Are you planning to release offline mode in the future?,FEATURE_REQUEST
7820,"Hi, Any plans to support Arabic in the interface? Thanks a lot.",FEATURE_REQUEST
7581,"I have been overcharged for March, plesae look into my billing. Thank you.",BILLING_PAYMENT
4092,"hi there, can you walk me through how to connect my calendar?",HOW_TO_SUPPORT
783,Can you walk me through how to print a report?,HOW_TO_SUPPORT
3818,Are you planning to release keyboard shortcuts in the future?,FEATURE_REQUEST
3060,"Hi there, The website does not work properly in Chrome, but it is fine in another browser. Let me know what to do.",TECHNICAL_ISSUE
5283,"Hey, I downgraded to the Basic plan but I was still billed the higher price.",BILLING_PAYMENT
5454,"We really need a favorites list on the admin console, please consider it.",FEATURE_REQUEST
3310,"Hello, The mobile app becomes blank when I upload a PDF.",TECHNICAL_ISSUE
9490,"Hello team, What is the easiest way to download a report?",HOW_TO_SUPPORT
7486,"Dear support team, I would like instructions on how to change the date format",HOW_TO_SUPPORT
2163,"Hi, Video previews will not play in the settings page. Any help would be appreciated.",TECHNICAL_ISSUE
5881,my team would love to have a compact layout. is it on the roadmap? please help.,FEATURE_REQUEST
5739,"Just started using the product, need to know how to invite a member to my workspace.",HOW_TO_SUPPORT
1815,My payment keeps failing at checkout even though my card is valid. Let me know what to do.,BILLING_PAYMENT
1627,"Dear support team, Are you currently hiring?",OTHER
9504,The reports page becomes blank when I upload a Excel file. Thanks in advance.,TECHNICAL_ISSUE
2948,"Hello, What is the eaisest way to set my working hours?",HOW_TO_SUPPORT
9787,"Hey, My session logs me out immediately after I sign in",ACCOUNT_ACCESS
6550,"Good afternoon, I upgraded my plan but the charge shows the wrong amount.",BILLING_PAYMENT
973,I get a timeout error when I try to save on the team page,TECHNICAL_ISSUE
9308,Why was I billed $99 when my plan should be cheaper? Please advise.,BILLING_PAYMENT
1022,Is there a guide that shows how to change my notification settings?,HOW_TO_SUPPORT
9070,"Dear support team, Please let us export activity logs to Word.",FEATURE_REQUEST
3984,"hello, please credit my account for the payment error this month. let me know what to do.",BILLING_PAYMENT
1766,"Hello support, My payment keeps failing at checkout even though my card is valid. Please respond soon.",BILLING_PAYMENT
7167,the page never finishes loading and only shows a generic error message. thanks.,TECHNICAL_ISSUE
9948,I wish the aanlytics page had a calendar view.,FEATURE_REQUEST
8963,I am trying to change my notification settings but I cannot find the option. Where is it?,HOW_TO_SUPPORT
7256,I represent a media outlet and want to reach out to the press team. Please respond soon.,OTHER
6480,"Hi team, I need a corrected invioce with our new company address.",BILLING_PAYMENT
5214,"Dear support team, What are your business hours?",OTHER
1706,I was charged $14 for March but I expected a different amount.,BILLING_PAYMENT
7882,"i think i sent this to the wrong place, who is the right contact?",OTHER
562,The reports page is very slow and keeps freezing on my Android phone. Thanks.,TECHNICAL_ISSUE
2336,The exported spreadsheet is corrupted and cnanot be opened.,TECHNICAL_ISSUE
8526,"Hi, Test message, please ignore.",OTHER
7025,"Hi team, The SMS code takes forever to arrive and then it has expired.",ACCOUNT_ACCESS
4381,"Hello team, The page keeps refreshing by itself and I lose what I typed.",TECHNICAL_ISSUE
7292,I cannot log in for two days.,ACCOUNT_ACCESS
8354,Would it be possible to sort the list by multiple columns? That would save us a lot of time.,FEATURE_REQUEST
3867,"Hi team, My changes are not saved, the admin console reverts to the old values.",TECHNICAL_ISSUE
365,The two-factor code is rejected every time I try to sign in. Thank you,ACCOUNT_ACCESS
9729,"Dear support team, Can you send me some information about what you offer? Thanks.",OTHER
315,"Hello team, Is it possible to add a comment to a task? I cannot find where.",HOW_TO_SUPPORT
201,"Hey, My renewal payment failed and now my subscription shows as past due.",BILLING_PAYMENT
2326,My PayPal payment failed but the money left my account. Please respond soon.,BILLING_PAYMENT
6180,Is there a guide that shows how to share a dashboard with a client? Thank you.,HOW_TO_SUPPORT
4453,"Good afternoon, I cancelled my subscription weeks ago and you still took money from my account. Please respond soon.",BILLING_PAYMENT
4791,"Greetings, Any documentation on how to set up a recurring report?",HOW_TO_SUPPORT
4247,"Hi there, My changes are not saved, the admin console reverts to the old values.",TECHNICAL_ISSUE
9922,"Hello team, My bank shows a pending charge of $24.99 that I do not recognize.",BILLING_PAYMENT
1532,"Please add a Salesforce integration, our whole team uses it.",FEATURE_REQUEST
1176,My account was hacked and I cannot log in anymore. Please help.,ACCOUNT_ACCESS
9328,Why was I billed $249 when my plan should be cheaper? Please help.,BILLING_PAYMENT
9632,Is there a guide that shows how to delete a workspace,HOW_TO_SUPPORT
553,My renewal payment failed and now my subscription shows as past due. Thanks in advance,BILLING_PAYMENT
8893,It would be useful to receive quarterly usage summaries by email.,FEATURE_REQUEST
277,"Hi, The page never finishes loading and only shows a error code 403.",TECHNICAL_ISSUE
1047,"Good morning, Can you explain how to pin a dashboard as my home page? Please advise.",HOW_TO_SUPPORT
2099,"Good morning, Feature request: the ability to duplicate an entire project.",FEATURE_REQUEST
8032,"Hi, Please add authenticator app support for account security. Thanks.",FEATURE_REQUEST
919,"Hello support, How did your company start? I am curious",OTHER
699,The VAT number is missing from my invoice. Thanks in advance.,BILLING_PAYMENT
806,Buttons on the notifications panel do not respond when I clcik them. Thank you.,TECHNICAL_ISSUE
6442,A pop up with a generic error message appears every time I try to export.,TECHNICAL_ISSUE
6163,Please add support for exporting to PDF and also auto save,FEATURE_REQUEST
6411,My account has been locked and I do not know why. Please advise,ACCOUNT_ACCESS
8956,It would be helpful if the dashboard supported a favorites list,FEATURE_REQUEST
976,Is there a guide that shows how to invite a member to my workspace?,HOW_TO_SUPPORT
2342,i forgot my password and the reest link says it has expired.,ACCOUNT_ACCESS
7695,I am getting a error code 403 whenever I open the admin console.,TECHNICAL_ISSUE
2556,"Hi, I am new here, how do I change my time zone?",HOW_TO_SUPPORT
4036,could you tell me how to pin a dashboard as my home page?,HOW_TO_SUPPORT
266,"Hello support, I am locked out after too many failed login attempts.",ACCOUNT_ACCESS
9564,Is your service available in Sri Lanka? Any help would be appreciated.,OTHER
4016,"Hi there, I need to talk to someone but I do not know what to select. Please help.",OTHER
9669,"Dear support team, Do you offer any events or webinars?",OTHER
5553,"Dear support team, The wbesite does not work properly in Chrome, but it is fine in another browser.",TECHNICAL_ISSUE
3917,The download link gives a error 404 instead of the file.,TECHNICAL_ISSUE
6544,"Hey, It would improve my workflow if I could restore deleted items from a trash folder.",FEATURE_REQUEST
9619,"Hey, My account has been disabled and I do not know why. Regards.",ACCOUNT_ACCESS
1206,Notificaitons are not being delivered to my phone.,TECHNICAL_ISSUE
9066,I cannot log in atfer the latest update,ACCOUNT_ACCESS
9176,How do I change my notification settings?,HOW_TO_SUPPORT
1300,"Dear support team, Can you recommend which team I should contact for my request?",OTHER
6649,Data I entered yesetrday disappeared from the search page.,TECHNICAL_ISSUE
307,"Good morning, The profile page becomes blank when I upload a ZIP file. Please respond soon.",TECHNICAL_ISSUE
9253,"Hello, Notifications are not being delivered to my phone.",TECHNICAL_ISSUE
4242,colud someone give me an overview of what your company does?,OTHER
2349,"Hi, The dashboard numbers are wrong and do not match the raw data.",TECHNICAL_ISSUE
1419,"Hi, My card was charged three times last month. Let me know what to do",BILLING_PAYMENT
3333,"My changes are not saved, the analytics page reverts to the old values. Any help would be appreciated.",TECHNICAL_ISSUE
2960,It would be great to have a search bar in the billing page.,FEATURE_REQUEST
9417,"Hi team, My bank shows a pending charge of $24.99 that I do not recognize",BILLING_PAYMENT
3871,The dashboard is very slow and keeps freezing on my iPad.,TECHNICAL_ISSUE
7994,What is the easiest way to import contacts from a CSV file?,HOW_TO_SUPPORT
6693,What are the steps to import contacts from a CSV file? Thanks a lot.,HOW_TO_SUPPORT
2005,I would like instructions on how to link my account to Slack.,HOW_TO_SUPPORT
355,What is the easiest way to change the language of the interface? Regards.,HOW_TO_SUPPORT
3295,"Good afternoon, Thanks for the great support last week! Thank you.",OTHER
1017,Uploading a JPEG photo gets stuck at 99 percent and never finishes. Thank you.,TECHNICAL_ISSUE
6608,"Hello support, I upgraded my plan but the charge shows the wrong amount.",BILLING_PAYMENT
1866,please forward this message to your press team. thanks a lot.,OTHER
7670,I would like a refund for the GBP 45 charge this quarter.,BILLING_PAYMENT
304,Where do I go in the notifications panel to change my workspace name?,HOW_TO_SUPPORT
479,Do you support customers based in South Africa? Let me know what to do.,OTHER
3123,"hello, unable to sign in on edge, it just keeps reloading the login page.",ACCOUNT_ACCESS
3925,How do I use the team page to find my activity history? Thanks.,HOW_TO_SUPPORT
4323,the dashboard does not display anything after the latest update.,TECHNICAL_ISSUE
8136,I cannot log in on my iPhone. Please respond soon.,ACCOUNT_ACCESS
4373,"Hi team, The integration keeps disconnecting and shows an error each time.",TECHNICAL_ISSUE
8181,"Hello support, Buttons on the project board do not respond when I click them.",TECHNICAL_ISSUE
190,"Hi there, Could you tell me how to update my profile picture? Please advise",HOW_TO_SUPPORT
7840,Uploading a PNG image gets stuck at 100 percent and never finishes.,TECHNICAL_ISSUE
5528,"Hi there, I get an access denied message when I try to open my workspace.",ACCOUNT_ACCESS
7172,"Hi, I never received the one-time passcode, I already checked my spam folder.",ACCOUNT_ACCESS
4615,"Hi team, How do I duplicate a project?",HOW_TO_SUPPORT
771,"Hello, I would like to speak with a sales representative about enterprise options. Please respond soon.",OTHER
7131,"Hi team, We really need version history on the task list, please consider it.",FEATURE_REQUEST
4575,"Hey, Is there someone I can meet in person to talk about your product?",OTHER
9182,"Greetings, We really need a search bar on the mobile app, please consider it.",FEATURE_REQUEST
6149,"I never recevied the login code, I already checked my spam folder.",ACCOUNT_ACCESS
6810,I cannot log in for a week. Thanks a lot.,ACCOUNT_ACCESS
9672,I am trying to upload a company logo but I cannot find the option. Wehre is it?,HOW_TO_SUPPORT
1408,Are you planning to release dark mode in the future?,FEATURE_REQUEST
1938,"Good afternoon, I would like to know who I should contact regarding a collaboration. Any help would be appreciated.",OTHER
8142,The settings page shows a something went wrong message since last night,TECHNICAL_ISSUE
962,My account has been deactivated and I do not know why. Thanks in advance.,ACCOUNT_ACCESS
2444,Is there a guide that shows how to create a new project?,HOW_TO_SUPPORT
776,"Hi there, Hello, is anyone there? Thank you.",OTHER
3629,Can you send me an invoice for the GBP 12 payment? Any help would be appreciated.,BILLING_PAYMENT
9990,I wolud love to see an integration with Salesforce.,FEATURE_REQUEST
7385,"Dear support team, I was charged for exrta seats that I did not add. Any help would be appreciated.",BILLING_PAYMENT
7525,"Hi there, I am getting a message that my account is temporarily locked, please help me get in.",ACCOUNT_ACCESS
1184,Which page lets me manage my display name? Let me know what to do,HOW_TO_SUPPORT
5667,"Hello, I am not able to log in from my work computer but it works on my computer. Regards.",ACCOUNT_ACCESS
9705,Uploading a Excel file gets stuck at 45 percent and never finishes.,TECHNICAL_ISSUE
1685,it would be helpful if the search page supported a favorites list.,FEATURE_REQUEST
1464,"Good afternoon, After I reset my password the new one is not accepted. Please help.",ACCOUNT_ACCESS
8396,"Good morning, I am a student working on a school project about your product, who can I talk to? Thanks in advance.",OTHER
9835,"Tahnk you for your help, everything is fine now. Any help would be appreciated.",OTHER
7282,There is a bug where the search page shows duplicate entries after I export.,TECHNICAL_ISSUE
9407,"Hi there, Can you build bulk actions into the analytics page? Many users would benefit. Thanks a lot.",FEATURE_REQUEST
4123,I would like the opiton to set custom roles for team members in a future release.,FEATURE_REQUEST
1770,"Hi, Login fails on Safari with an authentication failed message",ACCOUNT_ACCESS
3385,How do I use the inbox to print a report? Regards.,HOW_TO_SUPPORT
7314,"hey, please consider adding a way to see who viewed a shared report.",FEATURE_REQUEST
6345,Please show me how to change my password from the settings page.,HOW_TO_SUPPORT
1519,I cannot log in atfer turning on two-factor authentication.,ACCOUNT_ACCESS
185,Where can I change my email preferences?,HOW_TO_SUPPORT
7590,I am not sure who to ask about this. Please advise.,OTHER
8870,Please credit my account for the payment error for June. Regards.,BILLING_PAYMENT
3109,The discount promised to me is not reflected on my bill. Any help would be appreciated.,BILLING_PAYMENT
5871,The refresh button does nothing on the dashboard. Thanks.,TECHNICAL_ISSUE
6652,"Dear support team, Could you please implement single sign-on in a coming update?",FEATURE_REQUEST
4042,"Hi there, Where is your company located?",OTHER
8705,It would be helpful if the billing page supported an undo button.,FEATURE_REQUEST
8600,"hi there, there is an unknown charge of $59.99 from your company on my bank statement.",BILLING_PAYMENT
9348,"Please send quarterly activity reports to my inbox automatically, it would help a lot.",FEATURE_REQUEST
1711,"hey, i do not have access to my old email address and need to recover my account.",ACCOUNT_ACCESS
1124,It would be great to have a favorites list in the task list.,FEATURE_REQUEST
9952,"Hi team, It would be great to have a favorites list in the team page.",FEATURE_REQUEST
8975,"Greetings, Where do I go in the reports page to change my language settings?",HOW_TO_SUPPORT
6435,"Hello team, I need a receipt for my payment for my annual plan for tax purposes.",BILLING_PAYMENT
9513,"Hey, How do I use the billing page to invite a member to my workspace?",HOW_TO_SUPPORT
7193,"Hello support, Could someone give me an overview of what your company does?",OTHER
9449,Charts on the reprots page do not load.,TECHNICAL_ISSUE
5821,My bank shows a pending charge of EUR 39 that I do not recognize.,BILLING_PAYMENT
2159,I am not able to log in from my tablet but it works on my computer.,ACCOUNT_ACCESS
3801,The profile page is very slow and keeps freezing on my Windows laptop,TECHNICAL_ISSUE
8076,"Good afternoon, The sync between my devices has stopped working.",TECHNICAL_ISSUE
1054,"Hi there, It would be great to have an undo button in the profile page. Thank you.",FEATURE_REQUEST
6485,Text is cut off and overlapping on the search page on my MacBook.,TECHNICAL_ISSUE
231,"Good morning, Can you build custom themes into the workspace? Many users would benefit.",FEATURE_REQUEST
5990,"Hello, My colelague left the company and I need access to the admin account.",ACCOUNT_ACCESS
6783,Can you send me an invoice for the GBP 12 payment? Thanks.,BILLING_PAYMENT
9416,My payment keeps failing at checkout even though my card is valid. Thank you.,BILLING_PAYMENT
1868,Can you tell me more about your privacy policy? Please respond soon.,OTHER
4251,Could you tell me how to set up a recurring report? Let me know what to do.,HOW_TO_SUPPORT
5439,"Dear support team, I am getting a error 500 whenever I open the admin console",TECHNICAL_ISSUE
3091,"Hello, My account has been frozen and I do not know why.",ACCOUNT_ACCESS
2406,"Good morning, How do I use the dashboard to set up a recurring report",HOW_TO_SUPPORT
2274,"Hello, Thank you for your help, everything is fine now.",OTHER
325,I get a error 500 when I try to download on the settings page.,TECHNICAL_ISSUE
9341,I cannot log in after turning on two-factor authentication. Thank you.,ACCOUNT_ACCESS
3372,"Hello support, The website does not work properly in Edge, but it is fine in another browser.",TECHNICAL_ISSUE
1548,Why is my account suspended? I need it restroed as soon as possible.,ACCOUNT_ACCESS
287,"Hello support, I am new here, how do I transfer ownership of a workspace?",HOW_TO_SUPPORT
9020,"Hello, My account is frozen and I need it restored as soon as possible. Please advise.",ACCOUNT_ACCESS
5030,"Hi team, Please send weekly email digests to my inbox automatically, it would help a lot.",FEATURE_REQUEST
1676,"Greetings, Everything works on my computer but the project board crashes on my iPhone.",TECHNICAL_ISSUE
9636,"Hello support, I am stuck in a loop where the site asks me to verify my email again and again. Thank you.",ACCOUNT_ACCESS
7499,I am locked out after too many failed login attempts. Thanks a lot.,ACCOUNT_ACCESS
1661,"Hi there, My renewal payment failed and now my subscription shows as past due. Thank you.",BILLING_PAYMENT
6805,How do I use the inbox to remove a user from my team?,HOW_TO_SUPPORT
7128,I cannot log in since Monday.,ACCOUNT_ACCESS
1462,"Hey, Can you send me an invoice for the $19 payment?",BILLING_PAYMENT
2849,"Dear support team, The page shows an unexpected error 500 when I save my profile.",TECHNICAL_ISSUE
9897,The mobile app closes immediately after opening on my iPad.,TECHNICAL_ISSUE
5802,"Dear support team, Not sure how to upload a company logo, can you point me to the right help article?",HOW_TO_SUPPORT
3077,"Hey, Can you explain how to export my data?",HOW_TO_SUPPORT
7537,the export button does nothing on the adimn console.,TECHNICAL_ISSUE
5108,Buttons on the mobile app do not respond when I click them.,TECHNICAL_ISSUE
327,"Good morning, The SMS code takes forever to arrive and then it has expired.",ACCOUNT_ACCESS
9275,Do you have a tutorial on how to create a custom report? Let me know what to do.,HOW_TO_SUPPORT
6867,"Hello, Do you offer any events or webinars? Let me know what to do.",OTHER
233,Is your service available in Kenya? Please respond soon.,OTHER
5793,"Good afternoon, Could you please implement authenticator app support in a coming update?",FEATURE_REQUEST
5298,"Hello team, After I reset my password the new one is not accepted. Please advise.",ACCOUNT_ACCESS
2311,Everything works on my computer but the task list crashes on my Android phone.,TECHNICAL_ISSUE
9737,What are the steps to invite a member to my workspace?,HOW_TO_SUPPORT
8513,"Hello team, How do I use the billing page to archive old projects?",HOW_TO_SUPPORT
8921,Please credit my account for the payment error this week. Thank you.,BILLING_PAYMENT
1058,I am not sure who to ask about this. Any help would be appreciated.,OTHER
2205,Everything works on my computer but the settings page crashes on my Windows laptop.,TECHNICAL_ISSUE
612,"Hello team, Login fails on Opera with an authentication failed message.",ACCOUNT_ACCESS
7665,I am getting a something went wrong message whenever I open the dashboard,TECHNICAL_ISSUE
5076,I need a receipt for my payment on the first of the month for tax purposes.,BILLING_PAYMENT
1091,"We really need a mobile widget on the project board, please consider it.",FEATURE_REQUEST
6957,"Hello, Please send an invoice for my latest Business subscription payment. Thanks a lot.",BILLING_PAYMENT
2209,"Hello, I keep getting an invalid password message even though I am typing it correctly.",ACCOUNT_ACCESS
2703,Can I know more about your service before deciding? Please advise.,OTHER
7240,Product idea: let us set custom roles for team members. Please advise.,FEATURE_REQUEST
3224,"Good afternoon, Can you send me some information about what you offer?",OTHER
1780,"Hi there, I lost my phone and cannot receive the verification code to sign in.",ACCOUNT_ACCESS
9786,"add dark mode please, it is missing from the admin console.",FEATURE_REQUEST
8415,"Hello support, My account has been disabled and I do not know why.",ACCOUNT_ACCESS
2194,"Hello support, We really need a compact layout on the admin console, please consider it. Thank you.",FEATURE_REQUEST
6900,"Hi team, I need help but I am not sure which option applies. Thanks in advance.",OTHER
9268,"Hey, The mobile app closes immediately after opening on my Android phone.",TECHNICAL_ISSUE
8268,"Good afternoon, The coupon code did not apply at checkout and I was charged the full price.",BILLING_PAYMENT
9808,"Greetings, Can I get a call back from someone on your team",OTHER
3455,My bank shows a pending charge of GBP 12 that I do not recognize.,BILLING_PAYMENT
7336,Do you have a tutorial on how to import contacts from a CSV file?,HOW_TO_SUPPORT
473,How do I use the settings page to update my profile picture?,HOW_TO_SUPPORT
6659,The inbox is very slow and keeps freezing on my Linux machine.,TECHNICAL_ISSUE
960,It would improve my workflow if I could see who viewed a shared report.,FEATURE_REQUEST
1049,Buttons on the search page do not respond when I click them,TECHNICAL_ISSUE
4326,"Just started using the product, need to know how to archive old projects.",HOW_TO_SUPPORT
2744,What are the steps to import contacts from a CSV file? Please help,HOW_TO_SUPPORT
7545,Can you build a favorites list into the dashboard? Many users would benefit.,FEATURE_REQUEST
9270,How do I duplicate a project?,HOW_TO_SUPPORT
767,"Good afternoon, Is there someone I can meet in person to talk about your product? Please advise.",OTHER
4563,"Hello support, Test message, please ignore. Please advise.",OTHER
3750,"Hello, My account was hacked and I cannot log in anymore.",ACCOUNT_ACCESS
8621,It would be helpful if the calendar supported an undo button.,FEATURE_REQUEST
5589,"Hi team, I would like to speak with a sales representative about enterprise options.",OTHER
8788,I need a receipt for my payment this quarter for tax purposes. Please help.,BILLING_PAYMENT
1966,"Dear support team, It would be useful to receive quarterly performance summaries by email.",FEATURE_REQUEST
2093,"Hi team, The payment went through but I did not get a confirmation and my account is not upgraded.",BILLING_PAYMENT
8898,"Hello, My bank shows a pending charge of $249 that I do not recognize.",BILLING_PAYMENT
358,Could you add an option to export tables as Word?,FEATURE_REQUEST
1645,"Hey, I cannot access my search page because it says I do not have permission.",ACCOUNT_ACCESS
2588,"Hey, Could you tell me how to merge duplicate entries? Please help.",HOW_TO_SUPPORT
1263,How do I create a template?,HOW_TO_SUPPORT
6457,I changed my phone number and now I cannot get the login code. Regards.,ACCOUNT_ACCESS
7369,"Good morning, Sign in with single sign-on fails and shows an unauthorized message. Thanks a lot.",ACCOUNT_ACCESS
3583,"Dear support team, Can you walk me through how to update my profile picture?",HOW_TO_SUPPORT
6671,"Hello team, I do not have access to my old email address and need to recover my account.",ACCOUNT_ACCESS
9914,i saw your ad and want to learn more. thank you.,OTHER
7437,The payment went through but I did not get a conifrmation and my account is not upgraded. Thanks a lot.,BILLING_PAYMENT
5982,It would be helpful if the porfile page supported keyboard shortcuts.,FEATURE_REQUEST
5451,"Hello team, Can you explain how to link my account to Slack?",HOW_TO_SUPPORT
3342,The page shows an unexpected error 500 when I save my profile. Please respond soon.,TECHNICAL_ISSUE
3430,Buttons on the workspace do not respond when I click them. Please advise.,TECHNICAL_ISSUE
9483,"Please get back to me when you can, I have a few questions. Please advise.",OTHER
1353,I was bliled $120 twice for the same subscription. Thanks,BILLING_PAYMENT
2130,"Hi there, I would like more information before I create an account. Any help would be appreciated.",OTHER
1363,I have a qusetion about your service. Please help.,OTHER
2252,I see a spinning loader that never finishes on the team page. Thanks in advance,TECHNICAL_ISSUE
3131,"Hi team, I cannot log in after changing my eamil address.",ACCOUNT_ACCESS
5094,it would be helpful if the dashboard supported custom filters. thanks a lot.,FEATURE_REQUEST
3166,I see a spinning loader that never finishes on the profile page. Thanks a lot.,TECHNICAL_ISSUE
8308,Suggestion: allow users to duplicate an entire project.,FEATURE_REQUEST
8002,"Account recovery is not working, the password reset email is not being sent. Please respond soon.",ACCOUNT_ACCESS
1577,Any documentation on how to connect my calendar?,HOW_TO_SUPPORT
8943,I am writing to ask about internship opportunities. Thanks.,OTHER
8137,I get an acecss denied message when I try to open my workspace. Thanks.,ACCOUNT_ACCESS
7417,"Hi there, Not sure how to import contacts from a CSV file, can you point me to the right help article? Regards.",HOW_TO_SUPPORT
3709,"Hello, The analytics page shows a error 500 since this morning.",TECHNICAL_ISSUE
8766,I cannot log in after resetting my password. Please help.,ACCOUNT_ACCESS
7027,My account is deactivated and I need to get in right now. Thanks in advance.,ACCOUNT_ACCESS
2971,"Good morning, I want to report something that does not fit any category.",OTHER
733,"Hello, Is there someone I can meet in person to talk about your product? Thanks in advance.",OTHER
5796,The dashboard numbers are wrong and do not match the raw data. Thanks a lot.,TECHNICAL_ISSUE
2972,Which menu do I use to use filters on the dashboard? Let me know what to do.,HOW_TO_SUPPORT
8804,"Hey, The API returns a server error when I call the endpoint.",TECHNICAL_ISSUE
7877,"Dear support team, Please add a Microsoft Teams integration, our whole team uses it.",FEATURE_REQUEST
9956,"Greetings, Please credit my account for the payment error this quarter",BILLING_PAYMENT
9145,"Hi, Can you recommend wihch team I should contact for my request?",OTHER
8035,Cuold you tell me how to update my profile picture? Please advise.,HOW_TO_SUPPORT
3425,"Hi, Thank you for your help, everything is fine now. Thank you.",OTHER
6679,The reports page becomes blank when I upload a PNG image.,TECHNICAL_ISSUE
3466,I see a spinning loader that never finishes on the reports page.,TECHNICAL_ISSUE
5791,Suggestion: allow users to use the product without an internet connection. Thanks in advance.,FEATURE_REQUEST
9162,The receipt email for my payment never arrived. Thanks.,BILLING_PAYMENT
5473,I would like a refund for the $14 charge yesterday.,BILLING_PAYMENT
4733,Please forward this message to sales. Regards,OTHER
7116,"Hi team, Plaese unlock my account, I entered the wrong password several times. Thank you.",ACCOUNT_ACCESS
2088,I cannot log in after turnnig on two-factor authentication.,ACCOUNT_ACCESS
1717,I get an accses denied message when I try to open my workspace.,ACCOUNT_ACCESS
9290,"Dear support team, Can you send me an invoice for the $249 payment?",BILLING_PAYMENT
45,"Dear support team, How did your company start? I am curious.",OTHER
2644,Please show me how to change the language of the interface.,HOW_TO_SUPPORT
8459,Could you please implement passkey support in a coming update?,FEATURE_REQUEST
4742,"Please refund my last payment, I did not use the service at all. Thank you.",BILLING_PAYMENT
3171,Please add custom themes to the calendar. Please respond soon.,FEATURE_REQUEST
9353,"Good morning, Can I pay by bank transfer instead of card? My card keeps getting declined.",BILLING_PAYMENT
2380,"Hi, The invoice shows the wrong company name, please correct it.",BILLING_PAYMENT
1284,i do not have access to my old email address and need to reocver my account. any help would be appreciated.,ACCOUNT_ACCESS
326,"dear support team, the one-time passcode never arrives in my inbox.",ACCOUNT_ACCESS
8141,Can you help me regain access to my account? I cannot do my work.,ACCOUNT_ACCESS
5236,"Hello support, Any plans to support Japanese in the interface?",FEATURE_REQUEST
9704,"Add a favorites list please, it is missing from the dashboard.",FEATURE_REQUEST
4122,"Greetings, The integration keeps disconnecting and shows an error each time.",TECHNICAL_ISSUE
184,My account is disabled and I need to get in right now. Regards.,ACCOUNT_ACCESS
5171,"Dear support team, We really need a calendar view on the task list, please consider it. Let me know what to do.",FEATURE_REQUEST
1270,"Good afternoon, I cannot log in on my iPhone.",ACCOUNT_ACCESS
3715,I represent a media outlet and want to reach out to the press team.,OTHER
7347,Can you help me regain access to my account? I need to get in right now. Let me know what to do.,ACCOUNT_ACCESS
7714,"Not sure how to import contacts from a CSV file, can you point me to the right help article?",HOW_TO_SUPPORT
2750,"Dear support team, Is your service available in the UAE? Any help would be appreciated.",OTHER
4032,"Hi team, I cannot log in after the laetst update. Please help.",ACCOUNT_ACCESS
212,"Hello team, It would be great to have custom themes in the reports page",FEATURE_REQUEST
5924,"Hello, I would like instructions on how to archive old projects.",HOW_TO_SUPPORT
3862,"Hi, Data I entered yesterday disappeared from the notifications panel.",TECHNICAL_ISSUE
3394,The workspace shows a 502 bad gateway for a week.,TECHNICAL_ISSUE
7648,"Greetings, My changes are not saved, the task list reverts to the old values.",TECHNICAL_ISSUE
3771,"greetings, please let us export contact lists to word.",FEATURE_REQUEST
5116,"Hello support, My session logs me out immediately after I sign in.",ACCOUNT_ACCESS
6964,Please add dark mode to the task list.,FEATURE_REQUEST
3083,"Hi, Please add authenticator app support for account security.",FEATURE_REQUEST
5807,"Hey, I need to udpate the billing address on my invoice.",BILLING_PAYMENT
3777,i would like to get in touch with a product specialist. let me know what to do.,OTHER
563,I am trying to remove a user from my team but I cannot find the option. Where is it?,HOW_TO_SUPPORT
3691,"Thank you for your help, evreything is fine now.",OTHER
686,The mobile app closes immediately after opening on my iPad. Please respond soon.,TECHNICAL_ISSUE
3901,"Dear support team, I need a receipt for my payment this quarter for tax purposes.",BILLING_PAYMENT
6707,"I got a new phone and my authenticator app no longer works, so I cannot log in",ACCOUNT_ACCESS
7477,Is your service available in Japan? Please advise.,OTHER
9817,The reports page is very slow and keeps freezing on my tablet.,TECHNICAL_ISSUE
9508,"Good afternoon, Do you have a partnership program? Any help would be appreciated.",OTHER
9714,"hi team, pelase send an invoice for my latest starter subscription payment.",BILLING_PAYMENT
3834,i am not sure who to ask abuot this. thanks.,OTHER
9472,"Good afternoon, The app freezes when I try to publish a large JPEG photo.",TECHNICAL_ISSUE
3535,"hi, is your servcie available in france?",OTHER
763,I cannot access my dashboard because it says I do not have permission,ACCOUNT_ACCESS
4468,It would be great if we could use the product without an internet connection.,FEATURE_REQUEST
6915,A pop up with a error 404 appears every time I try to refresh. Let me know what to do.,TECHNICAL_ISSUE
1818,Are you planning to release a mobile widget in the future?,FEATURE_REQUEST
851,What are the steps to create a custom report? Please respond soon.,HOW_TO_SUPPORT
4831,The integration keeps disconnecting and shows an error each time. Thanks a lot,TECHNICAL_ISSUE
7812,"Good morning, Can you build a search bar into the notifications panel? Many users would benefit",FEATURE_REQUEST
2521,"Greetings, Which page lets me manage my integration settings? Thanks.",HOW_TO_SUPPORT
7717,"I have been overcharged for March, please look into my billing. Thank you",BILLING_PAYMENT
3926,"Good morning, Where do I go in the task list to change my email preferences?",HOW_TO_SUPPORT
9392,Could you tell me how to remove a user from my team?,HOW_TO_SUPPORT
220,"Hello, is anyone there? Thanks.",OTHER
8200,"We raelly need a favorites list on the analytics page, please consider it. Thanks.",FEATURE_REQUEST
741,"Hi, Is there a guide that shows how to archive old projects?",HOW_TO_SUPPORT
1375,"Hi team, Please add a saerch bar to the dashboard.",FEATURE_REQUEST
363,"Good afternoon, Do you have a tutorial on how to change the language of the interface? Any help would be appreciated.",HOW_TO_SUPPORT
2665,Everything works on my computer but the project board crashes on my iPhone. Thanks a lot,TECHNICAL_ISSUE
2255,"I have been overcharged for June, please look into my billing.",BILLING_PAYMENT
5815,"Hey, I never received the login code, I already checked my spam folder.",ACCOUNT_ACCESS
4096,Can you build custom themes into the dashboard? Many users would benefit.,FEATURE_REQUEST
4346,"Hi there, My card was charged three times for March.",BILLING_PAYMENT
1500,"Hello support, I cannot log in after turning on two-factor authentication.",ACCOUNT_ACCESS
6337,"Hi team, Can I know more about your service before deciding?",OTHER
9075,"Hi, I am writing to ask about internship opportunities. Thanks.",OTHER
1536,"Good morning, The invoice shows the wrong company name, please correct it.",BILLING_PAYMENT
7405,I want to report something that does not fit any category.,OTHER
1305,"Hi, I was billed $29 twice for the same subscription.",BILLING_PAYMENT
7871,My account was hacekd and I cannot log in anymore.,ACCOUNT_ACCESS
4969,the page nveer finishes loading and only shows a something went wrong message.,TECHNICAL_ISSUE
822,"hi team, everything works on my computer but the mobile app crashes on my ipad.",TECHNICAL_ISSUE
2113,Login fails on Safari with an authentication failed message.,ACCOUNT_ACCESS
1103,"Please unlock my account, I entered the wrong password sevearl times.",ACCOUNT_ACCESS
4803,"Hey, Why did the price of my Premium plan go up? Thank you.",BILLING_PAYMENT
9602,I represent a meida outlet and want to reach out to the press team,OTHER
9330,What are the steps to change the language of the interface? Thanks,HOW_TO_SUPPORT
4015,"hello, my account is suspended and i need it restored as soon as possible.",ACCOUNT_ACCESS
3411,"Good morning, Can you send me some information about what you offer",OTHER
4014,The mobile app becomes blank when I upload a ZIP file.,TECHNICAL_ISSUE
7503,Notifications are not being delivered to my phone. Thank you,TECHNICAL_ISSUE
4185,Which menu do I use to add a comment to a task?,HOW_TO_SUPPORT
3759,Can someone explain how to use the inbox?,HOW_TO_SUPPORT
6582,"Hi, Feature request: drag and drop.",FEATURE_REQUEST
8657,I would like the option to restore deleted items from a trash folder in a future release.,FEATURE_REQUEST
5254,The payment page rejects my card and I cannot renew my Pro plan.,BILLING_PAYMENT
7813,It would be great to have drag and drop in the search page.,FEATURE_REQUEST
7784,"Good afternoon, The page never finishes loading and only shows a something went wrong message. Regards.",TECHNICAL_ISSUE
8498,"Greetings, Do you offer any events or webinars? Thank you.",OTHER
2018,A pop up with a timeout error appears every time I try to sync. Please respond soon.,TECHNICAL_ISSUE
4351,"Hi team, Video previews will not play in the mobile app.",TECHNICAL_ISSUE
279,"hi there, it would be great if we could assign tasks to multiple people.",FEATURE_REQUEST
6380,"Hello, Can you help me regain access to my account? I need to get in right now.",ACCOUNT_ACCESS
5070,"Hello team, The app freezes when I try to upload a large PNG image.",TECHNICAL_ISSUE
4430,"Good morning, Login fails on Opera with an authentication failed message. Please advise.",ACCOUNT_ACCESS
5912,"Hi, Could someone give me an overview of what your company does? Regards.",OTHER
6016,"Hello support, I have some questions about your comapny before I proceed",OTHER
4420,"Good afternoon, Please refund my last payment, I did not use the service at all.",BILLING_PAYMENT
7584,"Hi, I have a question about your service.",OTHER
6851,what are the steps to set my working hours?,HOW_TO_SUPPORT
8191,"Good morning, Unable to sign in on Edge, it just keeps reloading the loign page. Please advise.",ACCOUNT_ACCESS
1340,Can you help me regian access to my account? I need to get in right now.,ACCOUNT_ACCESS
4127,Why did the pirce of my Team plan go up? Any help would be appreciated.,BILLING_PAYMENT
2705,"Hello, I am new here, how do I export my data?",HOW_TO_SUPPORT
929,"Good afternoon, My credit card was declined but my bank says there is no problem.",BILLING_PAYMENT
8595,My payment keeps failing at checkout even though my card is valid. Thanks in advance.,BILLING_PAYMENT
6023,"Not sure how to link my account to Slack, can you point me to the right help article?",HOW_TO_SUPPORT
5613,The password reset email never arrives in my inbox. Thank you.,ACCOUNT_ACCESS
8605,"Hi team, It would be nice to have an option to log out all devices.",FEATURE_REQUEST
5466,"Hello team, My card was charged three times last month.",BILLING_PAYMENT
4289,"Dear support team, Please unlock my account, I entered the wrong password several times. Regards.",ACCOUNT_ACCESS
3062,Everything works on my computer but the admin console crashes on my iPad. Please advise.,TECHNICAL_ISSUE
8455,Everything on the team page is loading extremely slowly since yesterday.,TECHNICAL_ISSUE
8791,Any plans to support Tamil in the interface?,FEATURE_REQUEST
6284,"Hello team, I wish the workspace had custom filters",FEATURE_REQUEST
8792,The analytics page is very slow and keeps freezing on my Linux machine.,TECHNICAL_ISSUE
5063,"Good afternoon, Can you build bulk actions into the analytics page? Many users would benefit.",FEATURE_REQUEST
8088,I cannot log in after changing my email address. Let me know what to do.,ACCOUNT_ACCESS
2246,"Hi, Plesae add dark mode to the dashboard",FEATURE_REQUEST
8529,"Hello team, Are you planning to release dark mode in the future? Thanks.",FEATURE_REQUEST
8547,"Hello team, Not sure how to pin a dashboard as my home page, can you point me to the right help article?",HOW_TO_SUPPORT
146,"Hi, The app crashes every time I try to download. Please advise.",TECHNICAL_ISSUE
3743,"Good morning, The dashboard numbers are wrong and do not match the raw data",TECHNICAL_ISSUE
5459,"Hi team, I am unable to sign in to my account since this morning.",ACCOUNT_ACCESS
927,my account is disabled and i need it restored as soon as possible.,ACCOUNT_ACCESS
8287,"Hello support, I downgraded to the Premium plan but I was still billed the higher price.",BILLING_PAYMENT
1141,Please add passkey support for account security.,FEATURE_REQUEST
1377,I got charged in the wrong currency for my Pro plan.,BILLING_PAYMENT
8987,Can you build an undo button into the workspace? Many users would benefit. Thank you.,FEATURE_REQUEST
8289,"Good afternoon, The verification email never arrives in my inbox.",ACCOUNT_ACCESS
4221,"Hi there, Do you offer any events or webinars?",OTHER
3746,I get a generic error message when I try to delete on the analytics page.,TECHNICAL_ISSUE
2520,i chnaged my phone number and now i cannot get the login code.,ACCOUNT_ACCESS
830,"Greetings, We really need a favorites list on the reports page, please cosnider it.",FEATURE_REQUEST
6758,"There is a mistake in my latest invoice, the total does not match the plan price. Thanks a lot",BILLING_PAYMENT
6511,"Good morning, My payment was successful but my subscription is still inactive.",BILLING_PAYMENT
722,"hello support, the refresh button does nothing on the calendar.",TECHNICAL_ISSUE
6717,Can you build version history into the calendar? Many users would benefit. Regards,FEATURE_REQUEST
4769,"hi there, the invoice shows the wrong company name, please correct it. thanks a lot.",BILLING_PAYMENT
4201,"Hi there, Where can I find the time zone settings? Please help.",HOW_TO_SUPPORT
245,"Greetings, Would it be possible to tag items with labels? That would save us a lot of time",FEATURE_REQUEST
3533,can you explain how to find my activity history? regards.,HOW_TO_SUPPORT
37,"Hi there, Charts on the team page do not load.",TECHNICAL_ISSUE
1557,"Hello team, I would like to get in touch with a manager.",OTHER
3024,I would like the option to schedule reports in advance in a future release. Please help.,FEATURE_REQUEST
2638,A pop up with a blank white screen appears every time I try to upload,TECHNICAL_ISSUE
4202,"Hello, I need a corrected invoice with our new company address.",BILLING_PAYMENT
78,I need to talk to someone but I do not know what to select. Thanks in advance.,OTHER
3267,"Please send biweekly team updates to my inbox automatically, it would help a lot.",FEATURE_REQUEST
8126,"Good morning, The login page keeps redirecting me back to the sign in screen",ACCOUNT_ACCESS
1422,I would love to see an integration with Notion. Regards.,FEATURE_REQUEST
9587,"Hello, Can you tell me more about your privacy policy?",OTHER
9411,Could you add an option to export contact lists as PDF? Any help would be appreciated.,FEATURE_REQUEST
1332,"Good morning, Everything works on my computer but the admin console crashes on my Android phone.",TECHNICAL_ISSUE
9388,"Hey, Which page lets me manage my report templates?",HOW_TO_SUPPORT
5594,Which page lets me manage my report templates?,HOW_TO_SUPPORT
2104,"Hi team, I would like the option to add comments to reports in a future release.",FEATURE_REQUEST
2271,I was charged EUR 15 for a plan I never upgraded to.,BILLING_PAYMENT
7831,"Greetings, Why did the price of my monthly plan go up?",BILLING_PAYMENT
8656,"Hello support, Please add a mobile widget to the inbox. Please advise.",FEATURE_REQUEST
7263,Any documentation on how to link my account to Slack?,HOW_TO_SUPPORT
4654,"Hello support, The coupon code did not apply at checkout and I was charged the full price. Regards.",BILLING_PAYMENT
6715,I am getting a something went wrong message whenever I open the workspace.,TECHNICAL_ISSUE
6956,"Dear support team, Would you consider adding a Slack connection to your product?",FEATURE_REQUEST
7878,"Hi there, How can I change the language of the interface?",HOW_TO_SUPPORT
1272,"Hey, Do you have a partnership program? Any help would be appreciated.",OTHER
4435,The app freezes when I try to share a large video file.,TECHNICAL_ISSUE
5844,I got charged in the wrong currency for my Starter plan. Please advise.,BILLING_PAYMENT
520,"Hi, Can you tell me more about your privacy policy?",OTHER
9874,"Good afternoon, I never received the one-time passcode, I already checked my spam folder.",ACCOUNT_ACCESS
5555,"Hey, Why was I billed $59.99 when my plan should be cheaper? Thanks a lot.",BILLING_PAYMENT
8179,"Hey, Product idea: let us use the product without an internet connection.",FEATURE_REQUEST
7703,Can you explain how to change my display name? Any help would be appreciated.,HOW_TO_SUPPORT
1016,Login fails on Opera with an authentication failed message.,ACCOUNT_ACCESS
8429,It would be helpful if the reports page supported a favorites list,FEATURE_REQUEST
4253,"Hi, Cuold you tell me how to connect my calendar? Thanks a lot.",HOW_TO_SUPPORT
3527,"Hello team, Can someone contact me about an issue?",OTHER
9132,Please add support for exporting to CSV and also auto save.,FEATURE_REQUEST
262,I was charged $29 this quarter but I expected a different amount.,BILLING_PAYMENT
619,"Hi there, Can you explain how to turn on email alerts? Thanks a lot.",HOW_TO_SUPPORT
1486,Can you walk me through how to transfer ownership of a workspace,HOW_TO_SUPPORT
4940,"Hello, The verification step keeps failing when I try to sign in, since Monday.",ACCOUNT_ACCESS
2949,"I think I sent this to the wrong place, who is the right contact? Thank you.",OTHER
2919,the integration keeps disconnecting and shows an error each time. thank you.,TECHNICAL_ISSUE
2694,I am writing to ask about itnernship opportunities.,OTHER
1854,"Hi there, Any documentation on how to connect my calendar?",HOW_TO_SUPPORT
8144,please let us export reports to xml.,FEATURE_REQUEST
7785,"Hi, I would like more information before I create an account.",OTHER
3489,"Good morning, Please consider adding a way to pin important items to the top.",FEATURE_REQUEST
2781,"Hello support, Why was I bileld $24.99 when my plan should be cheaper? Thanks a lot.",BILLING_PAYMENT
8811,Is there someone I can meet in person to talk about your product? Thanks in advance.,OTHER
594,"Hello, The admin console does not display anything after the latest update.",TECHNICAL_ISSUE
5221,Is your service available in France? Thank you.,OTHER
2071,"Hi team, Payment status says pending for days, and my subscription is still not active.",BILLING_PAYMENT
5727,"Hi, Just started using the product, need to know how to invite a member to my workspace",HOW_TO_SUPPORT
1616,"Good afternoon, File uploads stay sutck at zero percent.",TECHNICAL_ISSUE
4441,"Dear support team, The VAT number is missing from my invoice.",BILLING_PAYMENT
3497,Please consider adding a way to pin important items to the top. Any help would be appreciated.,FEATURE_REQUEST
2374,"hello support, do you support customers based in germany? please respond soon.",OTHER
607,"Dear support team, My account is disabled and I have a deadline today.",ACCOUNT_ACCESS
6388,Is there a guide that shows how to use filters on the dashboard?,HOW_TO_SUPPORT
5736,"Good morning, What are the steps to change my time zone? Any help would be appreciated.",HOW_TO_SUPPORT
8910,"Hello team, Where do I go in the dashboard to change my saved filters? Thanks in advance.",HOW_TO_SUPPORT
7415,I cannot log in after turning on two-factor authentication. Any help would be appreciated.,ACCOUNT_ACCESS
6281,It would be helpful if the search page supported keyboard shortcuts.,FEATURE_REQUEST
1242,"Hi there, Could you tell me how to add a comment to a task? Any help would be appreciated.",HOW_TO_SUPPORT
3461,"Hello, Thank you for your help, eveyrthing is fine now. Let me know what to do.",OTHER
6099,I do not have access to my old email address and need to recover my account. Please help.,ACCOUNT_ACCESS
8112,"Good afternoon, Someone changed my password and I no longer have access to my account. Please advise.",ACCOUNT_ACCESS
280,How do I megre duplicate entries?,HOW_TO_SUPPORT
7723,"Hello support, Is your service available in Japan? Thanks a lot.",OTHER
1123,Could someone give me an overview of what your company does? Thanks.,OTHER
6289,"greetings, can you tell me more about your privacy policy? thank you.",OTHER
52,The sync between my devices has stopped working. Please respond soon,TECHNICAL_ISSUE
1249,I see a spinning loader that never finishes on the notifications panel.,TECHNICAL_ISSUE
1104,"Good afternoon, The dashboard numbers are wrong and do not match the raw data.",TECHNICAL_ISSUE
2977,I cannot log in after the latest update. Please help,ACCOUNT_ACCESS
9299,"Hello support, Someone changed my password and I no longer have access to my account",ACCOUNT_ACCESS
316,"Hello support, Please unlock my account, I entered the wrong password several times.",ACCOUNT_ACCESS
6079,"Greetings, My bank sohws a pending charge of GBP 45 that I do not recognize.",BILLING_PAYMENT
378,"Good morning, I want to report something that does not fit any category. Thanks a lot.",OTHER
7006,Please add support for exporting to PowerPoint and also an undo button,FEATURE_REQUEST
2643,What are the steps to add a comment to a task?,HOW_TO_SUPPORT
5546,"Test message, pelase ignore. Thanks a lot.",OTHER
471,"Please refund my last payment, I did not use the service at all. Let me know what to do.",BILLING_PAYMENT
711,"The invoice shows the wrong company name, please correct it. Thanks in advance.",BILLING_PAYMENT
972,Everything works on my computer but the analytics page crashes on my Android phone.,TECHNICAL_ISSUE
9467,A pop up with a error 404 appears every time I try to submit.,TECHNICAL_ISSUE
8885,"Good afternoon, Do you support customers based in Brazil?",OTHER
7814,"Hello, I cannot log in on my Windows laptop",ACCOUNT_ACCESS
1793,"Hey, The application crashes when I click import. Thanks.",TECHNICAL_ISSUE
3383,my credit card was declined but my bank says tehre is no problem.,BILLING_PAYMENT
1445,"Hi there, Thanks for the great support last week! Any help would be appreciated.",OTHER
7726,"Hello, My credit card was declined but my bank says there is no problem. Thanks",BILLING_PAYMENT
3795,"Hello, I got charged in the wrong currency for my Team plan. Thank you.",BILLING_PAYMENT
4985,"Hello, I need to change the credit card used for my subscription payments. Please help.",BILLING_PAYMENT
3850,How can I create a custom report?,HOW_TO_SUPPORT
3663,Could someone give me an overview of what your company does? Please advise.,OTHER
4975,I was charged $120 yesterday but I expected a different amount.,BILLING_PAYMENT
7753,"Hi team, I have a question about your service. Thank you.",OTHER
714,what are the steps to make a teammate an admin?,HOW_TO_SUPPORT
9709,Can you send me an invoice for the GBP 12 payment,BILLING_PAYMENT
8217,Please credit my account for the payment error on the first of the month.,BILLING_PAYMENT
3445,My invitation link to join the team does not let me sign in. Let me know what to do.,ACCOUNT_ACCESS
4070,My card was charged three times this month. Thank you.,BILLING_PAYMENT
1691,"Good morning, Add offline mode please, it is missing from the calendar",FEATURE_REQUEST
214,"Not sure how to set my working hours, can you point me to the right help article? Thanks.",HOW_TO_SUPPORT
9999,Data I entered yesterday disappeared from the inbox. Please help.,TECHNICAL_ISSUE
386,My colleague left the company and I need access to the admin account. Let me know what to do.,ACCOUNT_ACCESS
1630,"The invoice shows the wrong company name, please correct it.",BILLING_PAYMENT
4524,everything works on my computer but the project board crashes on my ipad.,TECHNICAL_ISSUE
9174,"Hi team, Do you have a tutorial on how to retsore a deleted file?",HOW_TO_SUPPORT
9454,where can i find the profile information? any help would be appreciated.,HOW_TO_SUPPORT
3176,"The site is down for me, I only see a something went wrong message",TECHNICAL_ISSUE
8341,Could you tell me how to print a report?,HOW_TO_SUPPORT
9091,"Hi, My renewal payment failed and now my subscription shows as past due.",BILLING_PAYMENT
993,"Hello team, I need a receipt for my payment yesterday for tax purposes. Thank you.",BILLING_PAYMENT
5090,i cannot log in after the latest update.,ACCOUNT_ACCESS
7258,Please credit my account for the payment error on the first of the month. Thanks in advance.,BILLING_PAYMENT
2468,"Greetings, I have been overcharged on the first of the month, please look into my billing.",BILLING_PAYMENT
2895,"Hello, I am writnig to ask about internship opportunities.",OTHER
4692,Everything on the notifications panel is loading extremely slowly since yesterday.,TECHNICAL_ISSUE
9239,"Hi, I got a new phone and my authenticator app no longer works, so I cannot log in.",ACCOUNT_ACCESS
7480,Do you support customers based in Nigeria,OTHER
9688,"Hey, Sign in with single sign-on fails and shows an unauthorized message. Please help.",ACCOUNT_ACCESS
3498,"Hey, I represent a media outlet and want to reach out to the press team.",OTHER
1877,I am writing to ask about internship opportunities. Let me know what to do.,OTHER
1681,Please add a compact layout to the task list. Thanks in advance.,FEATURE_REQUEST
90,"Good afternoon, Product idea: let us pin important items to the top. Thanks in advance.",FEATURE_REQUEST
4768,Cuold someone give me an overview of what your company does? Please help.,OTHER
8438,"Dear support team, Charts on the project board do not load.",TECHNICAL_ISSUE
2667,"Hi team, After I reset my paswsord the new one is not accepted. Thank you.",ACCOUNT_ACCESS
1687,Where do I go in the inbox to change my team permissions? Regards.,HOW_TO_SUPPORT
4888,Any documentation on how to restore a deleted file?,HOW_TO_SUPPORT
6780,There is a bug where the workspace shows duplicate entries after I print.,TECHNICAL_ISSUE
1274,"Good morning, We really need a kanban view on the inbox, please consider it. Please advise.",FEATURE_REQUEST
8348,"good morning, feature request: the ability to schedule reports in advance.",FEATURE_REQUEST
3456,The mobile app closes immediately after opening on my tablet.,TECHNICAL_ISSUE
7763,"Good morning, Please get back to me when you can, I have a few questions. Thanks.",OTHER
8306,could someone give me an ovreview of what your company does?,OTHER
2839,I am trying to share a dashboard with a client but I cannot find the option. Where is it?,HOW_TO_SUPPORT
4241,I would like instructions on how to create a template.,HOW_TO_SUPPORT
7269,My payment was successful but my subscirption is still inactive. Thanks a lot.,BILLING_PAYMENT
5143,"The verification step keeps failing when I try to sign in, since the latest update. Please respond soon.",ACCOUNT_ACCESS
9040,"greetings, the reset link does nothing when i click it.",ACCOUNT_ACCESS
1371,I was charged GBP 45 for my annual plan but I expected a different amount. Please advise.,BILLING_PAYMENT
5485,"Hello team, It would be helpful if the workspace supported a compact layout.",FEATURE_REQUEST
7462,"hi team, i am getting a timeout error whenever i open the search page.",TECHNICAL_ISSUE
2727,Can you walk me through how to link my account to Slack?,HOW_TO_SUPPORT
7162,The page never finsihes loading and only shows a error 404. Please respond soon.,TECHNICAL_ISSUE
4072,Is there a guide that shows how to merge duplicate entries?,HOW_TO_SUPPORT
1962,"Hello, The autosave is broken and my work was lost since Monday.",TECHNICAL_ISSUE
3864,I cannot log in after the latest update. Let me know what to do.,ACCOUNT_ACCESS
1699,"Hi, I want to reprot something that does not fit any category.",OTHER
6667,can i know more about your servcie before deciding?,OTHER
729,"Dear support team, Would it be possible to use the product without an internet connection? That would save us a lot of time.",FEATURE_REQUEST
3540,can i know more about your srevice before deciding?,OTHER
5713,"Plaese reset my account access, I cannot get past the login screen.",ACCOUNT_ACCESS
3747,Please forward this message to the right department.,OTHER
5321,The profile page shows a 502 bad gateway for the past few days.,TECHNICAL_ISSUE
3549,The sync between my devices has stopped working. Thanks in advance.,TECHNICAL_ISSUE
7446,"good afternoon, my invitation link to join the team does not let me sign in.",ACCOUNT_ACCESS
3022,I am unable to sign in to my account since yesterday. Thanks in advance.,ACCOUNT_ACCESS
8619,"Hello team, Could you add a calendar view to the task list?",FEATURE_REQUEST
3973,"I cannot log into my account, it says the email address is not registered but I have used it before. Any help would be appreciated.",ACCOUNT_ACCESS
3637,The payment page rejects my card and I cannot renew my annual plan. Any help would be appreciated.,BILLING_PAYMENT
187,"Hello support, The page shows an unexpected timeout error when I save my profile.",TECHNICAL_ISSUE
1610,"add csutom themes please, it is missing from the reports page. please help.",FEATURE_REQUEST
1892,"Hello, I am trying to change the date format but I cannot find the option. Where is it?",HOW_TO_SUPPORT
3184,"Hey, There is a mistake in my latest invoice, the total does not match the plan price. Please respond soon.",BILLING_PAYMENT
2089,"good afternoon, it would be helpful if the settings page supported offline mode.",FEATURE_REQUEST
6857,"Hello support, The app freezes when I try to publish a large PNG image. Thanks.",TECHNICAL_ISSUE
9149,Could someone give me an overview of what your copmany does?,OTHER
4049,"Good afternoon, Any documentation on how to print a report?",HOW_TO_SUPPORT
1710,What is the easiest way to rename a project?,HOW_TO_SUPPORT
1007,My card was charged three times for my annual plan,BILLING_PAYMENT
3011,Is your service available in Japan?,OTHER
1939,My colleague left the company and I need access to the admin account. Please respond soon.,ACCOUNT_ACCESS
7493,"Dear support team, The payment page rejects my card and I cannot renew my Team plan. Thanks in advance.",BILLING_PAYMENT
242,"Good afternoon, I would like to get in touch with the careers team. Please help.",OTHER
514,The discount promised to me is not reflected on my bill. Thanks in advance.,BILLING_PAYMENT
1959,Please show me how to add a comment to a task. Please advise.,HOW_TO_SUPPORT
9519,I need help but I am not sure which option applies. Any help would be appreciated.,OTHER
9610,"Hi team, The activation email never arrives in my inbox. Thank you",ACCOUNT_ACCESS
9678,It would be helpful if the workspace supported a search bar.,FEATURE_REQUEST
1760,Any plans to support German in the interface? Thanks.,FEATURE_REQUEST
5497,"hello team, i cannot log in on my windows laptop. thanks.",ACCOUNT_ACCESS
4743,"Good morning, My account was hacked and I cannot log in anymore.",ACCOUNT_ACCESS
2973,There is a bug where the notifications panel shows duplicate entries after I download.,TECHNICAL_ISSUE
1954,"Unable to sign in on Opera, it just keeps reloading the login page. Thanks in advance.",ACCOUNT_ACCESS
5484,"Hello support, Login fails on Edge with an authentication failed message. Thanks in advance.",ACCOUNT_ACCESS
2803,"Hello, My subscription renewed automatically and I did not want that, please refund me",BILLING_PAYMENT
852,"hello, i cannot log in since the laetst update.",ACCOUNT_ACCESS
743,"Hello support, The page never finishes loading and only shows a blank white screen. Thank you.",TECHNICAL_ISSUE
371,"dear support team, can i pay by bank transfer instead of card? my card keeps getting declined.",BILLING_PAYMENT
6701,"Good morning, Text is cut off and overlappnig on the search page on my MacBook. Thanks a lot.",TECHNICAL_ISSUE
7012,I want a refund bceause I was billed after cancelling.,BILLING_PAYMENT
5444,"Good afternoon, Can you help me regain access to my account? I cannot do my work.",ACCOUNT_ACCESS
6156,Please add support for exporting to Word and also saved views.,FEATURE_REQUEST
8031,Can you explain how to change my time zone? Thank you.,HOW_TO_SUPPORT
9748,It would be helpful if the analytics page supported bulk actions.,FEATURE_REQUEST
2437,"Good morning, I need to talk to someone but I do not know what to select.",OTHER
9146,Are you planning to release a favorites list in the future? Regards,FEATURE_REQUEST
3274,"Dear support team, I keep getting an invalid password message even though I am typing it correctly",ACCOUNT_ACCESS
268,Please show me how to merge duplicate entries. Thank you,HOW_TO_SUPPORT
6886,"Dear support team, I need to talk to someone but I do not know what to select. Any help would be appreciated.",OTHER
2866,I cannot recover my account because the security questions are not working. Regards.,ACCOUNT_ACCESS
1528,I would like a refund for the GBP 12 charge this week.,BILLING_PAYMENT
331,"Hey, Can you send me some information about what you offer?",OTHER
8821,My account is locked and I have a deadline today.,ACCOUNT_ACCESS
3099,How can I change my password from the settings page?,HOW_TO_SUPPORT
537,I get a error code 403 when I try to upload on the mobile app,TECHNICAL_ISSUE
9065,How can I pin a dashboard as my home page?,HOW_TO_SUPPORT
4448,"Greetings, I have been overcharged for March, please look into my billing. Thanks.",BILLING_PAYMENT
7267,Do you offer any events or webinars? Please help.,OTHER
4068,"Hi there, Are you currently hiring",OTHER
9372,"Dear support team, How can I make a teammate an admin?",HOW_TO_SUPPORT
3764,"Hi, I need to update the billing address on my invoice. Thanks in advance.",BILLING_PAYMENT
6505,"Dear support team, The delete button does nothing on the billing page.",TECHNICAL_ISSUE
2492,I would like a refund for the $149 charge last month.,BILLING_PAYMENT
505,"Add dark mode please, it is missing from the task list.",FEATURE_REQUEST
7752,"Good morning, Why did the price of my Team plan go up?",BILLING_PAYMENT
7759,"Hi, Do you have a tutorial on how to remove a user from my team? Let me know what to do.",HOW_TO_SUPPORT
6423,"Hey, I got a new phone and my authenticator app no longer works, so I cannot log in.",ACCOUNT_ACCESS
2276,Please add support for exporting to XML and also bulk actions.,FEATURE_REQUEST
5668,"Good afternoon, The verification step keeps failing when I try to sign in, for two days.",ACCOUNT_ACCESS
7118,Which menu do I use to export my data? Please respond soon.,HOW_TO_SUPPORT
3595,My crdeit card was declined but my bank says there is no problem,BILLING_PAYMENT
8370,Why did the price of my monthly plan go up?,BILLING_PAYMENT
1338,"Dear support team, I need to change the cerdit card used for my subscription payments. Thank you",BILLING_PAYMENT
6300,"Dear support team, Do you offer any events or webinars? Please help.",OTHER
9175,"Hello, It would be great if we could customize the dashboard layout",FEATURE_REQUEST
5596,"Hi team, My team would love to have auto save. Is it on the roadmap?",FEATURE_REQUEST
9720,it would be helpful if the calendar supported a compact layout.,FEATURE_REQUEST
7220,"My changes are not saved, the admin console reverts to the old values. Any help would be appreciated.",TECHNICAL_ISSUE
6797,Can you build offline mode into the billing page? Many users would benefit. Thank you.,FEATURE_REQUEST
572,"Hi, I would like instructions on how to export my data.",HOW_TO_SUPPORT
3944,"Hello support, I upgraded my plan but the cahrge shows the wrong amount",BILLING_PAYMENT
5511,"Hi there, The app crashes every time I try to upload.",TECHNICAL_ISSUE
2896,I would like instructions on how to export my data. Thanks.,HOW_TO_SUPPORT
2275,"Hello support, Can you recommend which team I should contact for my request?",OTHER
206,"Good morning, I would like to know who I should contact regarding a collaboration. Please help.",OTHER
3676,"greetings, i am trying to invite a member to my workspace but i cannot find the option. where is it?",HOW_TO_SUPPORT
2098,"Hello, I need to talk to someone but I do not know what to select.",OTHER
2315,Please forward this message to customer success.,OTHER
9458,The payment page rejects my card and I cannot renew my Basic plan.,BILLING_PAYMENT
7627,"Not sure how to turn on email alerts, can you point me to the right help article? Please help.",HOW_TO_SUPPORT
6569,Everything works on my computer but the inbox crashes on my Linux machine.,TECHNICAL_ISSUE
3718,The profile page is very slow and keeps freezing on my Linux machine.,TECHNICAL_ISSUE
5142,"Hi, Do you have a tutorial on how to change the date format? Please respond soon.",HOW_TO_SUPPORT
4053,"Account recovery is not working, the verification email is not being sent. Please help",ACCOUNT_ACCESS
8067,"Hello support, The payemnt went through but I did not get a confirmation and my account is not upgraded.",BILLING_PAYMENT
5608,Login fails on Opera with an authentication failed message. Thank you.,ACCOUNT_ACCESS
855,It would be helpful if the settings page supported templates.,FEATURE_REQUEST
8399,"Hello team, Please credit my account for the payment error this month.",BILLING_PAYMENT
1368,I need a receipt for my payment yesterday for tax purposes.,BILLING_PAYMENT
5202,The project board is very slow and keeps freezing on my MacBook. Thanks.,TECHNICAL_ISSUE
6340,"Hey, The verification step keeps failing when I try to sign in, since Monday. Thank you",ACCOUNT_ACCESS
9446,The API returns a server error when I call the endpoint.,TECHNICAL_ISSUE
2472,Can you recommend which team I should contact for my request? Regards.,OTHER
4892,The API returns a generic error message when I call the endpoint.,TECHNICAL_ISSUE
566,"Good morning, Not sure how to import contacts from a CSV file, can you point me to the right help article?",HOW_TO_SUPPORT
2225,"Hello, is anyone there? Thanks in advance.",OTHER
6467,My card was charged twice this month. Thanks.,BILLING_PAYMENT
7507,I want a refund bceause I was billed after cancelling. Thanks in advance,BILLING_PAYMENT
8040,"Greetings, I want a refund because I was billed after cancelling.",BILLING_PAYMENT
8285,"Hi, Please show me how to change my display name. Thank you",HOW_TO_SUPPORT
6237,"I have been ovecrharged last month, please look into my billing. Thank you.",BILLING_PAYMENT
6026,"Greetings, Why was I billed EUR 39 when my plan should be cheaper? Please respond soon.",BILLING_PAYMENT
4544,"Hello, Why was I bileld $99 when my plan should be cheaper",BILLING_PAYMENT
6913,Can you build a knaban view into the dashboard? Many users would benefit.,FEATURE_REQUEST
8584,The export button does nothing on the mobile app. Regards.,TECHNICAL_ISSUE
1265,"Hi team, I have been overcharged this month, please look into my billing. Thank you.",BILLING_PAYMENT
9655,"hi there, after i reset my password the new one is not accepted.",ACCOUNT_ACCESS
3938,Buttons on the dashboard do not respond when I click them. Please advise.,TECHNICAL_ISSUE
867,Do you supprot customers based in Mexico?,OTHER
2219,"Hi, I paid for the Pro plan but my account still shows the free tier.",BILLING_PAYMENT
7261,A pop up with a error code 403 appears every time I try to export.,TECHNICAL_ISSUE
7048,"I never received the password reset email, I already checked my spam folder. Any help would be appreciated.",ACCOUNT_ACCESS
4504,a pop up with a blank white screen appears every time i try to publish.,TECHNICAL_ISSUE
7456,"Hello support, I would like more information before I create an account.",OTHER
8130,I forgot the email I used to register and cannot get into my account. Regards.,ACCOUNT_ACCESS
9396,How did your company start? I am curious. Regards.,OTHER
1580,"Hi team, I cannot log in after resetting my password. Thanks.",ACCOUNT_ACCESS
1215,"Greetings, Please unlock my account, I entered the wrong password several times.",ACCOUNT_ACCESS
3820,"Hi team, I have a question about your service. Please advise.",OTHER
5519,"Hello support, Suggestion: allow users to see who viewed a shared report. Any help would be appreciated.",FEATURE_REQUEST
4828,Do you have a tutorial on how to update my profile picture? Let me know what to do.,HOW_TO_SUPPORT
9660,I want to leave general feedback about my experience.,OTHER
6765,What is the easiest way to change my password from the settings page? Please respond soon.,HOW_TO_SUPPORT
7491,Please show me how to create a custom report.,HOW_TO_SUPPORT
4171,I am getting a error 404 whenever I open the profile page.,TECHNICAL_ISSUE
1825,i would like to know who i should contact regarding a collaboration. thanks.,OTHER
1328,Is it possible to duplicate a project? I cannot find where.,HOW_TO_SUPPORT
7687,I upgraded my plan but the charge shows the wrong amount. Regards.,BILLING_PAYMENT
4493,I am unable to sign in to my account since yesterday.,ACCOUNT_ACCESS
4291,"hey, notifications are not being delivered to my phone. thanks a lot.",TECHNICAL_ISSUE
8169,Please stop future charges to my card and cancel my subscription. Please advise.,BILLING_PAYMENT
9292,Do you have a tutorial on how to transfer ownership of a workspace?,HOW_TO_SUPPORT
8573,"Hey, The invoice shows the wrong company name, please correct it.",BILLING_PAYMENT
4773,I would like the option to tag items with labels in a future release.,FEATURE_REQUEST
8085,"Hi, I need a receipt for my payment for June for tax purposes. Please help",BILLING_PAYMENT
69,Could you add an option to export invoices as Excel,FEATURE_REQUEST
5307,"Dear support team, Feature request: the ability to schedule reports in advance.",FEATURE_REQUEST
9904,"Good afternoon, Buttons on the workspace do not respond when I click them.",TECHNICAL_ISSUE
8385,"Hi there, The notifications panel becomes blank when I upload a video file.",TECHNICAL_ISSUE
1210,I got charged in the wrong crurency for my Pro plan.,BILLING_PAYMENT
9242,Can you build version history into the analytics page? Many users would benefit.,FEATURE_REQUEST
6681,I am locked out after too many failed login attempts. Regards.,ACCOUNT_ACCESS
9293,"Dear support team, I changed my phone number and now I cannot get the login code.",ACCOUNT_ACCESS
8355,"Hi there, Thank you for your help, everything is fine now. Thanks in advance.",OTHER
19,How can I update the profile picture for my account?,HOW_TO_SUPPORT
1830,"Greetings, I think I sent this to the wrong place, who is the right contact?",OTHER
6017,"Add csutom filters please, it is missing from the reports page",FEATURE_REQUEST
3664,"Dear support team, How do I use the dashboard to set my working hours?",HOW_TO_SUPPORT
1314,Can you walk me through how to use filters on the dashboard?,HOW_TO_SUPPORT
8622,Could you add an option to export activity logs as PDF? Thank you.,FEATURE_REQUEST
3260,"Good afternoon, I get a error 500 when I try to delete on the calendar.",TECHNICAL_ISSUE
8482,The print button does nothing on the calendar.,TECHNICAL_ISSUE
2422,I would like to get in touch with your press team. Thank you.,OTHER
7962,Could you tell me how to transfer ownership of a workspace? Let me know what to do.,HOW_TO_SUPPORT
7874,"Hey, I need help but I am not sure which option applies. Any help would be appreciated.",OTHER
2592,"Hi, I cannot log in after resetting my password. Please help.",ACCOUNT_ACCESS
8425,Please add dark mode to the dashboard. Regards.,FEATURE_REQUEST
8247,"Greetings, I am getting a message that my account is temporarily locked, please help me get in.",ACCOUNT_ACCESS
5019,I wuold like to get in touch with your security team.,OTHER
5417,The export button does nothing on the billing page. Thanks a lot.,TECHNICAL_ISSUE
1355,"Hello, Please send an invoice for my latest Team subscription payment.",BILLING_PAYMENT
689,I am writing to ask about internship opportunities. Thanks a lot.,OTHER
1320,My account is disabled and I need access urgently. Please advise.,ACCOUNT_ACCESS
7585,"Good afternoon, I see a spinning loader that never finishes on the team page.",TECHNICAL_ISSUE
7297,"Good afternoon, How did your copmany start? I am curious.",OTHER
971,Text is cut off and overlapping on the admin console on my tablet.,TECHNICAL_ISSUE
239,"Hi team, The receipt email for my payment never arrived. Any help would be appreciated.",BILLING_PAYMENT
8868,"Just started using the product, need to know how to archive old projects. Please advise.",HOW_TO_SUPPORT
6005,Could you add an option to export analytics data as Excel?,FEATURE_REQUEST
1511,"Please add a GitHub integration, our whole team uses it. Please help.",FEATURE_REQUEST
1795,I have a general iqnuiry that does not fit any of the topics.,OTHER
2888,I am unable to sign in to my account since Monday. Thanks.,ACCOUNT_ACCESS
8079,An option for a mobile widget would make the product much better.,FEATURE_REQUEST
6439,Suggestion: allow users to see who viewed a shared report. Thanks a lot,FEATURE_REQUEST
875,"Good afternoon, Why is my account frozen? I need it restored as soon as possible.",ACCOUNT_ACCESS
4147,"Greetings, Please send quarterly progress reports to my inbox automatically, it would help a lot.",FEATURE_REQUEST
958,"the verification step keeps failing when i try to sign in, since this morning.",ACCOUNT_ACCESS
2668,"Hello, The reports page shows a 502 bad gateway since Monday.",TECHNICAL_ISSUE
1070,How do I use the search page to merge duplicate entries?,HOW_TO_SUPPORT
8139,Feature request: the ability to add custom fields to every project.,FEATURE_REQUEST
2256,please add templates to the calendar.,FEATURE_REQUEST
9364,"Hello support, What are your business hours?",OTHER
578,"hello, feature request: version history.",FEATURE_REQUEST
7550,"Hi, I do not have access to my old email address and need to recover my account. Thanks a lot",ACCOUNT_ACCESS
6482,"Dear support team, Everything works on my computer but the workspace crashes on my Android phone.",TECHNICAL_ISSUE
7226,I forgot the email I used to register and cannot get into my account. Please help.,ACCOUNT_ACCESS
5544,I would like the option to tag items with labels in a future release. Regards.,FEATURE_REQUEST
7502,A pop up with a timeout error appears every time I try to sync,TECHNICAL_ISSUE
3819,"The site is down for me, I only see a error code 403. Please respond soon.",TECHNICAL_ISSUE
1680,"hi there, the exported word document is corrupted and cannot be opened.",TECHNICAL_ISSUE
2670,"please send monthly usage summaries to my inbox automatically, it would help a lot.",FEATURE_REQUEST
7362,Do you have a partenrship program,OTHER
5233,My account was hacked and I cannot log in anymore. Thanks a lot.,ACCOUNT_ACCESS
4111,Is it possible to add a comment to a task? I cnanot find where.,HOW_TO_SUPPORT
2015,"Greetings, The password I created during sign up is not accepted at login.",ACCOUNT_ACCESS
7779,The search page is very slow and keeps freezing on my MacBook. Please respond soon.,TECHNICAL_ISSUE
2234,How do I update my profile picture?,HOW_TO_SUPPORT
9618,I forgot my password and the reset link says it has expired. Please help.,ACCOUNT_ACCESS
588,"Hello support, Is there smoeone I can meet in person to talk about your product? Thanks in advance.",OTHER
9604,"Hi team, Can you send me an invoice for the $249 payment?",BILLING_PAYMENT
7673,"I have been overcharged this week, please look into my billing.",BILLING_PAYMENT
7067,"Hey, I have a question about your service. Thanks in advance.",OTHER
8778,Please stop future charges to my card and cancel my subscription.,BILLING_PAYMENT
2398,"Greetings, Do you offer any events or webinars?",OTHER
7897,"I am getting a message that my account is temporarily locked, please help me get in. Thank you.",ACCOUNT_ACCESS
9862,"Good morning, I lost my phone and cannot receive the verification code to sign in. Any help would be appreciated.",ACCOUNT_ACCESS
6105,It would be great to have custom filters in the settings page.,FEATURE_REQUEST
7689,Please let us export tables to Word.,FEATURE_REQUEST
6131,"Good afternoon, Images are not displaying correctly on the task list in Brave.",TECHNICAL_ISSUE
5180,"Hello team, Do you support customers based in Australia? Let me know what to do.",OTHER
6684,"Good afternoon, Where do I go in the task list to change my integration settings?",HOW_TO_SUPPORT
1985,There is a bug where the mobile app shows duplicate entries after I delete. Please advise.,TECHNICAL_ISSUE
1072,"Good morning, Please consider adding a way to filter by date range. Please help.",FEATURE_REQUEST
4476,"Hello team, Account recovery is not working, the one-time passcode is not being sent.",ACCOUNT_ACCESS
4598,My payment keeps failing at checkout even though my card is valid. Thanks a lot.,BILLING_PAYMENT
6290,"Dear support team, Which page lets me manage my report templates?",HOW_TO_SUPPORT
6578,"Hey, I never received the SMS code, I already checked my spam folder.",ACCOUNT_ACCESS
2946,The discount promised to me is not reflected on my bill. Thanks.,BILLING_PAYMENT
4397,"Hello, I want a refund because I was billed after cancelling.",BILLING_PAYMENT
6617,Is your sevrice available in Kenya? Let me know what to do.,OTHER
8694,"Hi team, I get a error 404 when I try to print on the analytics page.",TECHNICAL_ISSUE
2527,Can someone explain how to use the settings page? Please respond soon.,HOW_TO_SUPPORT
9987,I do not have access to my old email address and need to recover my account. Thank you.,ACCOUNT_ACCESS
4548,"Good morning, Pelase stop future charges to my card and cancel my subscription.",BILLING_PAYMENT
2858,"Hi there, I am not sure who to ask about this",OTHER
3907,"Hi there, Please let us export reports to PDF.",FEATURE_REQUEST
3027,"Good afternoon, My bank shows a pending charge of $99 that I do not recognize.",BILLING_PAYMENT
4794,My account is disabled and I cannot do my work.,ACCOUNT_ACCESS
6732,I would like a refund for the $59.99 charge for March.,BILLING_PAYMENT
3419,Everything works on my computer but the admin console crashes on my Linux machine. Thanks.,TECHNICAL_ISSUE
5099,The import button does nothing on the settings page,TECHNICAL_ISSUE
716,Feature request: offline mode.,FEATURE_REQUEST
1810,"Dear support team, Why is my account frozen? I need it restored as soon as possible.",ACCOUNT_ACCESS
3703,"Hi, Why did the price of my Premium plan go up? Thanks.",BILLING_PAYMENT
6632,"I am new here, how do I change my display name? Let me know what to do.",HOW_TO_SUPPORT
2233,Images are not displaying correctly on the wrokspace in Firefox.,TECHNICAL_ISSUE
3690,"Hi team, I get an access denied message when I try to open my workspace.",ACCOUNT_ACCESS
2356,"Hi, My card was chagred twice yesterday.",BILLING_PAYMENT
9733,"hi team, login fails on chrome with an authentication failed message.",ACCOUNT_ACCESS
1990,"Hello, Do you have a partnership program?",OTHER
9679,Images are not displaying correctly on the settings page in Brave. Please advise.,TECHNICAL_ISSUE
6648,"Hello team, The page shows an unexpected 502 bad gateway when I save my profile.",TECHNICAL_ISSUE
6703,Where do I go in the workspace to change my language settings?,HOW_TO_SUPPORT
7270,"Hey, Please stop future charges to my card and cancel my subscription. Please help.",BILLING_PAYMENT
4230,"We really need drag and drop on the reports page, please consider it.",FEATURE_REQUEST
857,The settings page is very slow and keeps freezing on my Android phone.,TECHNICAL_ISSUE
275,Could someone give me an overview of what your company does? Thank you.,OTHER
4062,"Hi there, I cannot log in after the latest update",ACCOUNT_ACCESS
8058,"I got a new phone and my authenticator app no longer works, so I cannot log in. Regards.",ACCOUNT_ACCESS
1205,Feature request: an undo button.,FEATURE_REQUEST
523,Buttons on the notificaitons panel do not respond when I click them.,TECHNICAL_ISSUE
9254,"Hello team, I would like to know who I should contact regarding a collaboration. Thank you.",OTHER
1056,can you send me some infomration about what you offer?,OTHER
3799,"Hey, Can you tell me more about your privacy policy?",OTHER
6133,"Good afternoon, The discount promised to me is not reflected on my bill.",BILLING_PAYMENT
5295,It would be great to have custom themes in the analytics page.,FEATURE_REQUEST
289,"Hello support, I would like a refund for the $249 charge on the first of the month.",BILLING_PAYMENT
9109,Could someone give me an overview of what your company does? Please help.,OTHER
6743,The calendar does not display anything after the latest update.,TECHNICAL_ISSUE
2501,Feature request: templates. Thank you.,FEATURE_REQUEST
1190,"Hi team, I would like a refund for the GBP 45 charge for June. Regards.",BILLING_PAYMENT
8874,"Good morning, I would like the option to use the product without an internet connection in a future release.",FEATURE_REQUEST
9671,The page never finishes loading and only shows a generic error message.,TECHNICAL_ISSUE
6102,Would you consider adding a Microsoft Teams connection to your product? Thanks.,FEATURE_REQUEST
9685,My account has been deactivated and I do not know why. Thank you.,ACCOUNT_ACCESS
4467,Can you build dark mode into the porfile page? Many users would benefit.,FEATURE_REQUEST
2180,Sign in with single sign-on fails and shows an unauthorized message. Regards.,ACCOUNT_ACCESS
9894,Please forward this message to the right department. Thanks in advance.,OTHER
3940,Notifications are not being dleivered to my phone. Please respond soon.,TECHNICAL_ISSUE
2593,What are the setps to connect my calendar?,HOW_TO_SUPPORT
4348,Can someone contact me about an issue? Please advise.,OTHER
6172,"Hi team, I am a student worikng on a school project about your product, who can I talk to?",OTHER
3647,It would be great to have a kanban view in the task list.,FEATURE_REQUEST
9181,Please add Sinhala language support. Please respond soon,FEATURE_REQUEST
8168,"I am new here, how do I make a teammate an admin?",HOW_TO_SUPPORT
4225,"Good afternoon, I have been overcharged last month, please look into my billing.",BILLING_PAYMENT
2966,Charts on the billing page do not load.,TECHNICAL_ISSUE
8220,the disocunt promised to me is not reflected on my bill.,BILLING_PAYMENT
1727,Please show me how to use filters on the dashboard,HOW_TO_SUPPORT
757,"Hello team, My bank shows a pneding charge of $59.99 that I do not recognize. Any help would be appreciated.",BILLING_PAYMENT
8903,Do you have a tutorial on how to set up my workspace for the first time?,HOW_TO_SUPPORT
6852,Is your service available in India? Thank you.,OTHER
9068,"Hello support, The sync between my devices has stopped working. Thanks in advance.",TECHNICAL_ISSUE
9736,The dwonload link gives a error code 403 instead of the file,TECHNICAL_ISSUE
3891,The app freezes when I try to upload a large Word document.,TECHNICAL_ISSUE
1738,Text is cut off and overlapping on the dashboard on my Widnows laptop.,TECHNICAL_ISSUE
8428,What are the steps to import contacts from a CSV file,HOW_TO_SUPPORT
1970,"Hi there, The reset link does nothing when I click it.",ACCOUNT_ACCESS
3596,I would like the option to filter by date range in a future release.,FEATURE_REQUEST
8213,I get a 502 bad gateway when I try to download on the reports page.,TECHNICAL_ISSUE
143,"Hello team, My invitation link to join the team does not let me sign in.",ACCOUNT_ACCESS
4046,"Hello, My card was charged twice for March. Thanks in advance.",BILLING_PAYMENT
3673,"Dear support team, Please unlock my account, I entered the wrong password several times.",ACCOUNT_ACCESS
7933,The inbox shows a blank white screen for a week.,TECHNICAL_ISSUE
5082,"hi, why is my account deactivated? i have a deadline today.",ACCOUNT_ACCESS
9429,Do you have any security certifications? Thanks.,OTHER
217,Which menu do I use to archive old projects?,HOW_TO_SUPPORT
1296,The system says the Word document format is not supported even though it is valid.,TECHNICAL_ISSUE
1915,My account was hacked and I cannot log in anymore. Please advise.,ACCOUNT_ACCESS
9856,Would it be possible to customize the dashboard layout? That would save us a lot of time. Regards.,FEATURE_REQUEST
7190,I am not sure who to ask abuot this.,OTHER
310,"Hi there, Login fails on Chrome with an authentication failed message. Thank you.",ACCOUNT_ACCESS
8941,"Good morning, How do I use the billing page to share a dashboard with a client? Please help.",HOW_TO_SUPPORT
7115,"hi there, suggestion: allow users to see who viewed a shared report.",FEATURE_REQUEST
2797,Can you explain how to set up a recurring report? Thank you.,HOW_TO_SUPPORT
8740,"Hello, My changes are not saved, the task list reverts to the old values.",TECHNICAL_ISSUE
6369,Can someone contact me abuot an issue?,OTHER
3728,I get a 502 bad gtaeway when I try to sync on the task list,TECHNICAL_ISSUE
4839,"Hello team, I lost my phone and cannot receive the verification code to sign in.",ACCOUNT_ACCESS
1838,"Hi there, I want a refund becasue I was billed after cancelling.",BILLING_PAYMENT
7910,"Hello support, Please refund my last payment, I did not use the service at all.",BILLING_PAYMENT
2448,Why is my account suspended? I cannot reach my data.,ACCOUNT_ACCESS
1724,i get an access denied message when i try to open my workspace. thanks a lot.,ACCOUNT_ACCESS
9095,"Test message, pelase ignore.",OTHER
5362,"Good afternoon, My card was charged twice this week.",BILLING_PAYMENT
5707,"Good morning, Can you help me regain access to my account? I need it restored as soon as possible",ACCOUNT_ACCESS
2378,I am getting a timeout error whenever I open the notifications panel,TECHNICAL_ISSUE
3589,I would like the option to set reminders on tasks in a future release. Any help would be appreciated.,FEATURE_REQUEST
9964,"Payment status says pending for days, and my subscription is still not active. Any help would be appreciated.",BILLING_PAYMENT
8216,Please send an invoice for my latest Pro subscription payment,BILLING_PAYMENT
1471,"Good morning, I need help but I am not sure which option applies.",OTHER
189,"dear support team, the autosave is broken and my work was lost for two days. please advise.",TECHNICAL_ISSUE
4011,"Hello, My accuont was hacked and I cannot log in anymore.",ACCOUNT_ACCESS
5411,"Hi there, Please fowrard this message to the careers team.",OTHER
3113,"greetings, i cannot sign in with my google account anymore. any help would be appreciated.",ACCOUNT_ACCESS
9707,"Hello, Are you currently hiring?",OTHER
135,"Hi team, It would be nice to have login alerts by email. Let me know what to do.",FEATURE_REQUEST
1155,"Hello team, I am new here, how do I turn on email alerts?",HOW_TO_SUPPORT
1749,text is cut off and overlapping on the profile page on my linux machine.,TECHNICAL_ISSUE
7085,Are you planning to release a search bar in the future?,FEATURE_REQUEST
4145,my sessoin logs me out immediately after i sign in. let me know what to do.,ACCOUNT_ACCESS
3199,"hello support, the discount promised to me is not reflected on my bill.",BILLING_PAYMENT
1234,The exported JPEG photo is corrupted and cannot be opened.,TECHNICAL_ISSUE
3378,I would like instructions on how to create a custom report,HOW_TO_SUPPORT
3473,"Good morning, Which page lets me manage my email preferences?",HOW_TO_SUPPORT
2581,"Hello team, The page keeps refreshing by itself and I lose what I typed. Please advise",TECHNICAL_ISSUE
8909,My credit card was declined but my bank says there is no problem. Any help would be appreciated,BILLING_PAYMENT
1105,"I want to switch to annual billing to get the discount, how is the payment handled? Please respond soon.",BILLING_PAYMENT
6378,Please forward this message to the careers team.,OTHER
8535,"Hi team, I am unable to sign in to my account since yesterday.",ACCOUNT_ACCESS
8623,Could you please implement snigle sign-on in a coming update? Please respond soon.,FEATURE_REQUEST
1293,"Hi, How did your company start? I am curious.",OTHER
6394,Can someone explain how to use the notifications panel?,HOW_TO_SUPPORT
3252,My credit card was declined but my bank says three is no problem.,BILLING_PAYMENT
158,My acconut is disabled and I need to get in right now,ACCOUNT_ACCESS
1568,"Hello team, The confirmation email takes forever to arrive and then it has expired",ACCOUNT_ACCESS
6004,What is the easiest way to turn on email alerts?,HOW_TO_SUPPORT
6011,I represent a media outlet and want to reach out to the press team. Thanks in advance.,OTHER
382,"Hello team, Do you support customers based in Nigeria?",OTHER
4231,How do I export my data? Thanks in advance.,HOW_TO_SUPPORT
4812,"Hi there, I would like a refund for the GBP 45 charge on the first of the month.",BILLING_PAYMENT
1583,The VAT nubmer is missing from my invoice.,BILLING_PAYMENT
347,There is an unknown charge of $14 from your company on my bank statement.,BILLING_PAYMENT
8934,Could you add an option to export invoices as PDF?,FEATURE_REQUEST
9764,What are your business hours? Thanks a lot.,OTHER
8533,"Hello, It would be great to have csutom filters in the task list. Regards.",FEATURE_REQUEST
3823,Can someone contact me about an issue? Thanks in advance.,OTHER
4995,"good morning, please consider adding a way to attach several files at once. thanks a lot.",FEATURE_REQUEST
5771,please let us export project lists to word.,FEATURE_REQUEST
1581,"Account recovery is not working, the verification email is not being sent. Thanks.",ACCOUNT_ACCESS
8290,"Hi team, How do I turn on email alerts",HOW_TO_SUPPORT
3225,Can you tell me more aobut your privacy policy? Thank you.,OTHER
7343,"The website does not work properly in Firefox, but it is fine in another browser.",TECHNICAL_ISSUE
5208,Do you support customers based in Nigeria? Thanks a lot.,OTHER
2845,The exported spreadsheet is corrupted and cannot be opened.,TECHNICAL_ISSUE
3491,Can you send me an invoice for the $19 payment?,BILLING_PAYMENT
5058,Charts on the settings page do not load. Thanks,TECHNICAL_ISSUE
413,Please credit my account for the payment error last month. Let me know what to do.,BILLING_PAYMENT
3418,"Hey, My payment keeps failing at checkout even though my card is valid.",BILLING_PAYMENT
4266,please show me how to create a new project.,HOW_TO_SUPPORT
2320,"Hey, Buttons on the mobile app do not respond when I click them.",TECHNICAL_ISSUE
6429,Could you tell me how to set my working hours?,HOW_TO_SUPPORT
254,I need to talk to someone but I do not know what to select. Let me know what to do.,OTHER
6672,Please forward this message to your press team. Please help.,OTHER
4659,"Hi there, Please add Spanish language support.",FEATURE_REQUEST
3697,"Hi, The mobile app closes immediately after opening on my iPhone.",TECHNICAL_ISSUE
9670,I would like a refund for the $24.99 charge last month.,BILLING_PAYMENT
9386,Can you explain how to invite a member to my workspace?,HOW_TO_SUPPORT
6207,"Hello, I was charged $29 for a plan I never upgraded to.",BILLING_PAYMENT
8419,I cannot log in on my iPhone.,ACCOUNT_ACCESS
1991,I need help but I am not sure which option applies. Please respond soon.,OTHER
7970,"good morning, would you consider adding a jira connection to your product?",FEATURE_REQUEST
1101,"Hi there, My username is not recognized on the login page. Regards",ACCOUNT_ACCESS
4819,I paid for the Business plan but my account still shows the free tier. Any help would be appreciated.,BILLING_PAYMENT
6413,"Hello support, Why did the price of my Team plan go up?",BILLING_PAYMENT
7704,Any documentation on how to merge duplicate entries?,HOW_TO_SUPPORT
3995,The integration keeps disconnecting and shows an error each time. Let me know what to do.,TECHNICAL_ISSUE
7139,"Hi, Please stop future charges to my card and cancel my subscription. Please advise",BILLING_PAYMENT
8078,Uploading a CSV file gets stuck at 10 percent and never finishes.,TECHNICAL_ISSUE
703,"Hey, I need to talk to someone but I do not know what to select. Please help",OTHER
1612,"Good morning, Is your service available in Singapore?",OTHER
2395,it would be great if we could see who viewed a shared report. please advise.,FEATURE_REQUEST
7031,"Hi, The app freezes when I try to share a large PNG image.",TECHNICAL_ISSUE
7368,"Hello support, I cancelled my subscription weeks ago and you still took money from my account.",BILLING_PAYMENT
8109,I am not sure who to ask about this. Please respond soon.,OTHER
1316,"Hello support, Why is my account deactivated? I need access urgently.",ACCOUNT_ACCESS
2166,I downgraded to the monthly plan but I was still billed the higher price. Thanks.,BILLING_PAYMENT
5442,Can you walk me through how to change my time zone? Thank you.,HOW_TO_SUPPORT
497,It would be great to have version history in the settings page. Thanks a lot.,FEATURE_REQUEST
528,"Hello, Could you tell me how to archive old projects?",HOW_TO_SUPPORT
5653,"hey, i have a general inquiry that does not fit any of the topics.",OTHER
2399,"Hi, Can you help me regain access to my account? I cannot reach my data.",ACCOUNT_ACCESS
5616,Is it possible to find my activity history? I cannot find where,HOW_TO_SUPPORT
8772,The share button does nothing on the project board. Any help would be appreciated.,TECHNICAL_ISSUE
2773,"Hi, I need to update the billing address on my invoice. Regards.",BILLING_PAYMENT
9051,"Hi, The download link gives a error 500 instead of the file.",TECHNICAL_ISSUE
7582,"Not sure how to change my display name, can you point me to the right help article?",HOW_TO_SUPPORT
3280,The print button does nothing on the profile page.,TECHNICAL_ISSUE
8374,Any documentation on how to make a teammate an admin?,HOW_TO_SUPPORT
8463,How do I use the settings page to change the language of the interface?,HOW_TO_SUPPORT
6500,My bank shows a pending charge of EUR 15 that I do not recognize. Please advise.,BILLING_PAYMENT
5752,"Good morning, Which menu do I use to add a comment to a task",HOW_TO_SUPPORT
545,"Hi team, Where do I go in the team page to change my email preferences?",HOW_TO_SUPPORT
319,How can I duplicate a project?,HOW_TO_SUPPORT
7386,"Hello, Video previews will not play in the dashboard. Thank you.",TECHNICAL_ISSUE
9774,"Good morning, Can I know more about your service before deciding? Any help would be appreciated.",OTHER
1812,"Good morning, Can you walk me through how to change the date format",HOW_TO_SUPPORT
6879,What are the steps to restore a deleted file? Thanks a lot.,HOW_TO_SUPPORT
3652,"Good afternoon, My card was charged three times last month. Thanks.",BILLING_PAYMENT
7547,"Hello team, My account has been blocked and I do not know why. Thanks a lot.",ACCOUNT_ACCESS
7974,What is the easiest way to share a dahsboard with a client?,HOW_TO_SUPPORT
9064,"Just started using the product, need to know how to create a template.",HOW_TO_SUPPORT
7466,My card was chraged three times this week.,BILLING_PAYMENT
5481,I upgraded my plan but the charge shows the wrong amount. Please respond soon.,BILLING_PAYMENT
7358,"Hi there, Is your service available in the UAE?",OTHER
5623,It would be useful to receive daily activity reports by email.,FEATURE_REQUEST
7980,My bank shows a pending charge of $49 that I do not recognize.,BILLING_PAYMENT
3463,Can you build templates into the mobile app? Many users would benefit.,FEATURE_REQUEST
9962,"Hi, Could you please implement IP allow listing in a coming update?",FEATURE_REQUEST
9203,"Hello, Someone changed my password and I no longer have access to my account. Thank you.",ACCOUNT_ACCESS
175,"hi, i cannot access my mobile app because it says i do not have permission.",ACCOUNT_ACCESS
1386,I was charged EUR 39 yesterday but I expected a different amount.,BILLING_PAYMENT
9947,I am trying to invite a member to my workspace but I cannot find the option. Where is it? Let me know what to do.,HOW_TO_SUPPORT
6497,"Hi there, Is your service available in Australia?",OTHER
380,I got charged in the wrong currency for my monthly plan.,BILLING_PAYMENT
5873,"Greetings, The SMS code never arrives in my inbox. Please help.",ACCOUNT_ACCESS
4322,I am locked out after too many failed login attempts. Please advise.,ACCOUNT_ACCESS
6793,"good afternoon, sign in with single sign-on fails and shows an unauthorized message. thanks a lot.",ACCOUNT_ACCESS
9099,"I have been overcharged for my annual plan, please look into my billing.",BILLING_PAYMENT
9001,"Hi team, I would like instructions on how to archive old projects.",HOW_TO_SUPPORT
5863,"dear support team, i would like to get in touch with your press team.",OTHER
8593,The login code takes forever to arrive and then it has expired,ACCOUNT_ACCESS
3405,"Hi, Text is cut off and overlapping on the worskpace on my Linux machine.",TECHNICAL_ISSUE
3789,Can you build offline mode into the mobile app? Many users would benefit.,FEATURE_REQUEST
3956,"Hi, Can you walk me through how to invite a member to my workspace",HOW_TO_SUPPORT
9189,"Test message, please ignore. Thanks.",OTHER
8299,"hello, there is a bug where the search page shows duplicate entries after i print.",TECHNICAL_ISSUE
6061,My card was charged trhee times last month,BILLING_PAYMENT
4862,"Hi, The system says the spreadsheet foramt is not supported even though it is valid.",TECHNICAL_ISSUE
8231,"Hi, Do you support customers based in Kenya?",OTHER
4154,"Good morning, The page keeps refreshing by itself and I lose what I typed.",TECHNICAL_ISSUE
5098,I would like more information before I create an account. Please advise.,OTHER
1929,I want a refund because I was billed after cancelling. Let me know what to do.,BILLING_PAYMENT
1089,"Good afternoon, I get an access denied message when I try to open my workspace.",ACCOUNT_ACCESS
7132,"Hello, I was removed from the workspace by mistake and cannot get back in.",ACCOUNT_ACCESS
6124,text is cut off and overlapping on the profile page on my work computer. thank you.,TECHNICAL_ISSUE
7853,I need a receipt for my payment this week for tax purposes. Any help would be appreciated.,BILLING_PAYMENT
5505,The page keeps refreshing by itself and I lose what I typed. Please advise.,TECHNICAL_ISSUE
9153,"Hi team, I was charged $59.99 for June but I expected a different amount.",BILLING_PAYMENT
8796,I am trying to find my activity history but I cannot find the option. Where is it?,HOW_TO_SUPPORT
1963,Do you have a partnership program? Thanks in advance.,OTHER
3692,Are you planning to release templates in the future?,FEATURE_REQUEST
182,I am getting a generic error message whenever I open the profile page.,TECHNICAL_ISSUE
4157,"Hello team, Can you explain how to set up a recurring report?",HOW_TO_SUPPORT
7732,Which menu do I use to change the language of the interface?,HOW_TO_SUPPORT
989,Suggestion: allow users to mark items as favorites. Thanks a lot.,FEATURE_REQUEST
4869,The receipt email for my payment never arrived. Any help would be appreciated.,BILLING_PAYMENT
420,"Account recovery is not working, the login code is not being sent. Thanks in advance.",ACCOUNT_ACCESS
5288,any documentation on how to change the language of the interface?,HOW_TO_SUPPORT
7787,there is an unknown charge of $99 from your company on my bank statement.,BILLING_PAYMENT
2567,"Good afternoon, Text is cut off and overlapping on the analytics page on my iPad.",TECHNICAL_ISSUE
5170,"Hey, Where can I find the team permissions?",HOW_TO_SUPPORT
8060,Can you explain how to merge duplicate entries?,HOW_TO_SUPPORT
6242,"Dear support team, I am writing to ask about internship opportunities. Please help.",OTHER
2947,"Good afternoon, I was charged for extra seats that I did not add.",BILLING_PAYMENT
8559,I am not able to log in from my Windows laptop but it works on my computer. Please advise,ACCOUNT_ACCESS
4814,"Please get back to me when you can, I have a few questions. Thank you.",OTHER
8935,"Hello, Everything on the task list is loading extremely slowly for the past few days.",TECHNICAL_ISSUE
345,Please add Tamil language support. Let me know what to do.,FEATURE_REQUEST
8864,"Hello team, It would be great to have keyboard shortcuts in the analytics page. Regards.",FEATURE_REQUEST
8546,"Good afternoon, I was removed from the workspace by mistake and cannot get back in.",ACCOUNT_ACCESS
5486,"Hi there, I was charged EUR 15 for June but I expected a different amount.",BILLING_PAYMENT
6376,How do I use the dashboard to change the date format?,HOW_TO_SUPPORT
7515,"Thank you for your help, everything is fine now. Thank you.",OTHER
3679,It would be great to have auto save in the settings page.,FEATURE_REQUEST
9289,"Hi, Hello, is anyone there?",OTHER
3301,Charts on the calnedar do not load.,TECHNICAL_ISSUE
7069,Which page lets me manage my language settings,HOW_TO_SUPPORT
9800,"Hello team, There is a mistake in my latest invoice, the total does not match the plan price.",BILLING_PAYMENT
3588,I am getting a something went wrong mesasge whenever I open the reports page.,TECHNICAL_ISSUE
6848,"Hello team, I upgraded my plan but the charge shows the wrong amount.",BILLING_PAYMENT
2761,"Hello, I get a error 404 when I try to print on the project board. Thanks in advance.",TECHNICAL_ISSUE
115,Can you explain how to share a dashboard with a client?,HOW_TO_SUPPORT
7836,I am trying to set up a recurring report but I cannot find the option. Where is it?,HOW_TO_SUPPORT
2651,"Hi, The password I created during sign up is not accepted at login. Thanks a lot.",ACCOUNT_ACCESS
5708,"Hi, An option for an undo button would make the product much better. Thanks in advance.",FEATURE_REQUEST
1256,"Hello, Please add biometric login for account security.",FEATURE_REQUEST
6049,The analytics page does not display anything after the latest update. Thanks in advance,TECHNICAL_ISSUE
5149,Are you currently hiring? Let me know what to do.,OTHER
8914,Can someone explain how to use the mobile app? Thanks in advance.,HOW_TO_SUPPORT
2300,Plaese add dark mode to the dashboard.,FEATURE_REQUEST
9974,"Good afternoon, I changed my phone number and now I cannot get the login code. Please help.",ACCOUNT_ACCESS
4055,"Good morning, I was charged after my free trial ended without any reminder. Any help would be appreciated",BILLING_PAYMENT
6339,I got charged in the wrong currency for my Business plan,BILLING_PAYMENT
9056,I cancelled my subscription weeks ago and you still took money from my account. Thanks a lot.,BILLING_PAYMENT
9005,"Hello team, Please add Tamil language support. Please advise.",FEATURE_REQUEST
4455,"Greetings, I am trying to assign a task to a colleague but I cannot find the option. Where is it?",HOW_TO_SUPPORT
6178,I would like to get in tocuh with the partnerships team.,OTHER
181,"Hey, Can someone contact me about an issue?",OTHER
2678,I lost my phone and cannot receive the verification code to sign in,ACCOUNT_ACCESS
5568,"Hey, Please refund my last payment, I did not use the service at all.",BILLING_PAYMENT
5375,"Hello team, The autosave is broken and my work was lost since this morning.",TECHNICAL_ISSUE
8926,I forgot the email I used to register and cannot get into my account. Thank you.,ACCOUNT_ACCESS
8050,"Good morning, I would like instructions on how to invite a member to my workspace. Let me know what to do.",HOW_TO_SUPPORT
1060,"We really need a favorites list on the settings page, please consider it.",FEATURE_REQUEST
6057,The receipt email for my payment never arrived.,BILLING_PAYMENT
1042,I cannot access my reports page because it says I do not have permission,ACCOUNT_ACCESS
8410,I am not sure who to ask about this. Thank you.,OTHER
2365,"Dear support team, I need to update the billing address on my invoice.",BILLING_PAYMENT
7421,"Hello support, Would you consider adding a Salesforce connection to your product?",FEATURE_REQUEST
3002,Feature request: a kanban view. Please advise.,FEATURE_REQUEST
8787,"Greetings, I am new here, how do I export my data?",HOW_TO_SUPPORT
9027,"Dear support team, I have a question about your service. Please advise.",OTHER
2481,Data I entered yesterday disappeared from the dashboard. Please advise.,TECHNICAL_ISSUE
5183,"Hey, I was billed $59.99 twice for the same subscription",BILLING_PAYMENT
7881,Can you help me regain access to my account? I cannot reach my data. Regards.,ACCOUNT_ACCESS
6934,"Unable to sign in on Edge, it just keeps reloading the login page. Regards.",ACCOUNT_ACCESS
5379,"Hello, Can you explain how to pin a dashboard as my home page?",HOW_TO_SUPPORT
1789,could you add an option to export project litss as powerpoint?,FEATURE_REQUEST
788,Data I entered yesterday disappeared from the notifications panel.,TECHNICAL_ISSUE
6088,I downgraded to the Basic plan but I was still billed the higher price.,BILLING_PAYMENT
5017,I downgraded to the Basic plan but I was still billed the higher price. Let me know what to do.,BILLING_PAYMENT
8948,My renewal payment failed and now my sbuscription shows as past due. Thanks in advance.,BILLING_PAYMENT
7407,"Hi there, How can I make a teammate an admin?",HOW_TO_SUPPORT
6506,"Greetings, It would improve my workflow if I could add custom fields to every project. Regards.",FEATURE_REQUEST
7280,"Hi team, I am a student wokring on a school project about your product, who can I talk to?",OTHER
770,Images are not displaying correctly on the workspace in Chrome. Let me know what to do.,TECHNICAL_ISSUE
4000,"i got a new phone and my authneticator app no longer works, so i cannot log in.",ACCOUNT_ACCESS
1304,"Hi team, I am trying to change my display name but I cannot find the option. Where is it",HOW_TO_SUPPORT
5056,I frogot the email I used to register and cannot get into my account,ACCOUNT_ACCESS
2779,The discount promised to me is not reflected on my bill. Please help.,BILLING_PAYMENT
4676,"Dear support team, Please refund my last payment, I did not use the service at all.",BILLING_PAYMENT
7946,"Good afternoon, I need to change the credit card used for my subscription payments.",BILLING_PAYMENT
6030,"good morning, i want to leave general feedback about my experience. regards.",OTHER
2201,"Hey, I am writing to ask about internship opportunities.",OTHER
3287,"Hello support, I am trying to change my time zone but I cannot find the option. Where is it?",HOW_TO_SUPPORT
3169,"Hello team, I downgraded to the monthly plan but I was still billed the higher price.",BILLING_PAYMENT
9963,"Not sure how to create a custom report, can you piont me to the right help article? Regards.",HOW_TO_SUPPORT
7401,"Hi there, Notifications are not being delivered to my phone",TECHNICAL_ISSUE
6299,What are the steps to upload a company logo?,HOW_TO_SUPPORT
9405,"hello, feature request: offline mode. please respond soon.",FEATURE_REQUEST
4945,"Hello, How did your company start? I am curious.",OTHER
4496,"Hi there, Please reset my accuont access, I cannot get past the login screen. Let me know what to do.",ACCOUNT_ACCESS
5945,"Hello, The verification email never arrives in my inbox.",ACCOUNT_ACCESS
604,"Hey, I need a receipt for my payment for March for tax purposes.",BILLING_PAYMENT
813,I changed my phone number and now I canont get the login code.,ACCOUNT_ACCESS
8783,my paypal payment fialed but the money left my account.,BILLING_PAYMENT
8754,Please show me how to restore a deleted file. Thanks in advance.,HOW_TO_SUPPORT
2923,"Dear support team, How can I rename a project?",HOW_TO_SUPPORT
5754,"Hello support, Which page lets me manage my language settings?",HOW_TO_SUPPORT
7457,the sms code never arrives in my inbox. thank you.,ACCOUNT_ACCESS
5621,"Good morning, I cannot access my admin console because it says I do not have permission.",ACCOUNT_ACCESS
1556,How do I change the date format? Please advise.,HOW_TO_SUPPORT
5533,"Hi team, I would like a refund for the $9.99 charge for my annual plan.",BILLING_PAYMENT
3991,"Hi there, How did your company start? I am curious.",OTHER
9193,"I cannot log into my account, it says the email addrses is not registered but I have used it before.",ACCOUNT_ACCESS
8677,"Dear support team, I was removed from the workspace by mistake and cannot get back in.",ACCOUNT_ACCESS
9250,Would it be possible to add custom fields to every project? That would save us a lot of time. Thank you.,FEATURE_REQUEST
9494,"Good morning, Do you have a partnership program? Thank you.",OTHER
3165,"Hi, I do not have access to my old email address and need to recover my account",ACCOUNT_ACCESS
7333,Why did the price of my Pro plan go up? Thanks in advance.,BILLING_PAYMENT
1904,I get a error 500 when I try to export on the team page.,TECHNICAL_ISSUE
8236,Atfer I reset my password the new one is not accepted.,ACCOUNT_ACCESS
9464,"Hello team, I was charged for extra setas that I did not add.",BILLING_PAYMENT
7275,"hello support, i want a refund because i was billed after cancelling.",BILLING_PAYMENT
684,"Greetings, The discount promised to me is not reflected on my bill.",BILLING_PAYMENT
6872,a pop up with a something went wrong message appears every time i try to save.,TECHNICAL_ISSUE
2450,I cannot log in since yesterday. Please respond soon.,ACCOUNT_ACCESS
3838,The reports page is very slow and keeps freezing on my Linux machine. Thanks.,TECHNICAL_ISSUE
3142,why did the price of my starter plan go up? let me know what to do.,BILLING_PAYMENT
6816,I cannot log in an hour ago.,ACCOUNT_ACCESS
1944,"Hey, I cannot log in after the latest update.",ACCOUNT_ACCESS
4343,There is an unknown charge of GBP 12 from your company on my bank statement. Thanks.,BILLING_PAYMENT
5003,My card was charged three times this month.,BILLING_PAYMENT
3336,"Hi team, Please add support for exporting to JSON and also a favorites list.",FEATURE_REQUEST
110,"Good morning, Please add German language support.",FEATURE_REQUEST
8590,I paid for the annual plan but my account still shows the free tier. Please help,BILLING_PAYMENT
2733,"Hello team, Are you planning to release drag and drop in the future?",FEATURE_REQUEST
1396,"My subscription renewed automatically and I did not want that, please refund me. Please respond soon",BILLING_PAYMENT
5205,"Greetings, I need a corrected invoice with our new company address.",BILLING_PAYMENT
7720,"Dear support team, Where can I find the report templates?",HOW_TO_SUPPORT
3684,"Hello, Please add login alerts by email for account security.",FEATURE_REQUEST
2673,It would be great to have saved views in the analytics page.,FEATURE_REQUEST
162,I am not able to log in from my Windows latpop but it works on my computer.,ACCOUNT_ACCESS
191,"Greetings, I would like to speak with a sales representative about enterprise options.",OTHER
3963,"Hi, The exported ZIP file is corrupted and cannot be opened.",TECHNICAL_ISSUE
1496,Do you have a partnersihp program?,OTHER
5249,I cannot log in since Monday. Please advise.,ACCOUNT_ACCESS
4273,The app crashes every time I try to delete.,TECHNICAL_ISSUE
4104,"Hi team, Can you build templates into the team page? Many users would benefit. Thanks a lot.",FEATURE_REQUEST
2082,"Hello team, Plesae show me how to archive old projects.",HOW_TO_SUPPORT
7435,"Good afternoon, I have a question about your service.",OTHER
7209,"Hello support, I need help but I am not sure which option applies. Regards.",OTHER
4265,"good afternoon, i want to leave general feedback about my experience.",OTHER
679,"Greetings, I got a new phone and my authenticator app no longer works, so I cannot log in.",ACCOUNT_ACCESS
154,It would be nice to have authenticator app support.,FEATURE_REQUEST
9384,"Good afternoon, I canont log in after the latest update. Let me know what to do.",ACCOUNT_ACCESS
3672,"Hello support, I would like the option to sort the list by multiple columns in a future release.",FEATURE_REQUEST
5579,Would you consider adding a Outlook connection to your product? Thanks a lot.,FEATURE_REQUEST
7827,I wuold like to get in touch with the legal department.,OTHER
3763,What are your business hours? Regards,OTHER
3050,"greetings, we really need offline mode on the settings page, please consider it.",FEATURE_REQUEST
2222,"Dear support team, Which menu do I use to connect my calendar?",HOW_TO_SUPPORT
564,"I got a new phone and my authenticator app no longer works, so I cannot log in. Please advise.",ACCOUNT_ACCESS
2571,How do I use the analytics page to archive old projects?,HOW_TO_SUPPORT
8362,"Hi, My usrename is not recognized on the login page. Regards.",ACCOUNT_ACCESS
2405,"Hello, I am unable to sign in to my account since the latest update. Please respond soon.",ACCOUNT_ACCESS
4176,The coupon code did not aplpy at checkout and I was charged the full price.,BILLING_PAYMENT
1482,"Hi, Can I get a call back from someone on your team?",OTHER
4950,My account was hcaked and I cannot log in anymore.,ACCOUNT_ACCESS
6889,"Hello team, Do you offer any events or webinars?",OTHER
9834,please let us export tables to google sheets.,FEATURE_REQUEST
6477,The autosave is broken and my work was lost since yesterday. Please advise.,TECHNICAL_ISSUE
9481,The delete button does nothing on the reports page.,TECHNICAL_ISSUE
7463,Please add dark mode to the calendar.,FEATURE_REQUEST
5035,"There is a mistake in my latest invoice, the total does not match the plan price. Thanks.",BILLING_PAYMENT
3177,"Dear support team, Suggestion: allow users to duplicate an entire project",FEATURE_REQUEST
2885,Text is cut off and overlapping on the inbox on my Linux machine.,TECHNICAL_ISSUE
6276,I wolud like more information before I create an account.,OTHER
969,"Hi, I changed my email address and now I cannot access my account.",ACCOUNT_ACCESS
367,Suggestion: allow users to set custom roles for team members.,FEATURE_REQUEST
7610,I am not able to log in from my iPad but it works on my computer. Please advise.,ACCOUNT_ACCESS
2247,My invitaiton link to join the team does not let me sign in. Thanks.,ACCOUNT_ACCESS
2891,"Hello team, Can I know more about your service before deciding?",OTHER
6763,"Hi team, I was charged GBP 45 yesterday but I expected a different amount.",BILLING_PAYMENT
7921,"Hi, Which menu do I use to change my notification settings? Thank you.",HOW_TO_SUPPORT
3911,Where can I find the team permissions?,HOW_TO_SUPPORT
9981,"Dear support team, Please forward this message to the partnerships team.",OTHER
3923,"Dear support team, The integration keeps disconnecting and shows an error each time. Regards.",TECHNICAL_ISSUE
3792,What is the easiest way to create a template,HOW_TO_SUPPORT
1525,"Hello support, It would be great if we could schedule reports in advance.",FEATURE_REQUEST
4930,"Hi, I have been overcharged this week, please look into my billing.",BILLING_PAYMENT
5328,"Greetings, My account was hacked and I cannot log in anymore. Regards.",ACCOUNT_ACCESS
4703,Any documentation on how to change my time zone? Please advise.,HOW_TO_SUPPORT
3605,"Hello support, The analytics page is very slow and keeps freezing on my Linux machine.",TECHNICAL_ISSUE
7975,"I think I sent this to the wrong place, who is the right contact? Please advise.",OTHER
6204,My account is disabled and I cannot reach my data. Please advise.,ACCOUNT_ACCESS
3539,The two-factor code is rejected every time I try to sign in. Let me know what to do.,ACCOUNT_ACCESS
5600,"Hello support, Could you tell me how to delete a workspace? Let me know what to do.",HOW_TO_SUPPORT
5795,I would love to see an integration with Slack.,FEATURE_REQUEST
8316,Do you have any secruity certifications?,OTHER
8319,My account has been blocked and I do not know why. Thanks in advance.,ACCOUNT_ACCESS
1327,"Hello team, I get a something went wrong message when I try to upload on the workspace.",TECHNICAL_ISSUE
2434,I want to report something that does not fit any category. Please help.,OTHER
4033,i cannot log in after chagning my email address.,ACCOUNT_ACCESS
5206,"Hi, Please consider adding a way to set custom roles for team members.",FEATURE_REQUEST
4244,"Hello team, Could someone give me an overview of what your company does? Any help would be appreciated.",OTHER
2340,"Good morning, I would like to get in touch with a manager.",OTHER
4552,"Hey, Please send an invoice for my latest Starter subscription payment",BILLING_PAYMENT
964,Do you have any security certifications? Please respond soon.,OTHER
2162,The workspace is very slow and keeps freezing on my iPhone.,TECHNICAL_ISSUE
2344,It would be nice to have single sign-on.,FEATURE_REQUEST
4834,It would be great to have a search bar in the analytics page. Thanks.,FEATURE_REQUEST
1318,"Hello, I would like to speak with a sales representative about enterprise options.",OTHER
3208,I saw your ad and want to learn more. Please advise.,OTHER
1071,"Hi, The page shows an unexpected sevrer error when I save my profile. Please respond soon.",TECHNICAL_ISSUE
5856,"I never received the login code, I already checked my spam folder. Thanks a lot.",ACCOUNT_ACCESS
1670,Images are not displaying correctly on the analytics page in Brave. Please help.,TECHNICAL_ISSUE
6407,The system says the Excel file format is not supported even though it is valid. Please advise.,TECHNICAL_ISSUE
3345,Where do I go in the profile page to change my profile information? Thanks.,HOW_TO_SUPPORT
5751,"Good morning, I need to change the credit card used for my subscription payments. Regards",BILLING_PAYMENT
1955,"Good afternoon, After I reset my password the new one is not accepted.",ACCOUNT_ACCESS
8462,"Hello, Please forward this message to sales.",OTHER
6106,I am getting a 502 bad gateway whenever I open the team page.,TECHNICAL_ISSUE
8867,"Hello team, I am trying to create a custom report but I cannot find the option. Where is it?",HOW_TO_SUPPORT
5045,"Good morning, My account has been locked and I do not know why. Please respond soon.",ACCOUNT_ACCESS
4334,Can you send me some information about what you offer? Please advise.,OTHER
8823,"Hello, The pyament page rejects my card and I cannot renew my annual plan.",BILLING_PAYMENT
8043,"Dear support team, Is it possible to create a template? I cannot find where.",HOW_TO_SUPPORT
1485,Is your service available in Brazil? Thanks a lot.,OTHER
2177,"Hey, Is it possible to make a teammate an admin? I cannot find where.",HOW_TO_SUPPORT
950,Can you explain how to add a comment to a task? Please advise.,HOW_TO_SUPPORT
8349,Is your service available in the UAE? Any help would be appreciated.,OTHER
868,The page shows an unexpected blank white screen when I save my profile. Thanks.,TECHNICAL_ISSUE
3448,"Hey, The verification step keeps failing when I try to sign in, for the past few days.",ACCOUNT_ACCESS
7696,Please add Arabic language support. Thank you.,FEATURE_REQUEST
5043,"We really need saved views on the team page, please consider it.",FEATURE_REQUEST
3986,Can someone explain how to use the mobile app? Any help would be appreciated.,HOW_TO_SUPPORT
7851,How do I use the profile page to change my notification settings?,HOW_TO_SUPPORT
3933,"Hi, Why was I billed $24.99 when my plan should be cheaper?",BILLING_PAYMENT
8524,"Greetings, Is your service available in the UAE?",OTHER
6981,Everything works on my computer but the search page crashes on my Windows laptop.,TECHNICAL_ISSUE
6933,"Hey, Payment status says pending for days, and my subscription is still not active",BILLING_PAYMENT
5877,"Test message, please ignore.",OTHER
6303,"Hello team, I am writing to ask about internship opportunities.",OTHER
9978,Please show me how to turn on email alerts. Please help.,HOW_TO_SUPPORT
3035,My account is blocked and I need it restored as soon as possible. Any help would be appreciated.,ACCOUNT_ACCESS
8981,Can someone explain how to use the workspace? Regards.,HOW_TO_SUPPORT
2582,Please show me how to restore a deleted file.,HOW_TO_SUPPORT
734,"Greetings, Please send monthly usage summaries to my inbox automatically, it would help a lot.",FEATURE_REQUEST
2133,Can you send me an invoice for the $149 payment?,BILLING_PAYMENT
7366,I was charged for extra seats that I did not add. Let me know what to do.,BILLING_PAYMENT
4910,The autosave is broken and my work was lost since last night.,TECHNICAL_ISSUE
16,Please add two-factor authentication for account security.,FEATURE_REQUEST
6306,"Good afternoon, Do you have a partnership program",OTHER
2357,"I am a student worknig on a school project about your product, who can I talk to",OTHER
5944,"Hi, Please credit my account for the payment error yesterday. Please advise.",BILLING_PAYMENT
4816,"add version history please, it is missing from the project board. let me know what to do.",FEATURE_REQUEST
167,Search returns no results even for items that I know exist. Please advise.,TECHNICAL_ISSUE
7638,Is there someone I can meet in person to talk about your product? Thanks.,OTHER
6714,How can I set up a recruring report? Please advise.,HOW_TO_SUPPORT
9165,Which menu do I use to transfer ownreship of a workspace?,HOW_TO_SUPPORT
1856,"Hello, Could you please implement login alerts by email in a coming update",FEATURE_REQUEST
6013,"good afternoon, i have some questions about your company before i proceed.",OTHER
7778,The exported Excel file is corrupted and cannot be opened.,TECHNICAL_ISSUE
5067,Do you support customers based in Mexico? Please help.,OTHER
6827,"Hi team, Can you build an undo button into the dashboard? Many users would benefit. Thanks in advance.",FEATURE_REQUEST
6108,"Dear support team, Not sure how to change my display name, can you point me to the right help article?",HOW_TO_SUPPORT
8211,"Good afternoon, Is there someone I can meet in person to talk abuot your product? Thank you.",OTHER
4983,"Hello team, I am stuck in a loop where the site asks me to verify my email again and again.",ACCOUNT_ACCESS
6168,Could you please implement two-factor authentication in a coming update? Please respond soon.,FEATURE_REQUEST
5857,"Hi, I got charged in the wrong currency for my Business plan.",BILLING_PAYMENT
2994,I was charged GBP 45 for June but I expected a different amount.,BILLING_PAYMENT
6359,"Greetings, Please refund my last payment, I did not use the service at all.",BILLING_PAYMENT
6823,"Good afternoon, The API returns a error 404 when I call the endpoint.",TECHNICAL_ISSUE
8769,"Hello team, It would be great to have custom themes in the admin console",FEATURE_REQUEST
8733,"Greetings, The login code never arrives in my inbox.",ACCOUNT_ACCESS
8046,"Hi team, The magic link takes forever to arrive and then it has expired.",ACCOUNT_ACCESS
7264,"Hi, My account was hacked and I cannot log in anymore.",ACCOUNT_ACCESS
6404,Uploading a PDF gets stuck at 10 percent and never finishes. Please advise.,TECHNICAL_ISSUE
4133,"Hello, I am trying to create a custom report but I cannot find the option. Where is it?",HOW_TO_SUPPORT
3066,I cannot log in since Monday. Thank you.,ACCOUNT_ACCESS
853,The submit button does nothing on the team page.,TECHNICAL_ISSUE
3649,How can I add a comment to a task? Regards.,HOW_TO_SUPPORT
4796,Please add support for exporting to XML and also a favorites list.,FEATURE_REQUEST
8202,I downgraded to the Business plan but I was still billed the hihger price.,BILLING_PAYMENT
6183,"Good afternoon, The page shows an unexpected 502 bad gateway when I save my profile.",TECHNICAL_ISSUE
2784,"Hello team, Is your service available in the United Kingdom?",OTHER
7321,"Hello, I would like to speak with a sales representative about enterprise options. Let me know what to do.",OTHER
2090,"Hi team, Would it be possible to pin important items to the top? That would save us a lot of time.",FEATURE_REQUEST
7150,"My changes are not saved, the inbox reevrts to the old values.",TECHNICAL_ISSUE
357,My team would love to have a mobile widget. Is it on the roadmap,FEATURE_REQUEST
3831,Charts on the dashboard do not load. Any help would be appreciated.,TECHNICAL_ISSUE
9976,"I have been overcharged yesterday, plesae look into my billing",BILLING_PAYMENT
8687,"Add drag and drop please, it is missing from the notifications panel.",FEATURE_REQUEST
2502,"Good morning, The payment page rejects my card and I cannot renew my Business plan. Please advise.",BILLING_PAYMENT
8560,"Hello team, My bank shows a pending charge of GBP 12 that I do not recognize.",BILLING_PAYMENT
573,"Greetings, The download link gvies a blank white screen instead of the file.",TECHNICAL_ISSUE
7834,"The verification step keeps failing when I try to sign in, since the latest update.",ACCOUNT_ACCESS
4403,I would love to see an integration with Zapier,FEATURE_REQUEST
2833,"Good afternoon, Do you have a tutorial on how to link my account to Slack?",HOW_TO_SUPPORT
6908,"Hello, is anyone there?",OTHER
6431,"Good afternoon, The two-factor code is rejected every time I try to sign in.",ACCOUNT_ACCESS
6363,"Hello support, Do you have any security certifications? Please help.",OTHER
6199,The reset link does nothing when I clcik it.,ACCOUNT_ACCESS
9811,"Hi team, The autosave is broken and my work was lost since last night. Please help.",TECHNICAL_ISSUE
2263,It would be nice to have authenticator app support. Let me know what to do.,FEATURE_REQUEST
4374,Product idea: let us duplicate an entire project.,FEATURE_REQUEST
9185,"Hey, Where is your company located?",OTHER
2535,The reset link does nothing when I click it. Let me know what to do.,ACCOUNT_ACCESS
9313,"Hi there, The page never finisehs loading and only shows a generic error message.",TECHNICAL_ISSUE
1109,Please add a calendar view to the admin console.,FEATURE_REQUEST
8101,"Add saved views please, it is missing from the dashboard.",FEATURE_REQUEST
7354,"Good morning, I cannot log in for the past few days.",ACCOUNT_ACCESS
8174,Where do I go in the inbox to change my integration settings?,HOW_TO_SUPPORT
6991,"Hello team, Can you explain how to create a template?",HOW_TO_SUPPORT
617,My bank shows a pending charge of $59.99 that I do not recognize.,BILLING_PAYMENT
4451,Suggestion: allow users to attach several files at once. Regards.,FEATURE_REQUEST
7523,"Hi, Could you tell me how to turn on email alerts",HOW_TO_SUPPORT
381,Where do I go in the analytics page to change my default dashboard?,HOW_TO_SUPPORT
3163,"Hey, Can someone explain how to use the inbox?",HOW_TO_SUPPORT
7079,Please add auto save to the inbox.,FEATURE_REQUEST
5619,The confirmation email never arrives in my inbox.,ACCOUNT_ACCESS
5972,"Good morning, Can you explain how to transfer ownership of a workspace?",HOW_TO_SUPPORT
6568,Can you help me regain acecss to my account? I cannot do my work.,ACCOUNT_ACCESS
2671,The team page shows a 502 bad gateway since last night. Please advise.,TECHNICAL_ISSUE
3927,"Hey, Can I get a call back from someone on your team?",OTHER
466,"Hello support, I cannot log in for two days.",ACCOUNT_ACCESS
559,"Good afternoon, I cannot log in after turning on two-factor authentication.",ACCOUNT_ACCESS
3338,Where can I find the export options?,HOW_TO_SUPPORT
6820,"Hello, My invitation link to join the team does not let me sign in.",ACCOUNT_ACCESS
7917,"Hey, I am unable to sign in to my account since Monday. Thanks.",ACCOUNT_ACCESS
5991,My account is disabled and I need to get in right now. Any help would be appreciated.,ACCOUNT_ACCESS
8645,"Hi, I need to update the billing address on my invoice.",BILLING_PAYMENT
4538,"Good morning, Just started using the product, need to know how to add a new team member.",HOW_TO_SUPPORT
4487,"Dear support team, How can I invite a member to my workspace?",HOW_TO_SUPPORT
6472,I would like more information before I create an account. Thanks.,OTHER
4347,Is there someone I can meet in person to talk about your product? Please advise.,OTHER
873,Can I get a call back from someone on your team? Please advise.,OTHER
7930,"Hi, Please add single sign-on for account security",FEATURE_REQUEST
4927,"Hi, Any documentation on how to set my working hours?",HOW_TO_SUPPORT
4311,There is an unknown charge of $120 from your company on my bank statement.,BILLING_PAYMENT
758,"Hi there, Where do I go in the admin console to change my integration settings? Regards.",HOW_TO_SUPPORT
213,Please forward this message to the right department. Thanks a lot,OTHER
6109,"Hi, Could you please implement login alerts by email in a coming update? Any help would be appreciated.",FEATURE_REQUEST
3346,I want a refund because I was billed after cancelling. Thank you.,BILLING_PAYMENT
7562,"Dear support team, Is there someone I can meet in person to talk about your product?",OTHER
9912,The download link gives a something went wrong message instead of the file.,TECHNICAL_ISSUE
9378,"Hi team, I got charged in the wrong currency for my annual plan",BILLING_PAYMENT
7276,Could you add an option to export project lists as PDF? Thank you.,FEATURE_REQUEST
5781,"Greetings, Can I get a call back from someone on your team? Please help.",OTHER
9522,"I cannot log into my account, it says the email address is not registered but I have used it before. Let me know what to do.",ACCOUNT_ACCESS
7381,Could you add templates to the task list?,FEATURE_REQUEST
550,"Good morning, I am trying to duplicate a project but I cannot find the option. Where is it?",HOW_TO_SUPPORT
9836,Is there a guide that shwos how to upload a company logo,HOW_TO_SUPPORT
2734,"Hey, Could you please implement an option to log out all devices in a coming update? Thanks a lot.",FEATURE_REQUEST
27,"Tehre is a mistake in my latest invoice, the total does not match the plan price. Thanks a lot.",BILLING_PAYMENT
6342,Can I get a call back from somoene on your team,OTHER
2464,"Hi team, I cnanot log in on my iPad.",ACCOUNT_ACCESS
843,"dear support team, i have some questions about your company before i proceed. any help would be appreciated.",OTHER
8758,I would like instructions on how to upload a company logo.,HOW_TO_SUPPORT
9271,"Payment status says pending for days, and my subscription is still not active. Please respond soon.",BILLING_PAYMENT
2242,I saw your ad and want to learn more. Please respond soon.,OTHER
7633,"Greetings, The workspace is very slow and keeps freezing on my work computer.",TECHNICAL_ISSUE
8376,"Dear support team, I upgraded my plan but the charge shows the wrong amount. Thanks in advance",BILLING_PAYMENT
1217,"Hi there, I am unable to sign in to my account since last night.",ACCOUNT_ACCESS
8080,"Hello team, Please reset my account access, I cannot get past the login screen.",ACCOUNT_ACCESS
5935,My card was charged three times for June. Any help would be appreciated.,BILLING_PAYMENT
7678,Please add login alerts by email for account security.,FEATURE_REQUEST
8497,"I have been overcharged for my annual plan, please look into my billing. Please respond soon.",BILLING_PAYMENT
1336,"Good morning, I am trying to link my account to Slack but I cannot find the option. Where is it?",HOW_TO_SUPPORT
467,The two-factor code is rejected eevry time I try to sign in. Let me know what to do.,ACCOUNT_ACCESS
3391,Uploading a Excel file gets stuck at zero percent and never finishes.,TECHNICAL_ISSUE
3499,It would be helpful if the admin console supported bulk actions.,FEATURE_REQUEST
4875,"Good morning, How can I create a custom report?",HOW_TO_SUPPORT
460,"Hello support, Product idea: let us add custom fields to every project.",FEATURE_REQUEST
3943,Please consider adding a way to duplicate an entire project. Thanks in advance.,FEATURE_REQUEST
1776,I got charged in the wrong currency for my Team plan. Thanks in advance,BILLING_PAYMENT
2970,"Hello support, Please add a mobile widget to the profile page. Let me know what to do.",FEATURE_REQUEST
7911,Notifications are not being delivered to my phone. Any help would be appreciated.,TECHNICAL_ISSUE
1957,Any documentation on how to share a dashboard with a client?,HOW_TO_SUPPORT
8951,"Hello, Thakns for the great support last week!",OTHER
4006,The app crashes evrey time I try to sync.,TECHNICAL_ISSUE
3496,"Hi team, I am not sure who to ask about this",OTHER
1214,"Dear support team, It would improve my workflow if I could add comments to reports. Thanks a lot.",FEATURE_REQUEST
7393,I would like the option to attach several files at once in a future release.,FEATURE_REQUEST
474,"Dear support team, I cannot log in afetr the latest update.",ACCOUNT_ACCESS
7111,Any plans to support Japanese in the interface?,FEATURE_REQUEST
2289,I have a general inqiury that does not fit any of the topics.,OTHER
846,I would like to know who I should contact regarding a collaboration. Thanks a lot.,OTHER
7828,"Good afternoon, Do you have any security certifications?",OTHER
3296,"Hello support, The exported Excel file is corrupted and cannot be opened. Thanks.",TECHNICAL_ISSUE
6270,The notifications panel is very slow and keeps freezing on my MacBook.,TECHNICAL_ISSUE
2436,"Hey, The SMS code never arrives in my inbox. Any help would be appreciated.",ACCOUNT_ACCESS
6549,"Good morning, Please get back to me when you can, I have a few questions.",OTHER
6058,"Hi there, Everything on the dashboard is loading extremely slowly for two days.",TECHNICAL_ISSUE
5235,Images are not displaying correctly on the settings page in Safari.,TECHNICAL_ISSUE
9374,It would be great if we could duplicate an entire project.,FEATURE_REQUEST
9608,"Dear support team, Images are not displaying correctly on the calendar in Safari.",TECHNICAL_ISSUE
3575,"Hi there, Where can I change my report templates?",HOW_TO_SUPPORT
6862,I was charged $99 this quarter but I expected a different amount.,BILLING_PAYMENT
3315,"Hi team, Can you walk me through how to delete a workspace? Any help would be appreciated.",HOW_TO_SUPPORT
4644,"Hey, Do you have a tutorial on how to invite a member to my workspace?",HOW_TO_SUPPORT
7760,Do you have any sceurity certifications?,OTHER
5044,Do you have a tutorial on how to change the date format?,HOW_TO_SUPPORT
3580,"Dear support team, I wish the settings page had dark mode. Thanks in advance.",FEATURE_REQUEST
4007,"Hey, File uploads stay sutck at zero percent.",TECHNICAL_ISSUE
4370,Where can I change my default dashboard?,HOW_TO_SUPPORT
8942,"Good morning, The API returns a server error when I call the endpoint",TECHNICAL_ISSUE
1650,Please let us export invoices to PDF. Thank you.,FEATURE_REQUEST
159,It would improve my workflow if I could set reminders on tasks. Please help.,FEATURE_REQUEST
4292,"Hello team, Where is your company located? Please advise.",OTHER
9037,"Hello team, I am getting a message that my account is temporarily locked, please help me get in. Please help.",ACCOUNT_ACCESS
8030,I need a corrected invoice with our new company address. Thanks.,BILLING_PAYMENT
6925,"Hi, Are you planning to release custom themes in the future? Thanks in advance.",FEATURE_REQUEST
9450,Any documentation on how to change the date format?,HOW_TO_SUPPORT
9994,"Hi team, I am a student working on a school project about your product, who can I talk to",OTHER
835,"I am new here, how do I change the language of the interface? Thank you",HOW_TO_SUPPORT
1679,Can you send me an invoice for the $249 payment?,BILLING_PAYMENT
5822,"hi there, what are the steps to create a template?",HOW_TO_SUPPORT
9553,"Hi there, I was charged $29 for a plan I never upgraded to.",BILLING_PAYMENT
439,Do you have a tutorial on how to change the language of the interface?,HOW_TO_SUPPORT
814,I cannot access my notifications panel because it says I do not have permission.,ACCOUNT_ACCESS
2386,"Hi team, Is it possible to transfer ownership of a workspace? I cannot find where. Thanks.",HOW_TO_SUPPORT
6292,"Hey, I was removed from the workspace by mistake and cannot get back in.",ACCOUNT_ACCESS
5673,I would like to get in touch with a manager. Regards.,OTHER
869,"Hey, An option for custom themes would make the product much better.",FEATURE_REQUEST
1193,I need to change the credit card used for my subscription payments. Any help would be appreciated.,BILLING_PAYMENT
9524,I am not able to log in from my MacBook but it works on my computer. Thanks in advance.,ACCOUNT_ACCESS
6205,I would like to speak with a sales representative about enterpirse options.,OTHER
2154,Can you recommend which team I should contact for my request? Thanks.,OTHER
7801,"Add version history please, it is missing from the profile page.",FEATURE_REQUEST
5923,"Good morning, Could you add custom filters to the notifications panel?",FEATURE_REQUEST
2358,"Good morning, My card was charged three times yesterday.",BILLING_PAYMENT
7179,I am trying to set my working hours but I cannot find the option. Where is it?,HOW_TO_SUPPORT
3293,"Hi team, I want to report something that does not fit any category. Please respond soon.",OTHER
9360,Buttons on the team page do not respond when I click them.,TECHNICAL_ISSUE
3387,Can someone contact me about an issue? Regards.,OTHER
6036,"Hi there, Not sure how to make a teammate an admin, can you point me to the right help article?",HOW_TO_SUPPORT
7199,"Hello, Pelase get back to me when you can, I have a few questions.",OTHER
3180,"Good afternoon, Why is my account locked? I need to get in right now. Thanks a lot.",ACCOUNT_ACCESS
9751,"Hello support, Product idea: let us tag items with labels.",FEATURE_REQUEST
924,A pop up with a generic error message appears every time I try to delete.,TECHNICAL_ISSUE
147,"Good afternoon, I cannot access my reports page because it says I do not have permission.",ACCOUNT_ACCESS
3076,Why is my account suspended? I need it restored as soon as possible.,ACCOUNT_ACCESS
6489,Where do I go in the analytics page to change my time zone settings?,HOW_TO_SUPPORT
8140,Feature request: the ability to use the product without an internet connection.,FEATURE_REQUEST
4297,The payment page rejects my card and I cannot renew my annual plan.,BILLING_PAYMENT
3731,The system says the PNG image format is not suppotred even though it is valid.,TECHNICAL_ISSUE
9849,"Dear support team, Can someone contact me about an issue?",OTHER
5622,"Good afternoon, What are the steps to change the date format",HOW_TO_SUPPORT
1379,Please add support for exporting to Google Sheets and also keyboard shortcuts.,FEATURE_REQUEST
2412,"Good afternoon, It would improve my workflow if I could use the product without an internet connection.",FEATURE_REQUEST
2033,Everything on the profile page is loading extremely slowly an hour ago.,TECHNICAL_ISSUE
5008,"Good afternoon, I got a new phone and my authenticator app no longer works, so I cannot log in. Thanks a lot.",ACCOUNT_ACCESS
5861,could you add an undo button to the workspace?,FEATURE_REQUEST
8666,"Hi team, I cannot log in after changing my email address.",ACCOUNT_ACCESS
4690,Would you consider adding a Zapier connection to your product? Please advise.,FEATURE_REQUEST
2415,I cannot log in for a week. Regards.,ACCOUNT_ACCESS
4571,"Good afternoon, I cannot log into my account, it says the email address is not registered but I have used it before. Please advise.",ACCOUNT_ACCESS
3096,"Good afternoon, Is it possible to update my profile picture? I cannot find where",HOW_TO_SUPPORT
2706,"Hello team, Please send weekly email digests to my inbox automatically, it would help a lot",FEATURE_REQUEST
6121,I am getting a something went wrong message whenever I open the settings page.,TECHNICAL_ISSUE
2105,Can you tell me more about your privacy policy? Thanks in advance.,OTHER
5636,"The invoice shows the wrong company name, please corrcet it.",BILLING_PAYMENT
3996,i am not able to log in from my android phone but it works on my computer. regards.,ACCOUNT_ACCESS
4203,The two-factor code is rejected every time I try to sign in.,ACCOUNT_ACCESS
8969,It would be helpful if the profile page supported a favorites list.,FEATURE_REQUEST
7805,"Hello, The export button does nothing on the profile page.",TECHNICAL_ISSUE
1034,It would be helpful if the reports page supported bulk actions,FEATURE_REQUEST
7251,"Hello, An option for keyboard shortcuts would make the product much better. Thanks.",FEATURE_REQUEST
7684,"Hello, I am unable to sign in to my account for the past few days.",ACCOUNT_ACCESS
5460,"Hi team, I am not able to log in from my Android phone but it works on my computer. Thanks a lot.",ACCOUNT_ACCESS
3356,"I am new here, how do I update my profile picture? Thank you.",HOW_TO_SUPPORT
3893,How do I merge duplicate entries?,HOW_TO_SUPPORT
5034,"Hi there, I am getting a 502 bad gateway whenever I open the notifications panel.",TECHNICAL_ISSUE
8500,I am getting a timeout erorr whenever I open the calendar.,TECHNICAL_ISSUE
8083,"I think I sent this to the wrong place, who is the right contact? Please respond soon.",OTHER
4427,How do I use the team page to update my profile picture? Let me know what to do.,HOW_TO_SUPPORT
6203,I changed my phone number and now I cannot get the login code. Any help would be appreciated.,ACCOUNT_ACCESS
5278,"Hello, Account recovery is not working, the SMS code is not being sent.",ACCOUNT_ACCESS
6082,The autosave is broken and my work was lost since this morning.,TECHNICAL_ISSUE
1129,The mobile app closes immediately after opening on my Android phone. Any help would be appreciated.,TECHNICAL_ISSUE
1387,Which page lets me manage my profile information?,HOW_TO_SUPPORT
452,The reset link does nothing when I click it. Please respond soon.,ACCOUNT_ACCESS
8968,"Hello, I do not have access to my old email address and need to recover my account.",ACCOUNT_ACCESS
5441,I would like a refund for the $59.99 charge for my annual plan. Regards.,BILLING_PAYMENT
1359,"Hey, I was charged $24.99 for June but I expected a different amount.",BILLING_PAYMENT
2569,"Greetings, The verification step keeps failing when I try to sign in, an hour ago.",ACCOUNT_ACCESS
7630,I am writing to ask aobut internship opportunities.,OTHER
8159,"I never received the security code, I already checked my spam folder. Please advise.",ACCOUNT_ACCESS
6561,The payment page rejects my card and I cannot rneew my annual plan.,BILLING_PAYMENT
2108,can you explain how to assign a task to a colleague? regards.,HOW_TO_SUPPORT
1909,i upgraded my plan but the charge shows the wrong amount. please help.,BILLING_PAYMENT
6024,"Greetings, Add bulk actions please, it is missing from the team page.",FEATURE_REQUEST
5826,"Hello, I cannot log into my account, it says the email address is not registered but I have used it before.",ACCOUNT_ACCESS
7517,"Just started using the product, need to know how to set up a recurring report.",HOW_TO_SUPPORT
1411,"Hey, My account is suspended and I need it restored as soon as possible.",ACCOUNT_ACCESS
9466,I need a receipt for my payment on the frist of the month for tax purposes.,BILLING_PAYMENT
8118,"Unable to sign in on Opera, it just keeps reloading the login page.",ACCOUNT_ACCESS
224,my rneewal payment failed and now my subscription shows as past due.,BILLING_PAYMENT
3689,"Hello team, Why was I billed $49 when my plan should be cheaper? Any help would be appreciated.",BILLING_PAYMENT
5897,"Not sure how to upload a company logo, can you point me to the right help article",HOW_TO_SUPPORT
384,"Greetings, Account recovery is not working, the magic link is not being sent.",ACCOUNT_ACCESS
8104,"Hi team, I cannot recover my account because the security questions are not working.",ACCOUNT_ACCESS
3836,I cannot log in after the latest update. Thank you.,ACCOUNT_ACCESS
1677,Can I get a call back from someone on your team? Let me know what to do,OTHER
1798,"Hi, Plaese get back to me when you can, I have a few questions",OTHER
249,I am not able to log in from my Windows laptop but it works on my computer. Please help.,ACCOUNT_ACCESS
2715,"hello support, which page lets me manage my profile information?",HOW_TO_SUPPORT
3591,"Hey, The two-factor code is rejected every time I try to sign in. Thanks",ACCOUNT_ACCESS
8260,everything works on my computer but the project board crashes on my iphone.,TECHNICAL_ISSUE
362,Could someone give me an oevrview of what your company does?,OTHER
1497,Please forward this message to the careers team. Thank you.,OTHER
4345,Do you have a tutorial on how to import contacts from a CSV file? Any help would be appreciated.,HOW_TO_SUPPORT
300,"Good afternoon, Can you send me an invoice for the $249 payment? Any help would be appreciated.",BILLING_PAYMENT
519,Is it possible to make a teammate an admin? I cannot find where.,HOW_TO_SUPPORT
4469,The admin console is very slow and keeps freezing on my Linux machine. Any help would be appreciated.,TECHNICAL_ISSUE
5487,My bank shows a pending charge of $149 that I do not recognize. Please advise.,BILLING_PAYMENT
6315,"Hi, Could you please implement login alerts by email in a coming update?",FEATURE_REQUEST
6525,"Good afternoon, My account has been disabled and I do not know why.",ACCOUNT_ACCESS
1772,"Hello team, Can you send me some information about what you offer?",OTHER
4181,whree do i go in the analytics page to change my report templates? any help would be appreciated.,HOW_TO_SUPPORT
9062,it would be great if we could restore deleted items from a trash folder.,FEATURE_REQUEST
9781,My bank shows a pneding charge of $120 that I do not recognize.,BILLING_PAYMENT
8761,"Hi team, Please credit my account for the payment error this week.",BILLING_PAYMENT
536,"Good afternoon, My invitation link to join the team does not let me sign in. Please advise.",ACCOUNT_ACCESS
6522,How do I use the profile page to duplicate a project? Please respond soon.,HOW_TO_SUPPORT
8862,I would like to know who I should cnotact regarding a collaboration,OTHER
5010,"Greetings, I would like to get in touch with a manager",OTHER
9031,Could you add dark mode to the project board?,FEATURE_REQUEST
9740,"Hi team, Please add IP allow listing for account security.",FEATURE_REQUEST
2410,someone changed my password and i no lnoger have access to my account.,ACCOUNT_ACCESS
8226,Where do I go in the analytics page to change my privacy settings?,HOW_TO_SUPPORT
3754,"Hello team, My bank shows a pending charge of $9.99 that I do not recognize. Please advise.",BILLING_PAYMENT
2963,Please show me how to share a dashboard with a client.,HOW_TO_SUPPORT
7884,I would like to get in touch with the careers team. Any help would be appreciated.,OTHER
8905,"Hello support, Is your service available in Japan?",OTHER
2401,"Hi team, Are you currently hiring?",OTHER
992,"Good morning, Could you tell me how to download a report?",HOW_TO_SUPPORT
1646,Any documentation on how to change my password from the settings page?,HOW_TO_SUPPORT
9785,"Hi, I was billed EUR 39 twcie for the same subscription",BILLING_PAYMENT
6902,"Good afternoon, Do you offer any events or webinars",OTHER
6064,i cannot log in after the latest update. any help would be appreciated.,ACCOUNT_ACCESS
9896,Why did the price of my Enterprise plan go up?,BILLING_PAYMENT
6702,The profile page is very slow and keeps freezing on my tablet,TECHNICAL_ISSUE
8565,"Dear support team, Everything works on my computer but the workspace crashes on my iPhone.",TECHNICAL_ISSUE
3271,Please add Arabic language support. Please advise.,FEATURE_REQUEST
8861,"Dear support team, I represent a media outlet and want to reach out to the press team.",OTHER
4612,"Hey, I wish the admin console had a favorites list.",FEATURE_REQUEST
6229,I am trying to duplicate a project but I cannot find the option. Where is it,HOW_TO_SUPPORT
8132,My account is disabled and I cannot reach my data.,ACCOUNT_ACCESS
2504,Product idea: let us restore deleted items from a trash folder.,FEATURE_REQUEST
1372,Can you walk me through how to pirnt a report? Regards.,HOW_TO_SUPPORT
9996,Any documentation on how to change my notification settings? Thank you.,HOW_TO_SUPPORT
2798,"Good morning, The coupon code did not apply at checkout and I was charged the full price. Thanks a lot.",BILLING_PAYMENT
7712,Why was I billed $99 when my plan should be cheaper?,BILLING_PAYMENT
5917,The page shows an unexpected something went wrong message when I save my profile.,TECHNICAL_ISSUE
2041,"Good afternoon, My account is disabled and I have a deadline today.",ACCOUNT_ACCESS
7829,"Greetings, It would be great to have saved views in the rpeorts page",FEATURE_REQUEST
7797,"Hey, Is there someone I can meet in person to talk about your product? Please help.",OTHER
3666,"I never received the login code, I already checked my spam folder",ACCOUNT_ACCESS
752,My username is not recognized on the login page. Thanks in advance.,ACCOUNT_ACCESS
4064,"Hi, I would like to get in touch with a manager. Thanks a lot",OTHER
4131,"Hi team, I cancelled my subscription weeks ago and you still took money from my account.",BILLING_PAYMENT
6202,"hello support, do you have a tutorial on how to delete a workspace? please advise.",HOW_TO_SUPPORT
11,File uploads stay stuck at zero percent.,TECHNICAL_ISSUE
8339,The search page does not display anything after the latest update.,TECHNICAL_ISSUE
7792,I would love to see an integration with Dropbox. Please help.,FEATURE_REQUEST
3044,"Good afternoon, It would be useful to receive biweekly team updates by email.",FEATURE_REQUEST
1455,"Hi, Could you please implement an option to log out all devices in a coming update? Regards.",FEATURE_REQUEST
4545,It would improve my workflow if I could customize the dashboard layout.,FEATURE_REQUEST
3316,"Hello team, Not sure how to change my notification settings, can you point me to the right help article",HOW_TO_SUPPORT
3245,How do I use the notifications panel to set up my workspace for the first time,HOW_TO_SUPPORT
7672,"Please send quarterly email digests to my inbox automatically, it would help a lot.",FEATURE_REQUEST
2457,"Dear support team, There is a misatke in my latest invoice, the total does not match the plan price.",BILLING_PAYMENT
7867,Please send an invoice for my latest Team subscription payment.,BILLING_PAYMENT
7439,I was charged $49 last month but I expected a different amount.,BILLING_PAYMENT
3031,"dear support team, i saw your ad and want to learn more.",OTHER
6031,"Good morning, Can I get a call back from someone on your team?",OTHER
8945,It would be great to have a compact layout in the billing page.,FEATURE_REQUEST
5399,"Hello support, Login fails on Brave with an authentication failed message. Thank you.",ACCOUNT_ACCESS
3108,"Hi team, Where can I find the profile information? Let me know what to do.",HOW_TO_SUPPORT
886,"Hi team, My credit card was declined but my bank says there is no problem.",BILLING_PAYMENT
7716,I cnanot sign in with my Google account anymore.,ACCOUNT_ACCESS
5018,The system says the Excel file format is not supported even though it is valid. Thanks a lot.,TECHNICAL_ISSUE
3741,"Good afternoon, What is the easiest way to add a new team member?",HOW_TO_SUPPORT
7848,"good morning, test message, please ignore. regards.",OTHER
937,"good afternoon, please add support for exporting to google sheets and also a calendar view.",FEATURE_REQUEST
6235,The password reset email takes forever to arrive and then it has expired. Please help.,ACCOUNT_ACCESS
7041,What is the easiest way to download a report?,HOW_TO_SUPPORT
8540,I would like a refund for the $9.99 charge this week.,BILLING_PAYMENT
4010,"Dear support team, Any documentation on how to change the date format?",HOW_TO_SUPPORT
309,"Dear support team, Scheduled reports are not running at the set time.",TECHNICAL_ISSUE
1561,Do you have a tutorial on how to change my time zone? Please respond soon.,HOW_TO_SUPPORT
4229,The payment page rejects my card and I cannot renew my Pro plan. Thanks a lot.,BILLING_PAYMENT
4778,"Hi team, Could someone give me an overview of what your company does? Please advise.",OTHER
1334,The security code never arrives in my inbox.,ACCOUNT_ACCESS
2726,"Dear support team, I want to switch to annual billing to get the discount, how is the payment handled?",BILLING_PAYMENT
6559,"Hi team, The share button does nothing on the project board. Let me know what to do.",TECHNICAL_ISSUE
6700,"Not sure how to rename a project, can you point me to the right help article",HOW_TO_SUPPORT
2294,"Hello team, I have a questoin about your service.",OTHER
308,"Dear support team, Can you recommend which team I should cnotact for my request?",OTHER
3282,Can I get a call back from someone on your team? Please respond soon.,OTHER
4951,It would be useful to receive biweekly progress reports by email. Thank you.,FEATURE_REQUEST
9357,"Good afternoon, I cannot log in after changing my email address.",ACCOUNT_ACCESS
3828,"Hello support, I cancelled my subscription weeks ago and you still took money from my account. Please respond soon.",BILLING_PAYMENT
4209,It would be great if we could mark items as favorites.,FEATURE_REQUEST
9164,"Not sure how to change my password from the settings page, can you point me to the right help article?",HOW_TO_SUPPORT
7580,"hey, the billing page shows a 502 bad gateway since this morning. any help would be appreciated.",TECHNICAL_ISSUE
3590,the inbox becomes blank when i upload a video file.,TECHNICAL_ISSUE
8780,Can you build dark mode into the admin console? Many users would benefit.,FEATURE_REQUEST
5168,My bank shows a pending charge of $19 that I do not recognize. Thanks.,BILLING_PAYMENT
7158,The system says the ZIP file format is not supported even though it is valid. Any help would be appreciated.,TECHNICAL_ISSUE
2322,my account has been suspended and i do not know why. please respond soon.,ACCOUNT_ACCESS
4560,I have a general inquiry that does not fit any of the topics. Thank you.,OTHER
3525,Why did the price of my Enterprise plan go up? Let me know what to do.,BILLING_PAYMENT
9463,"Good morning, I cannot sign in with my Google account anymore",ACCOUNT_ACCESS
4100,"hi, please send an invoice for my latest pro subscription payment. any help would be appreciated.",BILLING_PAYMENT
6620,"Hello, Not sure how to share a dashboard with a client, can you point me to the right help article?",HOW_TO_SUPPORT
2385,I cannot recover my account because the security questions are not working. Thanks a lot,ACCOUNT_ACCESS
1855,"Good afternoon, I have a question about your service. Thanks a lot",OTHER
5847,"Dear support team, The payment page rejects my card and I cannot renew my monthly plan.",BILLING_PAYMENT
49,What are your business hours? Any help would be appreciated.,OTHER
1964,"Hello, Any documentation on how to set up my workspace for the first time?",HOW_TO_SUPPORT
5521,"Please refund my last payment, I did not use the srevice at all.",BILLING_PAYMENT
3560,Uploading a video file gets stuck at 45 pecrent and never finishes.,TECHNICAL_ISSUE
5989,I was charged $59.99 for a plan I never upgraded to.,BILLING_PAYMENT
1164,"Greetings, I cannot log in after changing my email address.",ACCOUNT_ACCESS
8690,"Hey, Sign in with single sign-on fails and shows an unauthorized message. Please respond soon.",ACCOUNT_ACCESS
3095,The API returns a error code 403 when I call the endpoint. Thanks.,TECHNICAL_ISSUE
890,I cannot log in after resetting my password. Please advise.,ACCOUNT_ACCESS
7873,"Good morning, I am unable to sign in to my account for two days. Thanks in advance.",ACCOUNT_ACCESS
9136,"Hi team, Where do I go in the workspace to change my workspace name",HOW_TO_SUPPORT
6027,"Hello team, Payment status says pending for days, and my subscription is still not active.",BILLING_PAYMENT
6962,The submit button does nothing on the workspace.,TECHNICAL_ISSUE
3621,"Greetings, An option for a calendar view would make the product much better.",FEATURE_REQUEST
996,"Greetings, I would like to get in touch with your security team.",OTHER
4061,"Dear support team, I have a question about your service.",OTHER
5011,I would like instructions on how to find my activity history. Let me know what to do.,HOW_TO_SUPPORT
5540,My account is suspended and I need access urgently.,ACCOUNT_ACCESS
7891,"Good morning, I cannot recover my account because the security questions are not working.",ACCOUNT_ACCESS
3370,"Greetings, I would like a refund for the $59.99 charge on the first of the month.",BILLING_PAYMENT
5959,Would you consider adding a Dropbox connection to your product?,FEATURE_REQUEST
3352,"Hello team, There is an unknown charge of $19 from your company on my bank statement.",BILLING_PAYMENT
6484,There is an unknown charge of $24.99 from your company on my bank statement.,BILLING_PAYMENT
3056,"Good afternoon, Can someone explain how to use the reports page? Let me know what to do.",HOW_TO_SUPPORT
5938,"Good morning, My credit card was declined but my bank says there is no problem.",BILLING_PAYMENT
4137,"Good afternoon, Is there a guide that shows how to archive old projects?",HOW_TO_SUPPORT
3611,"Hi, I do not have access to my old eamil address and need to recover my account.",ACCOUNT_ACCESS
4018,The API returns a blank whtie screen when I call the endpoint.,TECHNICAL_ISSUE
7783,I paid for the Pro plan but my account still shows the free tier.,BILLING_PAYMENT
9258,"Hello support, I cannot log in after the latest update. Thanks a lot.",ACCOUNT_ACCESS
3906,"Hi, Can you build bulk actions into the search page? Many users would benefit.",FEATURE_REQUEST
6946,"Good afternoon, Can you walk me through how to pirnt a report?",HOW_TO_SUPPORT
4193,The API returns a server error when I call the endpoint. Thank you.,TECHNICAL_ISSUE
5349,It would be great to have custom themes in the profile page.,FEATURE_REQUEST
8332,"Hello support, I am stuck in a loop where the site asks me to verify my email again and again.",ACCOUNT_ACCESS
7101,I see a spinning loader that never finishes on the billing page. Let me know what to do.,TECHNICAL_ISSUE
8528,"Hi, I cannot log in for two days.",ACCOUNT_ACCESS
6283,The system says the PDF format is not supported even though it is valid.,TECHNICAL_ISSUE
7569,"Account recovery is not working, the one-time passocde is not being sent.",ACCOUNT_ACCESS
3275,"Greetings, I keep getting an invalid password messgae even though I am typing it correctly.",ACCOUNT_ACCESS
4873,"Hi team, My account is disabled and I have a deadline today.",ACCOUNT_ACCESS
870,How do I print a report? Regards.,HOW_TO_SUPPORT
9457,My account is frozen and I cannot do my work.,ACCOUNT_ACCESS
3017,Is it psosible to create a new project? I cannot find where.,HOW_TO_SUPPORT
9054,Do you support customers based in South Africa?,OTHER
6326,"greetings, i was charged eur 15 this month but i expected a different amount. any help would be appreciated.",BILLING_PAYMENT
8813,"Good afternoon, The payment page rejects my card and I cannot renew my Premium plan. Please advise.",BILLING_PAYMENT
4463,"Hi team, I am unable to sign in to my account for the past few days.",ACCOUNT_ACCESS
2482,"Greetings, Are you planning to release saved views in the future?",FEATURE_REQUEST
9465,Do you have a tutorial on how to share a dashboard with a client?,HOW_TO_SUPPORT
7243,What are the steps to assign a task to a colleague,HOW_TO_SUPPORT
1259,"Good afternoon, Can I know more about your service before deciding?",OTHER
951,Please stop future charges to my card and cancel my subscription. Thanks a lot.,BILLING_PAYMENT
4378,Feature request: the ability to see who viewed a shared report. Thanks in advance.,FEATURE_REQUEST
631,"Hello support, I want to report something that does not fit any category",OTHER
850,"Greetings, Login fails on Chrome with an authentication failed message.",ACCOUNT_ACCESS
7052,"i want to switch to annaul billing to get the discount, how is the payment handled? regards.",BILLING_PAYMENT
8966,The refresh button does nothing on the workspace. Please advise,TECHNICAL_ISSUE
9596,"Hey, I got charged in the wrong currency for my Enterprise plan.",BILLING_PAYMENT
1393,"Hello, I need to update the billing address on my invoice. Thanks.",BILLING_PAYMENT
8251,Please add two-factor authentication for account security. Thanks,FEATURE_REQUEST
952,Which page lets me manage my profile information? Please help,HOW_TO_SUPPORT
7049,I am unable to sign in to my account since last night. Any help would be appreciated.,ACCOUNT_ACCESS
6537,"Good afternoon, I wish the dashboard had saved views",FEATURE_REQUEST
3468,Why was I billed $9.99 when my plan should be cheaper,BILLING_PAYMENT
6454,"Good afternoon, The verification step keeps failing when I try to sign in, since Monday.",ACCOUNT_ACCESS
2292,"Hi there, My card was charged twice for March.",BILLING_PAYMENT
7055,i cannot access my inbox because it says i do not have permission. let me know what to do.,ACCOUNT_ACCESS
1722,"We really need a kanban view on the admin console, please consider it",FEATURE_REQUEST
426,Would you consider adding a Trello connection to your product?,FEATURE_REQUEST
6515,"Greetings, Would you consider adding a Outlook connection to your product? Regards.",FEATURE_REQUEST
2048,"Hi team, It would be nice to have passkey support. Thanks.",FEATURE_REQUEST
9861,Is there a guide that shows how to download a report,HOW_TO_SUPPORT
9644,It would improve my workflow if I could set reminders on tasks. Any help would be appreciated.,FEATURE_REQUEST
947,"Hello team, There is a bug where the workspace shows duplicate entries after I refresh. Thanks.",TECHNICAL_ISSUE
9700,Can you send me an invoice for the $9.99 payment? Thanks a lot.,BILLING_PAYMENT
7,My payment was successful but my subscription is still inactive.,BILLING_PAYMENT
7835,"We really need a search bar on the team page, please consider it.",FEATURE_REQUEST
5808,"Please unlock my account, I entered the wrong password several times. Please advise.",ACCOUNT_ACCESS
6678,The page shows an unexpected 502 bad gateway when I save my profile.,TECHNICAL_ISSUE
3880,"I never received the password reset email, I already checked my spam folder",ACCOUNT_ACCESS
8711,"Good morning, Would you consider adding a Asana connection to your product?",FEATURE_REQUEST
6628,"Dear support team, I got charged in the wrong currecny for my Basic plan.",BILLING_PAYMENT
5041,"Dear support team, The autosave is broken and my work was lost for two days. Thanks.",TECHNICAL_ISSUE
9620,"Dear support team, The app freezes when I try to submit a large ZIP file.",TECHNICAL_ISSUE
9460,What are the steps to add a comment to a task? Let me know what to do.,HOW_TO_SUPPORT
9108,I got charged in the wrong crurency for my Team plan.,BILLING_PAYMENT
5097,"Hello, The team page becomes blank when I upload a Word document.",TECHNICAL_ISSUE
8774,Plaese add support for exporting to JSON and also a mobile widget. Thanks,FEATURE_REQUEST
6936,Suggestion: allow users to set reminders on tasks. Thanks a lot.,FEATURE_REQUEST
9521,Do you have a tutorial on how to upload a company logo?,HOW_TO_SUPPORT
5219,Everything on the mobile app is loading extremely slowly since last night.,TECHNICAL_ISSUE
1333,"Hello, Login fails on Safari with an authentication failed message. Thank you.",ACCOUNT_ACCESS
1819,"Hello support, I was charged $99 this quarter but I expected a different amount.",BILLING_PAYMENT
8917,"Dear support team, Is your service available in Singapore",OTHER
1647,"Hey, Images are not displaying correctly on the task list in Opera",TECHNICAL_ISSUE
5193,I wish the reports page had a favorites list,FEATURE_REQUEST
4585,"Dear support team, The integration keeps disconnecting and shows an error each time. Please advise.",TECHNICAL_ISSUE
1405,Is your service available in Canada?,OTHER
1596,Is there a guide that sohws how to share a dashboard with a client?,HOW_TO_SUPPORT
866,Everything works on my computer but the team page crashes on my MacBook.,TECHNICAL_ISSUE
9267,I paid for the Team plan but my account still shows the free tier.,BILLING_PAYMENT
3758,"Hi there, I paid for the Basic plan but my account still shows the free tier.",BILLING_PAYMENT
4535,My card was charged twice yesterday.,BILLING_PAYMENT
1213,Text is cut off and overlapping on the profile page on my tablet.,TECHNICAL_ISSUE
168,"Hey, I see a spinning loader that never finishes on the reports page.",TECHNICAL_ISSUE
2043,"Hello support, I do not have access to my old email address and need to recover my account.",ACCOUNT_ACCESS
4992,Can you send me some information aobut what you offer?,OTHER
5342,Text is cut off and overlapping on the notifications panel on my work computer. Please help,TECHNICAL_ISSUE
6331,"Good afternoon, How can I invite a member to my workspace?",HOW_TO_SUPPORT
3723,My renewal payment failed and now my subscription shows as past due.,BILLING_PAYMENT
6305,Do you support customers based in Australia,OTHER
5648,"Please add a Dropbox integration, our whole team uses it.",FEATURE_REQUEST
8603,"Greetings, Everything works on my computer but the settings page crashes on my MacBook. Please help.",TECHNICAL_ISSUE
3102,"Hi, Could you add an optoin to export charts as PowerPoint?",FEATURE_REQUEST
4919,Can you explain how to pin a dashboard as my home page?,HOW_TO_SUPPORT
912,"Hi there, I have a general inquiry that does not fit any of the topics. Thanks a lot.",OTHER
2428,"Hi there, Can you walk me through how to rename a project? Thanks a lot.",HOW_TO_SUPPORT
7449,Please send an invoice for my latest Etnerprise subscription payment.,BILLING_PAYMENT
4389,How do I use the reports page to chagne the language of the interface?,HOW_TO_SUPPORT
2277,The reports page becomes blank when I upload a video file.,TECHNICAL_ISSUE
1590,The receipt email for my payment never arrived. Thanks a lot.,BILLING_PAYMENT
197,"Greetings, My credit card was declined but my bank says there is no problem. Thanks in advance.",BILLING_PAYMENT
7123,How do I remove a user from my team?,HOW_TO_SUPPORT
5331,my useranme is not recognized on the login page.,ACCOUNT_ACCESS
555,"Plesae unlock my account, I entered the wrong password several times.",ACCOUNT_ACCESS
3355,Uploading a PNG image gets stuck at 50 percent and never finishes. Please help.,TECHNICAL_ISSUE
1447,"Hello, Add offline mode please, it is missnig from the task list.",FEATURE_REQUEST
7609,Is it possible to chagne the language of the interface? I cannot find where,HOW_TO_SUPPORT
2749,I want to report something that does not fit any category. Thanks in advance.,OTHER
1916,"Hello, Please add French language support.",FEATURE_REQUEST
6982,"Good afternoon, I need a corrected invoice with our new company address.",BILLING_PAYMENT
351,"Test message, pelase ignore. Thanks.",OTHER
9582,My card was charged twice for March.,BILLING_PAYMENT
9087,"Hello team, My account has been suspended and I do not know why.",ACCOUNT_ACCESS
3019,"Greetings, I am writing to ask about internship opportunities. Please respond soon.",OTHER
1167,"Dear support team, The app crashes every time I try to delete.",TECHNICAL_ISSUE
2892,I paid for the Enterprise plan but my account still shows the free tier. Thank you.,BILLING_PAYMENT
6865,The system says the PDF format is not supported even though it is valid. Please advise.,TECHNICAL_ISSUE
575,"Hey, Please forward this message to a product specialist.",OTHER
8556,How can I set up a recurring report,HOW_TO_SUPPORT
4798,"Hi, My account has been deactivated and I do not know why.",ACCOUNT_ACCESS
4377,The app freezes when I try to import a large PDF. Thank you.,TECHNICAL_ISSUE
4750,"Hi team, I am unable to sign in to my account for two days.",ACCOUNT_ACCESS
1926,An option for auto save would make the product much better.,FEATURE_REQUEST
3136,The exported ZIP file is corrupted and cannot be opened. Please advise.,TECHNICAL_ISSUE
2236,The payment went through but I did not get a confrimation and my account is not upgraded.,BILLING_PAYMENT
1828,"Hi, Do you have a partnership program? Please respond soon.",OTHER
4074,The analytics page does not display anything after the latest update.,TECHNICAL_ISSUE
1194,I need to update the billing address on my invoice. Let me know what to do.,BILLING_PAYMENT
1720,"Good morning, Scheduled reports are not running at the set time. Thank you.",TECHNICAL_ISSUE
3213,"good afternoon, i am unable to sign in to my account an hour ago.",ACCOUNT_ACCESS
596,"Unable to sign in on Brave, it just keeps reloading the login page. Please advise.",ACCOUNT_ACCESS
7524,Is your service available in Australia?,OTHER
8674,I am not sure who to ask about this.,OTHER
1491,"Hello team, I was charged for extra saets that I did not add.",BILLING_PAYMENT
3112,"hey, why did the price of my basic plan go up?",BILLING_PAYMENT
1947,what are the steps to export my data?,HOW_TO_SUPPORT
4962,Could you tell me how to connect my calendar?,HOW_TO_SUPPORT
5786,"Account rceovery is not working, the magic link is not being sent.",ACCOUNT_ACCESS
7555,"Hi there, I wish the projcet board had a compact layout.",FEATURE_REQUEST
8564,"account recovery is not working, the login code is not benig sent. thanks a lot.",ACCOUNT_ACCESS
1200,"Dear support team, Is it possible to change the date format? I cannot find where.",HOW_TO_SUPPORT
3970,The API returns a somethnig went wrong message when I call the endpoint.,TECHNICAL_ISSUE
5422,"Greetings, Can you send me an invoice for the $9.99 payment?",BILLING_PAYMENT
7361,"Dear support team, Just started using the product, need to know how to pin a dashboard as my home page.",HOW_TO_SUPPORT
8713,"Good afternoon, Please add authenticator app support for account security.",FEATURE_REQUEST
1430,"Hi there, Please add an option to log out all devices for account security.",FEATURE_REQUEST
2145,"Good morning, It would be great if we could pin important items to the top.",FEATURE_REQUEST
5785,I get a something went wrong message when I try to print on the search page.,TECHNICAL_ISSUE
1171,"Hi there, The system says the Word document format is not supported even though it is valid",TECHNICAL_ISSUE
5733,"Good afternoon, Please let us export charts to Excel.",FEATURE_REQUEST
9591,I cannot access my workspace because it says I do not have permission. Please respond soon.,ACCOUNT_ACCESS
8971,"Hello support, My account was hacked and I cannot log in anymore.",ACCOUNT_ACCESS
4823,"Hello support, Please send an invoice for my latest monthly subscription payment. Thanks a lot.",BILLING_PAYMENT
7940,The page keeps refreshing by iteslf and I lose what I typed.,TECHNICAL_ISSUE
7272,I would like instructions on how to change my time zone.,HOW_TO_SUPPORT
7496,"Add a kanban view please, it is missing from the calendar",FEATURE_REQUEST
9,The dashboard becomes blank when I upload a PDF.,TECHNICAL_ISSUE
9278,"Dear support team, I changed my email address and now I cannot access my account.",ACCOUNT_ACCESS
5495,"Dear support team, My account was hacked and I cannot log in anymore.",ACCOUNT_ACCESS
8344,The autosave is broken and my work was lost since Monday. Any help would be appreciated.,TECHNICAL_ISSUE
7865,"Hi there, Please forward this message to the partnerships team",OTHER
4826,"Hi team, My card was charged twice yesterday.",BILLING_PAYMENT
6116,"Good morning, I want to leave general feedback about my experience. Thanks in advance.",OTHER
5562,Please add support for exporting to CSV and also version history,FEATURE_REQUEST
4174,"The site is down for me, I only see a timeout error.",TECHNICAL_ISSUE
6896,The team page becomes blnak when I upload a PDF.,TECHNICAL_ISSUE
3086,The sync button does nothing on the profile page. Thanks in advance.,TECHNICAL_ISSUE
3737,Which menu do I use to change the date format?,HOW_TO_SUPPORT
2488,"Not sure how to connect my calendar, can you point me to the right help article? Please advise.",HOW_TO_SUPPORT
3334,"Hello support, I want a refund because I was billed after cancelling. Please respond soon.",BILLING_PAYMENT
9554,"Greetings, I get a something went wrong message when I try to export on the notifications panel. Please advise.",TECHNICAL_ISSUE
6591,"Hello, Please show me how to use filters on the dashboard.",HOW_TO_SUPPORT
3675,I changed my phone number and now I cannot get the login code. Thanks in advance.,ACCOUNT_ACCESS
2590,Can someone epxlain how to use the task list?,HOW_TO_SUPPORT
1078,"My changes are not saved, the team page reverts to the old values.",TECHNICAL_ISSUE
240,Suggestion: allow users to restore deleted items from a trash folder.,FEATURE_REQUEST
4128,Are you currnetly hiring?,OTHER
3255,Please show me how to merge duplicate entries.,HOW_TO_SUPPORT
7374,"Hi there, The payment went through but I did not get a confirmation and my account is not upgraded.",BILLING_PAYMENT
4333,"Greetings, Sign in with single sign-on fails and shows an unauthorized message.",ACCOUNT_ACCESS
7664,"Hello, Can you build templates into the notifications panel? Many users would benefit.",FEATURE_REQUEST
5033,I was chraged after my free trial ended without any reminder.,BILLING_PAYMENT
9665,I was billed $14 twice for the same subscription. Regards,BILLING_PAYMENT
3594,"good morning, the page shows an unexpected generic error message when i save my profile. let me know what to do.",TECHNICAL_ISSUE
3243,Would you consider adding a Outlook connection to your product?,FEATURE_REQUEST
4258,Data I entered yesterday disappeared from the team page.,TECHNICAL_ISSUE
9870,Can you explain how to add a comment to a task?,HOW_TO_SUPPORT
8816,The refresh button does nothing on the inbox.,TECHNICAL_ISSUE
3253,"Account recovery is not working, the login code is not being sent. Thank you.",ACCOUNT_ACCESS
1051,Images are not displaying correctly on the notifications panel in Brave.,TECHNICAL_ISSUE
8782,I would like more information before I create an account. Thanks a lot.,OTHER
6293,"Dear support team, I am getting a message that my account is temporarily locked, please help me get in.",ACCOUNT_ACCESS
9344,"Hi there, The page shows an unexpected error 404 when I save my profile. Any help would be appreciated.",TECHNICAL_ISSUE
2699,"Hello team, Please credit my account for the payment error yesterday.",BILLING_PAYMENT
3633,"Greetings, The sync between my devices has stopped working.",TECHNICAL_ISSUE
1173,The import button does nothing on the search page.,TECHNICAL_ISSUE
6198,The calendar shows a generic error message since the latest update.,TECHNICAL_ISSUE
3569,Where do I go in the billing page to change my report templates,HOW_TO_SUPPORT
1667,The reports page becomes blank when I upload a PDF.,TECHNICAL_ISSUE
9568,"Hello team, I never received the login code, I already checked my spam folder.",ACCOUNT_ACCESS
1695,"Hello, The payment page rejects my card and I cannot renew my Enterprise plan.",BILLING_PAYMENT
4048,"I never received the SMS code, I already checked my spam folder.",ACCOUNT_ACCESS
9485,I have some questions about your company before I proceed. Thanks.,OTHER
9335,Charts on the notifications panel do not load.,TECHNICAL_ISSUE
8865,I would like a refund for the EUR 39 charge for my annaul plan.,BILLING_PAYMENT
9846,"Hello, I need to change the credit card used for my subscription payments.",BILLING_PAYMENT
1998,Charts on the search page do not load,TECHNICAL_ISSUE
405,I have a question aobut your service.,OTHER
5155,"Dear support team, I am not able to log in from my Android phone but it works on my computer.",ACCOUNT_ACCESS
7095,could you tell me how to set up a recurring report? thank you.,HOW_TO_SUPPORT
5452,"Greetings, Could you add a favorites list to the reports page?",FEATURE_REQUEST
510,What are the steps to link my account to Slack?,HOW_TO_SUPPORT
8984,Could you tell me how to link my account to Slack,HOW_TO_SUPPORT
3639,"Please refund my last payment, I did not use the service at all. Please advise.",BILLING_PAYMENT
7706,I am unable to sign in to my account for the past few days. Any help would be appreciated.,ACCOUNT_ACCESS
1804,"Hello team, Would you consider adding a Dropbox connection to your product?",FEATURE_REQUEST
5604,The login page keeps redirecting me back to the sign in screen. Please respond soon.,ACCOUNT_ACCESS
7775,It would be useful to receive monthly usage summaries by email. Thanks a lot,FEATURE_REQUEST
4186,Could you add custom themes to the inbox?,FEATURE_REQUEST
449,It would be great if we could duplicate an entire project. Thanks in advance.,FEATURE_REQUEST
290,Can you explain how to rename a project? Thanks in advance.,HOW_TO_SUPPORT
5130,I keep getting an invalid password message even though I am typing it correctly. Thank you,ACCOUNT_ACCESS
9641,"dear support team, please add two-factor authentication for account security.",FEATURE_REQUEST
7124,"Hello, Is there someone I can meet in person to talk about your product? Regards.",OTHER
7686,"Hi, The page keeps refreshing by itself and I lose what I typed.",TECHNICAL_ISSUE
2884,I was charged $249 this quarter but I expected a different amount.,BILLING_PAYMENT
7054,"Good morning, The magic link never arrives in my inbox.",ACCOUNT_ACCESS
5992,"Hey, Which page lets me manage my email preferences? Please advise.",HOW_TO_SUPPORT
5136,I cannot log in after resetting my password. Let me know what to do.,ACCOUNT_ACCESS
6990,Feature request: the ability to schedule reports in advance. Please respond soon.,FEATURE_REQUEST
6420,The billing page becomes blank when I upload a video file.,TECHNICAL_ISSUE
9631,"Good afternoon, I have been overcharged for March, please look into my billing.",BILLING_PAYMENT
2243,"Hello, There is an unknown charge of EUR 39 from your company on my bank statement. Thanks.",BILLING_PAYMENT
7558,"Add drag and drop please, it is missing from the admin console. Regards.",FEATURE_REQUEST
7811,Where do I go in the billing page to change my default dashboard?,HOW_TO_SUPPORT
8066,"Hi team, I need help but I am not sure which option applies.",OTHER
7130,"Hi, Sign in with single sign-on fails and shows an unauthorized message. Thanks in advance.",ACCOUNT_ACCESS
7099,My bank shows a pending charge of $149 that I do not recognize.,BILLING_PAYMENT
2426,"Hi, I cannot log into my account, it says the email address is not registered but I have used it before.",ACCOUNT_ACCESS
3032,The app freezes when I try to export a large spreadsheet. Let me know what to do.,TECHNICAL_ISSUE
5496,"Hello support, I downgraded to the monthly plan but I was still billed the higher price. Thanks a lot.",BILLING_PAYMENT
6536,I have a quetsion about your service.,OTHER
6877,"Dear support team, The payment page rejects my card and I cannot renew my Business plan.",BILLING_PAYMENT
4034,Everything on the search page is loading extremely slowly for a week.,TECHNICAL_ISSUE
2414,What is the easiest way to acrhive old projects?,HOW_TO_SUPPORT
5360,"Hi, Is there someone I can meet in person to talk about your product?",OTHER
8113,"Hi there, I am new here, how do I turn on email alerts? Thank you.",HOW_TO_SUPPORT
9967,"Hello team, Where do I go in the project board to change my language settings?",HOW_TO_SUPPORT
1082,Is your service available in France?,OTHER
7142,I lost my phone and cannot receive the verification code to sign in. Please advise.,ACCOUNT_ACCESS
2816,Could someone give me an overview of what your company does? Regards,OTHER
3936,Can you send me an ivnoice for the $24.99 payment? Please help,BILLING_PAYMENT
1237,What is the easiest way to change the date format? Let me know what to do.,HOW_TO_SUPPORT
4877,"Hello, I cannot log in after turning on two-factor authentication. Let me know what to do.",ACCOUNT_ACCESS
1208,Is there a guide that shows how to turn on email alerts?,HOW_TO_SUPPORT
897,Can you build an undo button into the notifications panel? Many users would benefit.,FEATURE_REQUEST
3861,Please credit my account for the payment error for June. Thanks a lot.,BILLING_PAYMENT
8525,I got charged in the wrong currency for my Premium plan.,BILLING_PAYMENT
2211,"Hi there, Can someone explain how to use the workspace",HOW_TO_SUPPORT
7624,Everything on the workspace is loading extremely slowly since yesterday,TECHNICAL_ISSUE
3246,"Account recovery is not working, the password reset email is not being sent. Thank you.",ACCOUNT_ACCESS
250,The payment page rejects my card and I cannot renew my Starter plan. Please help.,BILLING_PAYMENT
6223,which menu do i use to create a template?,HOW_TO_SUPPORT
8009,"Hi team, I downgraded to the Enterprise plan but I was still billed the higher price.",BILLING_PAYMENT
6462,"Good morning, I would like to speak with a sales representative about enterprise options.",OTHER
9085,The autosave is broken and my work was lost for two days. Regards,TECHNICAL_ISSUE
9055,"Test message, please ignore. Thanks a lot.",OTHER
8836,"Hi, Do you support custmoers based in Brazil?",OTHER
6247,It would improve my workflow if I could add comments to reports. Please help.,FEATURE_REQUEST
955,"Greetings, My card was charged twice for June.",BILLING_PAYMENT
6052,"Hi there, Can you send me an invoice for the $19 payment?",BILLING_PAYMENT
504,The project board becomes blank when I upload a video file.,TECHNICAL_ISSUE
6474,The password I creaetd during sign up is not accepted at login,ACCOUNT_ACCESS
9760,"Dear support team, Please stop future charges to my card and cancel my subscription",BILLING_PAYMENT
5693,"Hi there, It would be great if we could attach several files at once.",FEATURE_REQUEST
1425,i have some questions about your comapny before i proceed. thank you.,OTHER
6581,I would love to see an integration with Trello.,FEATURE_REQUEST
9792,"Dear support team, The login page keeps redirecting me back to the sign in screen.",ACCOUNT_ACCESS
7450,"Hello support, The magic link takes forever to arrive and then it has expired.",ACCOUNT_ACCESS
9756,"Hey, I cannot access my dashboard because it says I do not have permission.",ACCOUNT_ACCESS
7995,"Good morning, It would be useful to receive daily team updates by email.",FEATURE_REQUEST
6173,"Hi, I would like to get in touch with the careers team.",OTHER
7120,"Good morning, Are you currently hiring?",OTHER
1501,"Hi, It would be great to have bulk actions in the search page.",FEATURE_REQUEST
7606,"Hello team, Are you planning to release custom themes in the future?",FEATURE_REQUEST
8610,i am writing to ask about intrenship opportunities. regards.,OTHER
1994,Do you supoprt customers based in the UAE? Any help would be appreciated.,OTHER
5101,"Dear support team, Is there a guide that shows how to set my working hours? Any help would be appreciated.",HOW_TO_SUPPORT
2904,"Good afternoon, Could you add a compact layout to the workspace?",FEATURE_REQUEST
1291,Please add templates to the mobile app.,FEATURE_REQUEST
6710,"Hello team, Are you currently hiring? Any help would be appreciated.",OTHER
4592,"Hello support, I was billed GBP 12 twice for the same subscription.",BILLING_PAYMENT
3421,Can you help me regain access to my account? I need to get in right now. Any help would be appreciated.,ACCOUNT_ACCESS
372,There is an unknown charge of $14 from your company on my bank statement. Thank you.,BILLING_PAYMENT
1189,"Hi team, I want to report something that does not fit any category.",OTHER
6458,"Hi, Cahrts on the settings page do not load.",TECHNICAL_ISSUE
1416,"good morning, i forgot the email i used to register and cannot get into my account.",ACCOUNT_ACCESS
4283,do you have any security certifications? any help would be appreciated.,OTHER
6932,Please add single sign-on for account security. Let me know what to do.,FEATURE_REQUEST
1216,I was charged after my free trial ended without any reminder. Thanks.,BILLING_PAYMENT
6362,"Hey, It would be great if we could filter by date range",FEATURE_REQUEST
6927,"Dear support team, I cannot log into my account, it says the email address is not registered but I have used it before.",ACCOUNT_ACCESS
2602,"Dear support team, I would like instructions on how to set my working hours. Please respond soon.",HOW_TO_SUPPORT
8521,The exported PDF is corrupted and cannot be opened. Please respond soon,TECHNICAL_ISSUE
2381,"Greetings, I would love to see an integration with Google Drive.",FEATURE_REQUEST
1696,Which page lets me manage my integration settings? Thanks a lot.,HOW_TO_SUPPORT
9920,There is a bug where the team page shows duplicate entries after I delete. Let me know what to do.,TECHNICAL_ISSUE
7612,"We really need an undo button on the dashboard, please consider it.",FEATURE_REQUEST
188,Please add IP allow listing for account security. Thanks in advance,FEATURE_REQUEST
3041,"Good afternoon, Not sure how to link my account to Slack, can you point me to the right help article?",HOW_TO_SUPPORT
9489,A pop up with a 502 bad gateway appears every time I try to refresh.,TECHNICAL_ISSUE
585,"Hello team, Is there someone I can meet in person to talk about your product? Please respond soon.",OTHER
2007,The exported Word document is corrupted and cannot be opened.,TECHNICAL_ISSUE
3613,"Good morning, Plesae get back to me when you can, I have a few questions.",OTHER
1624,"The site is down for me, I only see a generic error message. Thank you.",TECHNICAL_ISSUE
4313,"Hello team, I think I sent this to the wrong place, who is the right contact? Please help.",OTHER
9434,"hi, i cannot log in after resetting my password.",ACCOUNT_ACCESS
5663,"Good afternoon, Hello, is anyone there? Let me know what to do.",OTHER
9839,"Hi, I have some questions about your company before I proceed.",OTHER
1366,Please show me how to add a comment to a task.,HOW_TO_SUPPORT
6253,Is your service available in Germany?,OTHER
4565,"Good morning, Please show me how to connect my calendar.",HOW_TO_SUPPORT
6557,"I am getting a message that my account is temporarily locked, please help me get in. Regards.",ACCOUNT_ACCESS
1999,My bank shows a pending charge of $99 that I do not recognize.,BILLING_PAYMENT
2440,It would improve my workflow if I could set custom roles for team members.,FEATURE_REQUEST
7955,"Hi team, Please add dark mode to the dashboard. Thanks a lot.",FEATURE_REQUEST
3712,Do you have any security certifications? Please advise.,OTHER
210,I would like a rfeund for the $49 charge this month.,BILLING_PAYMENT
7273,i was charged $120 for a plan i never upgraded to. any help would be appreciated.,BILLING_PAYMENT
8545,I get an access denied message when I try to open my workspace. Thanks,ACCOUNT_ACCESS
7430,I downgraded to the annual plan but I was still billed the higher price. Thanks in advance,BILLING_PAYMENT
8008,"Good afternoon, I got a new phone and my authenticator app no longer works, so I cannot log in.",ACCOUNT_ACCESS
807,"Good afternoon, My card was charged three times for June. Please help.",BILLING_PAYMENT
7008,Please add support for exporting to Google Sheets and also custom themes.,FEATURE_REQUEST
9004,"Hello team, It would be great if we could use the product without an internet connection. Thank you",FEATURE_REQUEST
4481,"I never received the verification email, I already checked my spam folder. Any help would be appreciated.",ACCOUNT_ACCESS
6022,"hi, my credit card was declined but my bank says there is no problem.",BILLING_PAYMENT
8859,"Good morning, I do not have access to my old email address and need to recover my account. Let me know what to do.",ACCOUNT_ACCESS
3304,"Hi, Thanks for the great support last week! Please advise.",OTHER
1598,"Good afternoon, The dashboard is very slow and keeps freezing on my iPad. Thanks.",TECHNICAL_ISSUE
1974,thanks for the great support last week! please advise.,OTHER
817,Please let us export contact lists to PowerPoint.,FEATURE_REQUEST
7959,"Good afternoon, I got a new phone and my authenticator app no longer works, so I cannot log in. Any help would be appreciated.",ACCOUNT_ACCESS
3162,"Greetings, There is an unknown charge of $149 from your company on my bank statement.",BILLING_PAYMENT
10,The application crashes when I click export.,TECHNICAL_ISSUE
6084,"Hi, The mobile app closes immediately after opening on my MacBook. Any help would be appreciated",TECHNICAL_ISSUE
7217,"Good morning, Do you have a partnership program? Let me know what to do.",OTHER
286,It would be useful to receive biweekly activity reports by email.,FEATURE_REQUEST
4423,"Greetings, I saw your ad and want to learn more. Let me know what to do.",OTHER
5066,Please forward this message to a product specialist.,OTHER
9006,The payment went through but I did not get a confirmation and my account is not upgraded.,BILLING_PAYMENT
8262,"Hello support, Can you build a calendar view into the profile page? Many users would benefit. Regards.",FEATURE_REQUEST
6847,"hey, product idea: let us pin important items to the top.",FEATURE_REQUEST
6392,"Not sure how to invite a member to my workspace, can you point me to the right help article?",HOW_TO_SUPPORT
2329,Would it be possible to duplicate an entire project? That would save us a lot of time. Thank you.,FEATURE_REQUEST
9039,"Hello team, My subscription renewed automatically and I did not want that, please refund me.",BILLING_PAYMENT
5704,"Good afternoon, Is there a guide that shows how to download a report?",HOW_TO_SUPPORT
2433,"Dear support team, I never received the magic link, I already checked my spam folder. Thanks in advance.",ACCOUNT_ACCESS
5943,I am getting a 502 bad gateway whenever I open the settings page.,TECHNICAL_ISSUE
3536,Data I entered yesterday disappeared from the analytics page.,TECHNICAL_ISSUE
8183,"Hey, The autosave is broken and my work was lost an hour ago.",TECHNICAL_ISSUE
1201,I upgraded my plan but the charge shows the wrong amount.,BILLING_PAYMENT
6744,"Hello, Any plans to support Sinhala in the interface?",FEATURE_REQUEST
4446,"Good morning, I would like the option to filter by date range in a future release.",FEATURE_REQUEST
4027,"Hello support, Not sure how to upload a company logo, can you point me to the right help article?",HOW_TO_SUPPORT
7249,Everything on the project board is loading extremely slowly since Monday.,TECHNICAL_ISSUE
6952,"Greetings, The download link gives a generic error message instead of the file. Thanks in advance",TECHNICAL_ISSUE
6157,"Hello, Could someone give me an overview of what your company does?",OTHER
9825,"dear support team, my subscription renewed automatically and i did not want that, please refund me. thank you.",BILLING_PAYMENT
6153,"Hi, I would like to get in touch with a manager.",OTHER
8029,Images are not displaying correctly on the reports page in Chrome.,TECHNICAL_ISSUE
6593,"Hi team, Can you help me regain access to my account? I need it restored as soon as possible.",ACCOUNT_ACCESS
665,"Add an undo button please, it is missing from the mobile app.",FEATURE_REQUEST
6570,"Hi, I changed my email address and now I cannot access my account. Please respond soon.",ACCOUNT_ACCESS
587,"I got a new phone and my authenticator app no longer works, so I cnanot log in.",ACCOUNT_ACCESS
3612,The payment went through but I did not get a confirmation and my account is not upgraded. Please advise.,BILLING_PAYMENT
8325,What are the steps to download a report? Thanks in advance.,HOW_TO_SUPPORT
6997,"Good afternoon, Scheduled reports are not running at the set time.",TECHNICAL_ISSUE
567,Feature request: the ability to add custom fields to every project. Regards.,FEATURE_REQUEST
1615,"Greetings, I would like the option to filter by date range in a future release.",FEATURE_REQUEST
5891,"Hi, The payment page rejects my card and I cannot renew my monthly plan.",BILLING_PAYMENT
1376,"Good afternoon, Can you walk me through how to restore a deleted file?",HOW_TO_SUPPORT
3908,It would be great to have a favorites list in the inbox.,FEATURE_REQUEST
3198,"Good morning, I cannot log in after turning on two-factor authentication. Regards.",ACCOUNT_ACCESS
5957,Images are not displaying correctly on the reports page in Opera. Regards.,TECHNICAL_ISSUE
5175,"Good morning, Test message, please ignore. Thanks.",OTHER
643,Which page lets me manage my profile information? Regards.,HOW_TO_SUPPORT
9543,"Hi team, Payment status says pending for days, and my subscription is still not active. Please advise.",BILLING_PAYMENT
492,I wish the settings page had bulk actions.,FEATURE_REQUEST
4977,It would improve my workflow if I could customize the dashboard layout. Let me know what to do,FEATURE_REQUEST
2752,"Good morning, The two-factor code is rejected every time I try to sign in. Thank you.",ACCOUNT_ACCESS
2515,"Hi, The password I created during sign up is not accepted at login. Let me know what to do.",ACCOUNT_ACCESS
4712,"Hello team, Please consider adding a way to schedule reports in advance.",FEATURE_REQUEST
9851,Please add Portuguese language support. Any help would be appreciated.,FEATURE_REQUEST
5803,I am trying to turn on email alerts but I cannot find the option. Where is it? Thanks.,HOW_TO_SUPPORT
3328,"Hi team, The autosave is broken and my work was lost since yesterday. Please respond soon.",TECHNICAL_ISSUE
5077,I would like a refund for the EUR 15 charge this month. Please advise.,BILLING_PAYMENT
8048,"Dear support team, The site is down for me, I only see a error 404.",TECHNICAL_ISSUE
6471,It would be useful to receive biweekly usage summaries by email.,FEATURE_REQUEST
6230,I cannot sign in with my Google account anymore. Thanks.,ACCOUNT_ACCESS
2546,I was charged GBP 12 for March but I expected a different amount.,BILLING_PAYMENT
641,"Good morning, I am a student working on a school project about your product, who can I talk to?",OTHER
8326,Video previews will not play in the dashboard.,TECHNICAL_ISSUE
2908,"Hello support, Not sure how to create a custom report, can you point me to the right help article?",HOW_TO_SUPPORT
844,Would you consider adding a Slcak connection to your product?,FEATURE_REQUEST
7561,The login page kepes redirecting me back to the sign in screen. Any help would be appreciated.,ACCOUNT_ACCESS
8722,Which page lets me manage my email preferences? Any help would be appreciated.,HOW_TO_SUPPORT
9347,"Greetings, How do I use the mobile app to set up a recurring report? Regards.",HOW_TO_SUPPORT
3475,"Please add a Trello integration, our whole team uses it. Please respond soon.",FEATURE_REQUEST
4863,I get an access denied message when I try to open my workspace. Let me know what to do.,ACCOUNT_ACCESS
4210,I got charged in the wrong currency for my Enterprise plan. Regards.,BILLING_PAYMENT
9573,"hello, please credit my account for the payment error on the first of the month.",BILLING_PAYMENT
826,"Hi, My invitation link to join the team does not let me sign in.",ACCOUNT_ACCESS
3855,"I want to switch to annual billing to get the discount, how is the payment handled? Thanks.",BILLING_PAYMENT
6795,"Dear support team, Why was I billed GBP 12 when my plan should be cheaper?",BILLING_PAYMENT
663,"Hi there, I need a receipt for my payment for March for tax purposes. Please advise.",BILLING_PAYMENT
7255,I have a question abuot your service.,OTHER
1762,"Hi team, Please add a GitHub integration, our whole team uses it. Please advise.",FEATURE_REQUEST
2648,Can you walk me through how to upload a company logo? Let me know what to do.,HOW_TO_SUPPORT
2117,"Hello, I am getting a messgae that my account is temporarily locked, please help me get in.",ACCOUNT_ACCESS
269,"Hello team, I never received the magic link, I already checked my spam folder.",ACCOUNT_ACCESS
4649,Is there a guide that shows how to print a report?,HOW_TO_SUPPORT
9717,"Greetings, Images are not displaying correctly on the analytics page in Brave.",TECHNICAL_ISSUE
9822,"Hi, I need help but I am not sure which option applies.",OTHER
3362,Is there someone I can meet in person to talk about your product? Let me know what to do.,OTHER
9911,"Hello support, Hello, is anyone there?",OTHER
4678,My account is frozen and I need to get in right now,ACCOUNT_ACCESS
5577,It would be helpful if the dashboard supported an undo button. Thanks in advance.,FEATURE_REQUEST
941,the application crashes when i click share.,TECHNICAL_ISSUE
5834,It would be helpful if the search page supproted a mobile widget.,FEATURE_REQUEST
5139,"Good morning, I want to leave general feedback about my experience.",OTHER
2922,Please forward this message to the careers team. Thanks.,OTHER
2942,"Hello support, Could someone give me an overview of what your company does? Thank you.",OTHER
7434,There is an unknown charge of $249 from your company on my bank statement.,BILLING_PAYMENT
7176,Could you add a search bar to the search page? Please help.,FEATURE_REQUEST
8187,"Hi there, I would like to speak with a sales representative about enterprise options.",OTHER
8223,"Hi there, I have a general inquiry that does not fit any of the topics. Please advise.",OTHER
8891,"Hi team, I got a new phone and my authenticator app no longer works, so I cannot log in.",ACCOUNT_ACCESS
6746,"Hi team, Please send an invoice for my latest Starter subscription payment",BILLING_PAYMENT
8105,The refresh button does nothing on the profile page.,TECHNICAL_ISSUE
2286,My credit card was declined but my bank says there is no problem. Thanks.,BILLING_PAYMENT
338,Please add support for exporting to CSV and also a search bar. Thanks.,FEATURE_REQUEST
8297,"Just started using the product, need to know how to upload a company logo. Thanks a lot.",HOW_TO_SUPPORT
3681,An option for version history would make the product much better.,FEATURE_REQUEST
2522,"Hey, Is your service available in South Africa?",OTHER
5694,"Hello support, The admin console is very slow and keeps freezing on my tablet",TECHNICAL_ISSUE
9991,"Hi there, How can I change the language of the interface? Regards",HOW_TO_SUPPORT
5472,"Hi, I am getting a messgae that my account is temporarily locked, please help me get in.",ACCOUNT_ACCESS
1890,The mobile app closes immediately after opening on my iPhone.,TECHNICAL_ISSUE
2676,"Hello, How did your compnay start? I am curious.",OTHER
1880,"Hello support, Please add a Notion integration, our whole team uses it.",FEATURE_REQUEST
3766,The VAT number is missing from my invoice. Please advise.,BILLING_PAYMENT
3480,Can you recommend which team I should contact for my request? Please help.,OTHER
7656,The dashboard numbers are wrong and do not match the raw data. Thank you.,TECHNICAL_ISSUE
660,Data I entered yesterday disappeared from the mobile app. Please respond soon.,TECHNICAL_ISSUE
7060,I want to report something that does not fit any category. Thank you,OTHER
3870,Please add custom filters to the mobile app.,FEATURE_REQUEST
893,"Hi there, The mobile app closes immediately after opneing on my tablet.",TECHNICAL_ISSUE
9170,"Good morning, Thank you for your help, everything is fine now.",OTHER
4889,"Greetings, Any plans to support Arabic in the interface? Please help",FEATURE_REQUEST
1597,"Good afternoon, Buttons on the team page do not respond when I click them. Please help.",TECHNICAL_ISSUE
4685,I am writing to ask abuot internship opportunities.,OTHER
642,The system says the PDF format is not supported even though it is valid. Please help.,TECHNICAL_ISSUE
1498,I am not able to log in from my work computer but it wroks on my computer. Let me know what to do,ACCOUNT_ACCESS
2364,"Good morning, I need to talk to someone but I do not know what to select. Regards.",OTHER
4114,The app crashes every time I try to sync.,TECHNICAL_ISSUE
6028,I need to talk to someone but I do not know what to select. Please help.,OTHER
9934,Feature request: offline mode. Let me know what to do.,FEATURE_REQUEST
1019,"Hi, Do you have a partnership program?",OTHER
423,The app freezes when I try to export a large PNG image.,TECHNICAL_ISSUE
6341,Are you planning to release temlpates in the future?,FEATURE_REQUEST
9565,My colleague left the company and I need access to the admin account.,ACCOUNT_ACCESS
9437,I would like the option to use the product without an internet connection in a future release. Regards.,FEATURE_REQUEST
2882,"hi there, i changed my phone number and now i cannot get the login code. thanks in advance.",ACCOUNT_ACCESS
1682,"greetings, it would be great if we could sort the list by multiple columns.",FEATURE_REQUEST
8052,Please add Portuguese language support.,FEATURE_REQUEST
584,I cancelled my subscription weeks ago and you still took money from my account,BILLING_PAYMENT
1449,Are you planning to release a compact layout in the future?,FEATURE_REQUEST
6134,"Hi, I want to report something that does not fit any category. Thanks.",OTHER
7183,"Hi, How do I use the workspace to upload a company logo",HOW_TO_SUPPORT
740,"Good morning, I am a sutdent working on a school project about your product, who can I talk to?",OTHER
6175,"Good morning, I cannot access my project board because it says I do not have permission. Please advise.",ACCOUNT_ACCESS
4952,"Hey, Please forward this message to your press team.",OTHER
86,The admin console shows a timeout error since the latest update.,TECHNICAL_ISSUE
7554,The autosave is broken and my work was lost since yesterday,TECHNICAL_ISSUE
2765,"Dear support team, I was charged EUR 39 for a plan I never upgraded to.",BILLING_PAYMENT
6722,My account is suspneded and I need it restored as soon as possible.,ACCOUNT_ACCESS
9024,Everything on the reports page is loading extremely slowly for the past few days.,TECHNICAL_ISSUE
7194,I am trying to pin a dashboard as my home page but I cannot find the option. Where is it? Thanks.,HOW_TO_SUPPORT
6510,"Greetings, I cannot log in since Monday",ACCOUNT_ACCESS
9713,Could you tell me how to create a csutom report?,HOW_TO_SUPPORT
4867,Data I entered yesterday disappeared from the reports page.,TECHNICAL_ISSUE
2637,I need to update the billing address on my invoice. Please help.,BILLING_PAYMENT
2125,"We really need dark mode on the analytics page, please consider it.",FEATURE_REQUEST
9995,The project board shows a generic error message since yesterday. Thanks in advance.,TECHNICAL_ISSUE
9556,"My changes are not saved, the inbox reverts to the old values.",TECHNICAL_ISSUE
9262,Please add a search bar to the search page.,FEATURE_REQUEST
8311,"Hey, Everything on the settings page is loading extremely slowly for a week.",TECHNICAL_ISSUE
7565,"Greetings, Not sure how to make a teammate an admin, can you point me to the right help article? Regards.",HOW_TO_SUPPORT
2094,I am trying to add a new team member but I cannot find the option. Where is it?,HOW_TO_SUPPORT
14,Could you add an option to export reports as Excel?,FEATURE_REQUEST
1873,"Greetings, Where can I find the team permissions?",HOW_TO_SUPPORT
9989,Data I entered yesterday disappeared from the billing page.,TECHNICAL_ISSUE
7427,Is there a guide that shows how to change my noitfication settings,HOW_TO_SUPPORT
9611,What is the easiest way to export my data?,HOW_TO_SUPPORT
3803,Video previews will not play in the project board. Regards.,TECHNICAL_ISSUE
1247,"Good afternoon, Why did the price of my Strater plan go up?",BILLING_PAYMENT
7651,"Good morning, Data I entered yesterday disappeared from the task list. Any help would be appreciated.",TECHNICAL_ISSUE
1893,A pop up with a error code 403 appears evrey time I try to export.,TECHNICAL_ISSUE
6037,"Good afternoon, The website does not work properly in Brave, but it is fine in another browser.",TECHNICAL_ISSUE
6542,"Dear support team, I get an access denied message when I try to open my workspace.",ACCOUNT_ACCESS
5626,"My changes are not saved, the billing page reverts to the old values. Regards.",TECHNICAL_ISSUE
2370,"Hey, Which menu do I use to change my time zone?",HOW_TO_SUPPORT
5872,"Hello team, I need to talk to someone but I do not know what to select.",OTHER
7335,"Hi there, I see a spinning loader that never finishes on the analytics page.",TECHNICAL_ISSUE
364,"Good afternoon, I need help but I am not sure which option applies.",OTHER
5032,"Hi, A pop up with a error code 403 appears every time I try to download",TECHNICAL_ISSUE
6806,"Greetings, I am getting a error code 403 whenever I open the notifications panel.",TECHNICAL_ISSUE
3103,The settings page becomes blank when I upload a video file.,TECHNICAL_ISSUE
9435,"Hi team, Product idea: let us assign tasks to multiple people.",FEATURE_REQUEST
9844,Please credit my account for the payment error for March.,BILLING_PAYMENT
1118,could you add bulk actions to the search page?,FEATURE_REQUEST
222,"Hey, The profile page does not display anything after the latest update.",TECHNICAL_ISSUE
3197,"Hello team, Not sure how to upload a company logo, can you point me to the right help article?",HOW_TO_SUPPORT
9541,please show me how to link my account to slack.,HOW_TO_SUPPORT
9135,"hello, please refund my last payment, i did not use the service at all.",BILLING_PAYMENT
4270,Images are not displaying correctly on the search page in Chrome.,TECHNICAL_ISSUE
709,I would like the option to set custom roles for team members in a future release. Any help would be appreciated.,FEATURE_REQUEST
9401,"Hello team, I was charged $149 for a plan I neevr upgraded to.",BILLING_PAYMENT
1246,data i entered yesterday disappeared from the project board.,TECHNICAL_ISSUE
4375,Can I pay by bank transfer intsead of card? My card keeps getting declined. Any help would be appreciated.,BILLING_PAYMENT
6373,What are your business hours? Please advise.,OTHER
5810,"Hi team, Can you tell me more abuot your privacy policy?",OTHER
8434,"Dear support team, Do you have a tutorial on how to merge dupilcate entries?",HOW_TO_SUPPORT
1605,"Hi team, Scheduled reports are not running at the set time",TECHNICAL_ISSUE
3172,Text is cut off and overlapping on the notifications panel on my Linux machine.,TECHNICAL_ISSUE
6349,The login page keeps redirecting me back to the sign in screen. Thank you.,ACCOUNT_ACCESS
3826,i would like a refund for the $99 charge for march.,BILLING_PAYMENT
7241,"Hello support, The notifications panel is very slow and keeps freezing on my MacBook.",TECHNICAL_ISSUE
5625,"Hello support, Do you offer any events or webinars? Thank you.",OTHER
7259,"dear support team, what are the steps to import contacts from a csv file?",HOW_TO_SUPPORT
1569,Do you offer any events or webinars? Please advise.,OTHER
4255,I cannot log in after the latest update. Regards.,ACCOUNT_ACCESS
618,"Just started using the product, need to know how to connect my calendar.",HOW_TO_SUPPORT
3341,"Hey, The payment went through but I did not get a confirmation and my account is not upgraded.",BILLING_PAYMENT
5353,Please let us export project lists to Google Sheets. Please advise.,FEATURE_REQUEST
6279,"Hey, There is a bug where the mobile app shows duplicate entries after I sync.",TECHNICAL_ISSUE
5095,"Hi team, I cannot access my search page because it says I do not have permission.",ACCOUNT_ACCESS
1385,Please let us export invoices to JSON. Regards.,FEATURE_REQUEST
1172,I was charged $249 for a plan I never upgraded to.,BILLING_PAYMENT
7389,"Greetings, I would like the option to pin important items to the top in a future release.",FEATURE_REQUEST
1768,"Good afternoon, Do you have any seucrity certifications?",OTHER
199,Please forward this message to the careers team. Thanks a lot.,OTHER
1767,"Good morning, I forgot my password and the reset link says it has expired. Let me know what to do.",ACCOUNT_ACCESS
9650,Can I know more about your service before deciding?,OTHER
7287,"Hey, It would be helpful if the admin console supported a search bar.",FEATURE_REQUEST
1757,"Hi team, I changed my phone number and now I cannot get the login code.",ACCOUNT_ACCESS
5730,"Hi there, Feature request: auto save",FEATURE_REQUEST
7795,"Hi, Can someone explain how to use the dashboard?",HOW_TO_SUPPORT
1903,"Hello support, Account recovery is not working, the confirmation email is not being sent.",ACCOUNT_ACCESS
397,"Good afternoon, The payment went through but I did not get a confirmation and my account is not upgraded.",BILLING_PAYMENT
5401,I cannot log in on my tablet. Thanks a lot.,ACCOUNT_ACCESS
6615,"Hi team, Why is my account blocked? I need access urgently",ACCOUNT_ACCESS
7211,"Hi, I wish the notifications panel had a kanban view.",FEATURE_REQUEST
8688,Are you planning to release dark mode in the future? Please help.,FEATURE_REQUEST
1106,Please show me how to set my working hours. Thanks in advance.,HOW_TO_SUPPORT
6859,"hello support, the site is down for me, i only see a server error. thanks a lot.",TECHNICAL_ISSUE
847,"Hello team, I need to change the credit card used for my subscription payments.",BILLING_PAYMENT
2935,Where can I change my time zone settings? Thank you.,HOW_TO_SUPPORT
5152,"Greetings, I cannot log in after turning on two-factor authentication.",ACCOUNT_ACCESS
8902,"Hey, Please forward this message to customer success.",OTHER
7106,my card was charged three times for march.,BILLING_PAYMENT
534,Can you walk me through how to export my data?,HOW_TO_SUPPORT
7170,Feature request: the ability to filter by date range.,FEATURE_REQUEST
7271,"Dear support team, Sign in with single sign-on fails and shows an unauthorized message.",ACCOUNT_ACCESS
1185,"Hey, I have a general inquiry that does not fit any of the topics. Thanks.",OTHER
1611,"Hello support, I upgraded my plan but the charge shows the wrong amount. Thank you.",BILLING_PAYMENT
6220,The page shows an unexpected timeout error when I save my profile. Thanks in advance.,TECHNICAL_ISSUE
3751,Sign in with single sign-on fails and shows an unauthorized message. Please advise.,ACCOUNT_ACCESS
8555,"Greetings, Please add dark mode to the dashboard. Thanks in advance.",FEATURE_REQUEST
1043,"Please add a Salesforce integration, our whole team uses it. Please advise.",FEATURE_REQUEST
9113,"Greetings, Why did the price of my Pro plan go up?",BILLING_PAYMENT
8357,"Hi there, Where can I find the workspace name?",HOW_TO_SUPPORT
6731,I was billed $19 twice for the same subscription.,BILLING_PAYMENT
1021,"Hi there, Could someone give me an overview of what your company does? Please help.",OTHER
265,I was bileld GBP 45 twice for the same subscription. Regards.,BILLING_PAYMENT
5212,It would improve my workflow if I could assign tasks to multiple people. Thanks a lot.,FEATURE_REQUEST
3347,"Good morning, The security code takes froever to arrive and then it has expired.",ACCOUNT_ACCESS
6366,I need to change the credit card used for my subscription payments. Thank you.,BILLING_PAYMENT
7102,I want to leave general feedback about my experience. Thank you.,OTHER
2787,"Hi, It would be nice to have an option to log out all devices. Thanks in advance.",FEATURE_REQUEST
8815,I cannot log in on my Linux machine,ACCOUNT_ACCESS
2011,I am trying to assign a task to a colleague but I cannot find the option. Where is it?,HOW_TO_SUPPORT
3822,please add an option to log out all devices for account security. thanks in advance.,FEATURE_REQUEST
8108,I represent a media outlet and want to reach out to the press team. Thanks.,OTHER
4152,Please let us export activity logs to CSV. Please advise.,FEATURE_REQUEST
3707,"Hey, There is a mistake in my latest invoice, the total does not match the plan price.",BILLING_PAYMENT
1254,"Please send dialy activity reports to my inbox automatically, it would help a lot. Thanks.",FEATURE_REQUEST
5275,"Hi, What are your busienss hours? Please help.",OTHER
5783,"Hello, Can you walk me through how to find my activity history?",HOW_TO_SUPPORT
1441,I want to reoprt something that does not fit any category.,OTHER
543,My card was charged three times on the first of the month. Regards.,BILLING_PAYMENT
7376,"just started using the product, need to know how to import contacts from a csv file.",HOW_TO_SUPPORT
2778,"Greetings, It would be great if we could see who viewed a shared report.",FEATURE_REQUEST
6025,"Please send biweekly activity reports to my inbox automatically, it would help a lot.",FEATURE_REQUEST
7901,It would be helpful if the settings page supported a mobile widget.,FEATURE_REQUEST
6184,"Hi there, Could someone give me an overview of what your company does? Any help would be appreciated.",OTHER
18,Where can I change my notification settings?,HOW_TO_SUPPORT
7082,"hi team, i cannot log in since yesterday.",ACCOUNT_ACCESS
9972,Can you explain how to download a report? Let me know what to do.,HOW_TO_SUPPORT
83,It would be great to have a kanban view in the search page.,FEATURE_REQUEST
5532,"Good afternoon, What are the steps to rename a project? Thanks a lot.",HOW_TO_SUPPORT
4396,"Hello, Is your service available in Australia? Thanks a lot.",OTHER
5274,"Hi team, The security code takes forever to arrive and then it has expired.",ACCOUNT_ACCESS
9953,"Good morning, I keep getting an invalid password message even though I am typing it correctly.",ACCOUNT_ACCESS
4691,"Good afternoon, Could you please implement passkey support in a cmoing update? Please help.",FEATURE_REQUEST
5389,The payment page rejects my card and I cannot renew my Basic plan. Regards.,BILLING_PAYMENT
4356,How do I rename a project? Thanks in advance.,HOW_TO_SUPPORT
8232,"Greetings, The system says the spreadsheet format is not supported even though it is valid.",TECHNICAL_ISSUE
7076,"Greetings, Please forward this message to sales",OTHER
4846,The payment page rejects my card and I cannot renew my Basic plan. Let me know what to do.,BILLING_PAYMENT
9359,"Hello, Where is your company located?",OTHER
2669,The login page keeps redirecting me back to the sign in screen. Please advise,ACCOUNT_ACCESS
9214,"Greetings, The VAT number is missing from my invoice. Thanks a lot.",BILLING_PAYMENT
1823,Is it possible to change my notification settings? I cannot find where.,HOW_TO_SUPPORT
1705,"Dear support team, After I reset my password the new one is not accepted.",ACCOUNT_ACCESS
838,The app crashes every time I try to download.,TECHNICAL_ISSUE
1298,"The wbesite does not work properly in Safari, but it is fine in another browser.",TECHNICAL_ISSUE
7734,It would be helpful if the task list suppotred an undo button.,FEATURE_REQUEST
4785,My account has been locked and I do not know why.,ACCOUNT_ACCESS
7032,Could you please implement two-factor authentication in a coming update?,FEATURE_REQUEST
8839,I cannot log in after changing my email address. Please help.,ACCOUNT_ACCESS
2827,"Good afternoon, The team page shows a blank white screen since this morning.",TECHNICAL_ISSUE
8568,"Hello, Are you currenlty hiring?",OTHER
3781,"Hello team, There is a bug where the workspace shows duplicate entries after I submit. Thank you.",TECHNICAL_ISSUE
4926,I would like to get in touch with the careers team.,OTHER
8184,"Hi team, Any documentation on how to use filters on the dashboard?",HOW_TO_SUPPORT
409,the one-time passcode never arrives in my inbox. let me know what to do.,ACCOUNT_ACCESS
9525,"We really need a search bar on the billing page, please consider it.",FEATURE_REQUEST
7914,"Hello, The password I created during sign up is not accepted at login.",ACCOUNT_ACCESS
361,"Hello, Which page lets me manage my team permissions?",HOW_TO_SUPPORT
3069,"Hi, Any documentation on how to create a template? Regards.",HOW_TO_SUPPORT
7455,"Good morning, Please forward this message to the right department.",OTHER
3545,"Hi, I cannot log in on my tablet.",ACCOUNT_ACCESS
4989,There is a bug where the analytics page shows duplicate entries after I upload.,TECHNICAL_ISSUE
6076,The reports page is very slow and keeps freezing on my iPhone.,TECHNICAL_ISSUE
2449,"Hi there, I would like the option to see who viewed a shared report in a future release.",FEATURE_REQUEST
5586,"Thank you for your help, everything is fine now. Thanks a lot.",OTHER
3529,"Hi there, Images are not displaying correctly on the workspace in Edge.",TECHNICAL_ISSUE
3730,The payment page rejects my card and I cannot reenw my Business plan.,BILLING_PAYMENT
4083,"Good morning, A pop up with a timeout error appears every time I try to share. Thanks in advance",TECHNICAL_ISSUE
1357,"Hi team, Do you support customers based in Germany?",OTHER
6594,I lost my phone and cannot receive the verification code to sign in. Thanks a lot.,ACCOUNT_ACCESS
7804,"Hi, The search page is very slow and keeps freezing on my work computer.",TECHNICAL_ISSUE
7796,"Hello support, How can I make a teammate an admin",HOW_TO_SUPPORT
6291,"Good afternoon, Thanks for the great support last week! Please help.",OTHER
3586,my bank shows a pending charge of $120 that i do not recognize.,BILLING_PAYMENT
3238,I need a receipt for my payment this month for tax purposes. Let me know what to do.,BILLING_PAYMENT
8908,"Hello team, Is there someone I can meet in person to talk about your product? Thank you.",OTHER
5423,Any plans to support Arabic in the interface? Please advise.,FEATURE_REQUEST
1747,My card was charged twice for my annual plan. Please advise.,BILLING_PAYMENT
109,"Hi there, Please send an invoice for my latest Business subscription payment.",BILLING_PAYMENT
9272,I am unable to sign in to my account since the latest update.,ACCOUNT_ACCESS
3474,What are your businses hours? Let me know what to do.,OTHER
200,"Hello, Please forward this message to your security team. Any help would be appreciated.",OTHER
6937,"Hello, I would like more information before I create an account",OTHER
7021,"Good morning, Is it possible to create a template? I cannot find where.",HOW_TO_SUPPORT
4606,"Dear support team, The application crashes when I click share.",TECHNICAL_ISSUE
5110,I changed my phone number and now I cannot get the login code.,ACCOUNT_ACCESS
2044,Could you add dark mode to the project board? Thanks.,FEATURE_REQUEST
4197,Please add support for exporting to Excel and also a calendar view.,FEATURE_REQUEST
7303,It would improve my workflow if I could add custom fields to every project.,FEATURE_REQUEST
8241,"Hey, Buttons on the profile page do not respond when I click them.",TECHNICAL_ISSUE
2404,The page never finishes loading and only shows a something went wrong message.,TECHNICAL_ISSUE
7418,Where can I find the privacy settings? Thanks in advance.,HOW_TO_SUPPORT
4063,"Dear support team, I wish the project board had a favorites list.",FEATURE_REQUEST
7299,"Just started using the product, need to know how to turn on email alerts. Please advise.",HOW_TO_SUPPORT
5380,"Dear support team, I never received the confrimation email, I already checked my spam folder.",ACCOUNT_ACCESS
2538,"Hi there, My PayPal payment failed but the money left my account.",BILLING_PAYMENT
2987,I would like the option to add comments to reports in a future release. Let me know what to do.,FEATURE_REQUEST
3272,Which menu do I use to assign a task to a colleague?,HOW_TO_SUPPORT
3358,"Good morning, The system says the Word document format is not supported even though it is valid.",TECHNICAL_ISSUE
541,"Hi, I see a spinning loader that never finishes on the workspace.",TECHNICAL_ISSUE
6502,"Hi there, Please refund my last payment, I did not use the service at all",BILLING_PAYMENT
5047,The discount promised to me is not reflected on my bill. Please respond soon.,BILLING_PAYMENT
4159,Can you walk me through how to turn on emial alerts?,HOW_TO_SUPPORT
4723,Could you tell me how to make a teammate an admin? Thank you.,HOW_TO_SUPPORT
3934,"Dear support team, Can you walk me through how to add a new team member? Thanks in advance.",HOW_TO_SUPPORT
7044,"I am new here, how do I change my display name",HOW_TO_SUPPORT
6365,How do I use the calendar to export my data? Thanks.,HOW_TO_SUPPORT
7702,Feature request: keyboard shortcuts. Regards.,FEATURE_REQUEST
9297,Suggestion: allow users to pin important items to the top. Let me know what to do.,FEATURE_REQUEST
1093,"Dear support team, I forgot my password and the reset link says it has expired. Thank you.",ACCOUNT_ACCESS
4607,"Hello support, My changes are not saved, the profile page reverts to the old values.",TECHNICAL_ISSUE
3541,"Hello, There is a mitsake in my latest invoice, the total does not match the plan price. Please help.",BILLING_PAYMENT
1943,"Good morning, I never received the magic link, I already checked my spam folder",ACCOUNT_ACCESS
9580,The project board becomes blank when I upload a JPEG photo,TECHNICAL_ISSUE
9071,Where is your company located? Thanks in advance.,OTHER
1690,Please add support for exporting to Google Sheets and also drag and drop.,FEATURE_REQUEST
4897,"Good morning, My invitation link to join the team does not let me sign in.",ACCOUNT_ACCESS
8915,"Pelase get back to me when you can, I have a few questions.",OTHER
7248,"I am new here, how do I assign a task to a colleague",HOW_TO_SUPPORT
5300,Is your service available in Singapore?,OTHER
4955,"Good morning, It would be helpful if the reports page supported a search bar.",FEATURE_REQUEST
2723,"Hi, The VAT number is misisng from my invoice.",BILLING_PAYMENT
4576,How do I use the inbox to add a new team member? Please help,HOW_TO_SUPPORT
1545,The verification email takes forever to arrive and then it has expired.,ACCOUNT_ACCESS
1395,"Thank you for your help, everything is fine now. Thanks in advance.",OTHER
1692,"Hi, I am new here, how do I duplicate a project?",HOW_TO_SUPPORT
5237,"Hi there, Login fails on Safari with an authentication failed message.",ACCOUNT_ACCESS
1400,"Hi, Just started using the product, need to know how to change my time zone.",HOW_TO_SUPPORT
1459,"Hello team, I was charged $19 for a plan I never upgraded to.",BILLING_PAYMENT
1784,what is the easiest way to link my account to slack?,HOW_TO_SUPPORT
8182,"Hi there, Can you expalin how to change the language of the interface?",HOW_TO_SUPPORT
1053,"Hi, The page shows an unexpected 502 bad gateway when I save my profile.",TECHNICAL_ISSUE
2999,Is it possible to update my profile picture? I cannot find where.,HOW_TO_SUPPORT
9816,Where can I find the notifiaction settings?,HOW_TO_SUPPORT
3604,Everything works on my computer but the notifications panel crashes on my Linux machine,TECHNICAL_ISSUE
5823,Can you build saved views into the billing page? Many users would benefit. Thank you.,FEATURE_REQUEST
3073,"Hello support, Text is cut off and overlapping on the analytics page on my iPad.",TECHNICAL_ISSUE
9546,I need help but I am not sure whcih option applies. Please help.,OTHER
7204,Can you explain how to set up a recurring report? Thanks in advance.,HOW_TO_SUPPORT
9188,"Hello support, Product idea: let us use the product without an internet connection.",FEATURE_REQUEST
8953,"Hi team, I cannot access my workspace because it says I do not have permission.",ACCOUNT_ACCESS
3887,The application crashes when I click sync.,TECHNICAL_ISSUE
6637,"Hi team, The API returns a 502 bad gateway when I call the endpoint",TECHNICAL_ISSUE
8570,"Hello team, Please stop future charges to my card and cancel my subscription. Please advise.",BILLING_PAYMENT
706,I am getting a 502 bad gateway whenever I open the billing page.,TECHNICAL_ISSUE
974,I am stuck in a loop whree the site asks me to verify my email again and again.,ACCOUNT_ACCESS
7043,"Good afternoon, Data I entered yesterday disappeared from the calendar",TECHNICAL_ISSUE
5512,"Hi there, My changes are not saved, the team page reverts to the old values.",TECHNICAL_ISSUE
9946,"Good morning, I never received the confirmation email, I already checked my spam folder.",ACCOUNT_ACCESS
9390,How do I use the task list to add a new team member? Regards.,HOW_TO_SUPPORT
4857,"Hello team, I wish the project board had bulk actions.",FEATURE_REQUEST
9969,"Greetings, Where do I go in the profile page to change my display name?",HOW_TO_SUPPORT
6697,I want to leave general feedback about my experience. Thanks in advance.,OTHER
2331,"Dear support team, Can you explain how to assign a task to a colleague?",HOW_TO_SUPPORT
7274,I would like to get in touch with a manager. Let me know what to do.,OTHER
4187,It would improve my workflow if I cuold assign tasks to multiple people.,FEATURE_REQUEST
1907,"Good morning, It would be nice to have single sign-on.",FEATURE_REQUEST
558,"Hello support, The website does not work properly in Brave, but it is fine in another browser. Please help.",TECHNICAL_ISSUE
6330,"Hi, Please add German language support.",FEATURE_REQUEST
7473,Can someone conatct me about an issue?,OTHER
2780,I am not sure who to ask about this. Let me know what to do.,OTHER
3231,"Good afternoon, Suggestion: allow users to sort the list by multiple columns.",FEATURE_REQUEST
4060,"Unable to sign in on Brave, it just keeps reloading the login page. Please respond soon",ACCOUNT_ACCESS
6332,"Please send quarterly email digests to my inbox automatically, it would help a lot. Please help",FEATURE_REQUEST
6071,"Hi, Text is cut off and overlapping on the dashboard on my Windows laptop. Please advise.",TECHNICAL_ISSUE
8313,I am not sure who to ask about this. Thanks in advance.,OTHER
6533,"Greetings, My account is disabled and I cannot reach my data.",ACCOUNT_ACCESS
6845,What is the easiest way to transfer ownership of a workspace?,HOW_TO_SUPPORT
1433,I got charged in the wrong currency for my monthly plan. Thank you.,BILLING_PAYMENT
8699,"Hi team, The invoice shows the wrong company name, please correct it. Any help would be appreciated.",BILLING_PAYMENT
8280,"Hello, Please add IP allow listing for account security.",FEATURE_REQUEST
470,Please add templates to the team page,FEATURE_REQUEST
1940,"Hello team, It would be helpful if the task list supported bulk actions.",FEATURE_REQUEST
8697,My renewal payment failed and now my subscription shows as past due. Please respond soon.,BILLING_PAYMENT
2652,My renewal payment falied and now my subscription shows as past due.,BILLING_PAYMENT
2611,I am getting a 502 bad gateway whenever I open the inbox. Let me know what to do.,TECHNICAL_ISSUE
9651,I was charged $19 for a plan I never upgraded to. Thanks in advance.,BILLING_PAYMENT
5474,"Hello, I cancelled my subscription weeks ago and you still took money from my account.",BILLING_PAYMENT
47,I cannot access my inbox because it says I do not have permission.,ACCOUNT_ACCESS
9456,The one-time passcode never arrives in my inbox. Thanks a lot.,ACCOUNT_ACCESS
6275,Video previews will not play in the settings page.,TECHNICAL_ISSUE
6368,"Good afternoon, What are your business hours?",OTHER
1383,"Hello, Product idea: let us assign tasks to multiple people.",FEATURE_REQUEST
7960,please add french language support. regards.,FEATURE_REQUEST
7518,"Hi team, Text is cut off and overlapping on the search page on my work computer.",TECHNICAL_ISSUE
8321,"Good morning, The receipt email for my payment never arrived. Thanks.",BILLING_PAYMENT
4400,Please let us export analytics data to PDF,FEATURE_REQUEST
2807,"Hello, I was charged $49 this quarter but I expected a different amount.",BILLING_PAYMENT
3292,My colleague left the company and I need access to the admin account. Regards.,ACCOUNT_ACCESS
6830,"Good afternoon, Thank you for your help, everything is fine now.",OTHER
7553,Please credit my account for the payment error this month. Please respond soon.,BILLING_PAYMENT
5364,It wolud be great to have a compact layout in the admin console.,FEATURE_REQUEST
7382,"hi, my changes are not saved, the billing page reverts to the old values. thanks in advance.",TECHNICAL_ISSUE
5686,An option for auto save would make the product much better. Regards.,FEATURE_REQUEST
2901,Do you support csutomers based in Canada? Thanks in advance.,OTHER
7598,"there is a mistake in my latest invoice, the total does not match the plan price.",BILLING_PAYMENT
4632,Can you build version history into the reports page? Many users would benefit. Thanks in advance,FEATURE_REQUEST
457,"Hi there, Sign in with single sign-on fails and shows an unauthorized message. Any help would be appreciated",ACCOUNT_ACCESS
930,"Hi, Could someone give me an overview of what your cmopany does?",OTHER
2547,Is there a guide that shows how to set up a recurrnig report? Please respond soon.,HOW_TO_SUPPORT
3343,I cannot log in after the latest update. Please advise.,ACCOUNT_ACCESS
6498,"Good morning, File uploads stay stuck at zero percent.",TECHNICAL_ISSUE
6271,"Hi there, I forgot my password and the reset link says it has expired.",ACCOUNT_ACCESS
2859,I have a general inquiry that does not fit any of the topics. Any help would be appreciated.,OTHER
2790,"Greetings, Plesae get back to me when you can, I have a few questions.",OTHER
2050,Thanks for the great supprot last week,OTHER
163,"good afternoon, the reset link does nothing when i click it.",ACCOUNT_ACCESS
7460,I was charged $49 this week but I expected a different amount.,BILLING_PAYMENT
6233,"unable to sign in on firefox, it just keeps reloading the login page. regards.",ACCOUNT_ACCESS
4031,"Hey, The dashboard numbers are wrong and do not match the raw data. Please respond soon.",TECHNICAL_ISSUE
657,the profile page is very slow and keeps freezing on my work computer.,TECHNICAL_ISSUE
4700,Is it possible to use filters on the dashboard? I cannot find where.,HOW_TO_SUPPORT
624,"Good morning, I represent a media outlet and want to reach out to the press team",OTHER
3054,"hello team, someone changed my password and i no longer have access to my account.",ACCOUNT_ACCESS
2047,"Hey, My credit card was declined but my bank says there is no problem.",BILLING_PAYMENT
7514,"Hello team, We really need bulk actions on the dashboard, please consider it.",FEATURE_REQUEST
9661,"Dear support team, I cannot sign in with my Google account anymore. Let me know what to do.",ACCOUNT_ACCESS
6260,"Hi team, I never received the magic link, I already checked my spam folder.",ACCOUNT_ACCESS
1571,I would like more information before I create an account. Please help.,OTHER
9575,Suggestion: allow users to add custom fields to every project.,FEATURE_REQUEST
1554,I cannot recover my account because the security questions are not working. Any help would be appreciated.,ACCOUNT_ACCESS
8933,"Greetings, My card was charged twice yesterday.",BILLING_PAYMENT
4,I changed my email address and now I cannot access my account.,ACCOUNT_ACCESS
5086,"Good morning, Someone changed my password and I no longer have access to my account. Let me know what to do.",ACCOUNT_ACCESS
2771,"Hi there, I want to leave general feedback about my experience.",OTHER
1827,"Hey, I got charged in the wrong currency for my Premium plan. Let me know what to do.",BILLING_PAYMENT
117,The sync between my devices has stopped working. Regards.,TECHNICAL_ISSUE
8955,Please add Korean language support. Thanks a lot.,FEATURE_REQUEST
3202,"Hi team, Thanks for the great support last week! Thanks a lot",OTHER
4896,Where can I change my team permissions?,HOW_TO_SUPPORT
1740,"Dear support team, I got charged in the wrong currency for my Basic plan. Please advise.",BILLING_PAYMENT
440,"Hi team, I have some questions about your company before I proceed.",OTHER
2794,My PayPal payment failed but the money left my account. Thanks a lot.,BILLING_PAYMENT
3627,my account is deactivated and i cannot do my work. please help.,ACCOUNT_ACCESS
3312,"Hi, Please refund my last payment, I did not use the service at all. Thanks.",BILLING_PAYMENT
6356,search returns no results even for items that i know exist.,TECHNICAL_ISSUE
881,"Hi there, My subscription renewed automatically and I did not want that, plesae refund me.",BILLING_PAYMENT
6434,Can you recommend which team I shuold contact for my request?,OTHER
8004,My card was charged three times this quarter.,BILLING_PAYMENT
6971,I forgot my password and the reest link says it has expired. Thanks,ACCOUNT_ACCESS
9561,"Good morning, Everything works on my computer but the notifications panel crashes on my MacBook",TECHNICAL_ISSUE
9337,My bank shows a pending charge of $24.99 that I do not recognize.,BILLING_PAYMENT
9224,"Hi team, I would like a refund for the $49 charge this quarter. Let me know what to do.",BILLING_PAYMENT
2924,"Hey, My session logs me out immediately afetr I sign in.",ACCOUNT_ACCESS
7727,There is a bug where the mobile app shows duplicate entries after I submit.,TECHNICAL_ISSUE
2193,"Good afternoon, Feature request: the ability to use the product without an internet connection.",FEATURE_REQUEST
2384,"hey, can you explain how to find my activity history?",HOW_TO_SUPPORT
871,"Please send biweekly team updtaes to my inbox automatically, it would help a lot. Thanks in advance.",FEATURE_REQUEST
4843,Uploading a PDF gets stuck at 100 percent and never finishes.,TECHNICAL_ISSUE
7546,My team would love to have a search bar. Is it on the roadmap?,FEATURE_REQUEST
7743,I am getting a error 500 whenever I open the mobile app.,TECHNICAL_ISSUE
4963,Please add Hindi language support,FEATURE_REQUEST
9595,I downgraded to the Enterprise plan but I was still billed the higher price. Regards.,BILLING_PAYMENT
1526,"Hello support, My card was charged twice this week.",BILLING_PAYMENT
1628,The autosave is broken and my work was lost since Monday.,TECHNICAL_ISSUE
2786,"Hello team, Test message, please ignore.",OTHER
5756,Do you have a partnership program? Thank you.,OTHER
9842,"Hello, The sync between my devices has stopped working. Please advise.",TECHNICAL_ISSUE
9630,"Hello, Please stop future charges to my card and cancel my subscription.",BILLING_PAYMENT
2561,"Hello team, Feature request: the ability to assign tasks to multiple people.",FEATURE_REQUEST
8255,"Hello team, There is a bug where the analytics page shows duplicate entries after I import.",TECHNICAL_ISSUE
845,I am trying to invite a member to my workspace but I cannot find the option. Where is it?,HOW_TO_SUPPORT
2693,"Hi, I need to talk to someone but I do not know what to select.",OTHER
5431,"Hey, It would be great if we could use the product without an internet connection. Thanks in advance.",FEATURE_REQUEST
3082,I downgraded to the annual plan but I was still billed the higher price.,BILLING_PAYMENT
3481,"I am a student working on a school project about your product, who can I talk to? Thanks.",OTHER
1424,I saw your ad and want to learn more.,OTHER
1403,"Greetings, Please send an invoice for my latest Team subscription payment. Please help.",BILLING_PAYMENT
4075,Please forward this message to the right department. Regards.,OTHER
9928,"hello, is anynoe there?",OTHER
193,"Greetings, The task list shows a something went wrong message for two days.",TECHNICAL_ISSUE
8730,"Greetings, Why did the price of my Team plan go up?",BILLING_PAYMENT
5794,"hello support, the download link gives a blank white screen instead of the file.",TECHNICAL_ISSUE
1121,"Not sure how to set up my workspace for the first time, can you point me to the right help article?",HOW_TO_SUPPORT
7939,My account is locked and I cannot do my work.,ACCOUNT_ACCESS
7161,"Hello, The API reutrns a error 500 when I call the endpoint.",TECHNICAL_ISSUE
4222,"I never received the verification email, I already checked my spam folder. Please advise.",ACCOUNT_ACCESS
8851,"Hey, The payment page rejects my card and I cannot rneew my Business plan.",BILLING_PAYMENT
7339,File uploads stay sutck at zero percent.,TECHNICAL_ISSUE
2915,"Hey, I saw your ad and want to learn more.",OTHER
7089,"hi there, please add dark mode to the dashboard.",FEATURE_REQUEST
2182,"Greetings, Where can I change my workspace name?",HOW_TO_SUPPORT
54,My account is deactivated and I canont reach my data.,ACCOUNT_ACCESS
6646,Please add Korean language support,FEATURE_REQUEST
4609,I would like instructions on how to download a report.,HOW_TO_SUPPORT
3268,What is the easiest way to transfer ownership of a workspace? Any help would be appreciated,HOW_TO_SUPPORT
5388,"Hello, Please get back to me when you can, I have a few questions. Please advise.",OTHER
1159,Uploading a Excel file gets stuck at 10 percent and never finishes.,TECHNICAL_ISSUE
7213,"Good afternoon, A pop up with a error 500 appears every time I try to refresh.",TECHNICAL_ISSUE
8702,Would you consider adding a HubSpot connection to your product?,FEATURE_REQUEST
4597,"The verification step keeps failing when I try to sign in, for two days.",ACCOUNT_ACCESS
6921,"I want to switch to annual billnig to get the discount, how is the payment handled? Thank you.",BILLING_PAYMENT
5125,"Hi there, We really need a search bar on the workspace, please consider it.",FEATURE_REQUEST
3413,The autosave is broken and my work was lost for two days.,TECHNICAL_ISSUE
105,Do you support customers baesd in Japan?,OTHER
5395,Can somoene explain how to use the team page?,HOW_TO_SUPPORT
5107,"Greetings, Everything on the settings page is loading extremely slowly since Monday.",TECHNICAL_ISSUE
5550,"Hello support, The page shows an unexpected generic error message when I save my profile.",TECHNICAL_ISSUE
2759,I am getting a error 500 whenever I open the project board.,TECHNICAL_ISSUE
4066,I was charged EUR 39 this month but I expected a different amount. Any help would be appreciated,BILLING_PAYMENT
2953,"Hello support, Can you send me some information about what you offer?",OTHER
5925,My payment keeps failing at checkout even though my card is valid. Please advise.,BILLING_PAYMENT
8025,"Hello team, Where is your company located?",OTHER
8543,Why did the pirce of my Basic plan go up?,BILLING_PAYMENT
8020,"Hi there, Please add custom filters to the analytics page.",FEATURE_REQUEST
9726,It would be nice to have authenticator app support. Please help,FEATURE_REQUEST
1221,"Good morning, Hello, is anyone there?",OTHER
2809,"Hello support, I want a refund because I was billed after cancelling. Let me know what to do.",BILLING_PAYMENT
8353,Wehre is your company located?,OTHER
4494,"Please reset my account access, I cannot get past the login screen. Let me know what to do.",ACCOUNT_ACCESS
5088,What are your business hours?,OTHER
3882,"Hi there, My payment keeps failing at checkout even though my card is valid. Let me know what to do.",BILLING_PAYMENT
3990,It would be great if we could set reminders on tasks. Thank you,FEATURE_REQUEST
6804,My team would love to have drag and drop. Is it on the roadmap? Please respond soon.,FEATURE_REQUEST
2081,"Dear support team, The payment page rejects my card and I cannot renew my Pro plan.",BILLING_PAYMENT
6263,"Hi there, My invitation link to join the team does not let me sign in.",ACCOUNT_ACCESS
8263,"Hi, Payment status says pending for days, and my subscription is still not active.",BILLING_PAYMENT
2258,"Hello, I need help but I am not sure which option applies.",OTHER
1337,"Dear support team, Is your service available in France? Thanks a lot.",OTHER
3126,"Hi there, Is it possible to set up a recurring report? I cannot find where.",HOW_TO_SUPPORT
938,"Hi there, I have a general inquiry that does not fit any of the topics.",OTHER
232,"Hi, I keep getting an invalid password message even though I am typing it correctly.",ACCOUNT_ACCESS
359,"Good morning, Where is your company located? Please advise",OTHER
6839,Video previews will not play in the profile page. Thanks.,TECHNICAL_ISSUE
4126,The page keeps refreshing by itself and I lose what I typed. Thanks.,TECHNICAL_ISSUE
9016,"hello support, i am trying to use filters on the dashboard but i cannot find the option. where is it? let me know what to do.",HOW_TO_SUPPORT
5050,"The website does not work properly in Firefox, but it is fine in another browser. Please respond soon.",TECHNICAL_ISSUE
4604,"I think I sent this to the wrong place, who is the rgiht contact?",OTHER
2594,"Good morning, What are your business hours? Please advise",OTHER
4684,The payment page rejects my card and I cannot renew my Prmeium plan. Let me know what to do.,BILLING_PAYMENT
9838,"Hello team, I was charged for extra seats that I did not add. Please advise.",BILLING_PAYMENT
1065,What are the steps to turn on email alerts?,HOW_TO_SUPPORT
5536,i cannot access my search page because it says i do not have permission.,ACCOUNT_ACCESS
990,My ivnitation link to join the team does not let me sign in.,ACCOUNT_ACCESS
1712,"good morning, login fails on safari with an authentication failed message. any help would be appreciated.",ACCOUNT_ACCESS
29,"Hey, Please forward this message to sales.",OTHER
3406,I am writing to ask about itnernship opportunities. Thank you.,OTHER
8487,"I am new here, how do I add a new team member?",HOW_TO_SUPPORT
8328,I am unable to sign in to my account since the latest update. Please advise.,ACCOUNT_ACCESS
1324,I want to leave general feedback about my experience. Thanks.,OTHER
7141,It would be helpful if the project board supported keyboard shortcuts.,FEATURE_REQUEST
9629,"Hello support, Please forward this message to a product specialist",OTHER
8886,My team wolud love to have templates. Is it on the roadmap?,FEATURE_REQUEST
2204,"Hi there, Please add a Zapier integration, our whole team uses it.",FEATURE_REQUEST
8366,"Hi there, Why is my account blocked? I cannot reach my data.",ACCOUNT_ACCESS
7164,My card was charged twice this quarter.,BILLING_PAYMENT
8389,please consider adding a way to attach several fiels at once.,FEATURE_REQUEST
8266,"Dear support team, I am trying to duplicate a project but I cannot find the option. Where is it?",HOW_TO_SUPPORT
2937,The page never finishes loading and only shows a error 500.,TECHNICAL_ISSUE
5994,"Hey, Hello, is anyone there? Regards.",OTHER
1976,Please add French language support.,FEATURE_REQUEST
9973,Could you add saved views to the profile page?,FEATURE_REQUEST
3289,"Hello, How do I pin a dashboard as my home page?",HOW_TO_SUPPORT
3600,"Dear support team, The download link gives a server error instead of the file.",TECHNICAL_ISSUE
2606,"Account recovery is not working, the SMS code is not being sent. Thank you.",ACCOUNT_ACCESS
5263,"Hey, I get a error code 403 when I try to delete on the analytics page.",TECHNICAL_ISSUE
166,"Hello, My account is blocked and I cannot reach my data.",ACCOUNT_ACCESS
1752,A pop up with a generic error message appears every time I try to upload.,TECHNICAL_ISSUE
1672,"Dear support team, Why is my account locked? I need access urgently. Let me know what to do.",ACCOUNT_ACCESS
5002,My account is deactivated and I need to get in right now. Thank you,ACCOUNT_ACCESS
6973,"Hello support, The autosave is broken and my work was lost sicne this morning.",TECHNICAL_ISSUE
2511,i need to talk to somoene but i do not know what to select.,OTHER
8572,"Hi, I want to report soemthing that does not fit any category.",OTHER
1885,how did your copmany start? i am curious.,OTHER
4996,It would be great to have drag and drop in the reports page.,FEATURE_REQUEST
2586,"Hi team, Can I get a call back from someone on your team?",OTHER
8920,"Good afternoon, I need help but I am not sure which option applies. Thanks.",OTHER
900,The app freezes when I try to sync a large PNG image.,TECHNICAL_ISSUE
2351,"Hello, Charts on the team page do not load. Thank you.",TECHNICAL_ISSUE
2635,can i know more aobut your service before deciding?,OTHER
1478,Can someone expalin how to use the mobile app? Thanks a lot.,HOW_TO_SUPPORT
9566,How did your company start? I am curious. Please advise.,OTHER
3140,Where do I go in the calendar to change my email preferences? Please advise.,HOW_TO_SUPPORT
7459,I got charged in the wrong currency for my Basic plan.,BILLING_PAYMENT
3978,Can I get a call back from someone on your team?,OTHER
2376,"Not sure how to export my data, can you point me to the right help article?",HOW_TO_SUPPORT
388,"Greetings, I was charged $99 for June but I expected a different amount.",BILLING_PAYMENT
7345,I was removed from the workpsace by mistake and cannot get back in,ACCOUNT_ACCESS
6499,"Dear support team, I am getting a error code 403 whenever I open the mobile app.",TECHNICAL_ISSUE
517,How do I use the dashboard to make a teammate an admin?,HOW_TO_SUPPORT
4162,"Good morning, The verification step keeps failing when I try to sign in, since this morning.",ACCOUNT_ACCESS
3863,Can you walk me through how to change my display name?,HOW_TO_SUPPORT
411,please credit my account for the payment error this month. let me know what to do.,BILLING_PAYMENT
6093,"Dear support team, Do you have any sceurity certifications?",OTHER
1394,"Payment status says pending for days, and my subscription is still not active. Please advise.",BILLING_PAYMENT
5987,"Hello team, My username is not recognized on the login page.",ACCOUNT_ACCESS
221,"Add a search bar please, it is missing from the notifications panel.",FEATURE_REQUEST
7544,"Hi team, Video previews will not play in the dashboard. Please help.",TECHNICAL_ISSUE
2846,My card was charged twice last month.,BILLING_PAYMENT
4013,My card was charged three times last month. Please advise,BILLING_PAYMENT
2548,"Not sure how to change the language of the interface, can you point me to the right help article?",HOW_TO_SUPPORT
4848,I see a spinning loader that never finishes on the workspace.,TECHNICAL_ISSUE
3174,"Hello team, I want to switch to annual billing to get the discount, how is the payment handled?",BILLING_PAYMENT
1267,"Hello team, Can I get a call back from someone on your team? Thanks in advance.",OTHER
9869,"Hey, The login page keeps redirecting me back to the sign in screen. Let me know what to do.",ACCOUNT_ACCESS
9327,Search returns no results even for items that I know exist. Thank you.,TECHNICAL_ISSUE
1848,"greetings, i cannot log in after the latest update. thanks a lot.",ACCOUNT_ACCESS
3732,Colud you please implement single sign-on in a coming update?,FEATURE_REQUEST
5051,I would like more information before I create an account. Regards.,OTHER
1277,Everything works on my computer but the dashboard crashes on my Linux machine.,TECHNICAL_ISSUE
1002,"Hey, Could you tell me how to remove a user from my team?",HOW_TO_SUPPORT
1397,"Hello, Please show me how to link my account to Slack.",HOW_TO_SUPPORT
8075,Could you tell me how to transfer ownership of a workspace? Please advise.,HOW_TO_SUPPORT
8952,"Hello team, I have been overcahrged for my annual plan, please look into my billing",BILLING_PAYMENT
431,Can someone contact me about an issue? Any help would be appreciated.,OTHER
8207,"Hello, How do I find my actviity history?",HOW_TO_SUPPORT
2707,"Good afternoon, Uploading a video file gets stuck at zero percent and never finishes.",TECHNICAL_ISSUE
3443,Where do I go in the mobile app to change my default dashboard?,HOW_TO_SUPPORT
4317,The app freezes when I try to sync a large CSV file,TECHNICAL_ISSUE
8794,I need to update the billing address on my invoice. Thanks in advance.,BILLING_PAYMENT
9578,I am unable to sign in to my account for the past few days.,ACCOUNT_ACCESS
5057,I cannot access my billing page because it says I do not have permission.,ACCOUNT_ACCESS
2156,"Good afternoon, I want to report something that does not fit any category.",OTHER
256,how do i share a dashboard with a client?,HOW_TO_SUPPORT
3206,any documentation on how to print a report?,HOW_TO_SUPPORT
3574,I see a spinning loader that never finishes on the calendar.,TECHNICAL_ISSUE
1922,Could you tell me how to invite a member to my workspace?,HOW_TO_SUPPORT
5332,I am unable to sign in to my account since the latest update. Any help would be appreciated.,ACCOUNT_ACCESS
1288,Can you explain how to archive old projects?,HOW_TO_SUPPORT
7129,Can you send me an invioce for the $59.99 payment,BILLING_PAYMENT
6725,"Hey, I get an access denied message when I try to open my workspace.",ACCOUNT_ACCESS
1864,I get a error 404 when I try to download on the search page.,TECHNICAL_ISSUE
6245,Please credit my account for the payment error this quarter. Let me know what to do.,BILLING_PAYMENT
3118,Please add support for exporting to PowerPoint and also bulk actions.,FEATURE_REQUEST
8742,"Greetings, The invoice shows the wrong company name, please correct it. Any help would be appreciated.",BILLING_PAYMENT
2056,Where can I chagne my profile information?,HOW_TO_SUPPORT
4879,Please forward this message to your press team. Let me know what to do.,OTHER
9277,"Good afternoon, Please unlock my account, I entered the worng password several times.",ACCOUNT_ACCESS
848,"Hi there, Please add IP allow listing for account security.",FEATURE_REQUEST
3866,"Hey, I want a refund because I was billed after cancelling.",BILLING_PAYMENT
8849,"hi, not sure how to import contacts from a csv file, can you point me to the right help article?",HOW_TO_SUPPORT
1754,I would like to get in touch with your security team.,OTHER
8214,"Hi, The dsahboard becomes blank when I upload a PDF.",TECHNICAL_ISSUE
8256,"The site is down for me, I only see a error 500. Thank you.",TECHNICAL_ISSUE
3277,"good afternoon, suggestion: allow users to assign tasks to multiple people.",FEATURE_REQUEST
5509,How do I transfer ownership of a workspace?,HOW_TO_SUPPORT
9096,Why did the price of my Team plan go up? Thank you.,BILLING_PAYMENT
2799,"Add an undo button please, it is missing from the notifications panel.",FEATURE_REQUEST
418,I got charged in the wrong currency for my Starter plan.,BILLING_PAYMENT
7239,I paid for the monthly plan but my account still shows the free tier. Please respond soon.,BILLING_PAYMENT
1122,"Good afternoon, Can you walk me through how to import contacts from a CSV file? Any help would be appreciated.",HOW_TO_SUPPORT
6643,I am writing to ask about internship opportunities. Thanks in advance.,OTHER
5590,There is an unknown charge of $9.99 from your company on my bank statement.,BILLING_PAYMENT
576,"Hi, I have a general inquiry that does not fit any of the topics.",OTHER
2220,"Hi team, Hello, is anyone there?",OTHER
3760,Please send an invoice for my latest Premium subscription payment. Let me know what to do.,BILLING_PAYMENT
6433,Can you explain how to create a template? Thanks a lot.,HOW_TO_SUPPORT
7577,Video previews will not play in the billing page.,TECHNICAL_ISSUE
8091,"Hey, I would like the option to add custom fields to every project in a future release.",FEATURE_REQUEST
2058,"Hello, The page never finishes loading and only shows a 502 bad gateway.",TECHNICAL_ISSUE
9866,"Dear support team, The password I created duirng sign up is not accepted at login.",ACCOUNT_ACCESS
1634,The activation email takes forever to arrive and then it has expired.,ACCOUNT_ACCESS
128,"Hello team, The reports page shows a something went wrong message for the past few days.",TECHNICAL_ISSUE
9673,I was charged GBP 45 on the first of the month but I expected a different amount. Please advise.,BILLING_PAYMENT
4488,The API returns a error 500 when I call the endpoint.,TECHNICAL_ISSUE
1917,"Hello support, How did your company start? I am curious. Thank you.",OTHER
7739,I need help but I am not sure wihch option applies. Thanks in advance.,OTHER
2940,I have a quesiton about your service. Thanks in advance.,OTHER
1308,Do you have a tutorial on how to assign a task to a colleague?,HOW_TO_SUPPORT
1098,Is there a guide that shows how to transfer ownership of a workspace?,HOW_TO_SUPPORT
2072,"Hi team, Everything on the task list is loading extremely slowly for the past few days.",TECHNICAL_ISSUE
4146,Why was I billed $249 when my plan should be cheaper?,BILLING_PAYMENT
9803,Can you help me regain access to my account? I have a deadline today. Let me know what to do.,ACCOUNT_ACCESS
8583,"Greetings, An option for custom themes would make the product much better.",FEATURE_REQUEST
402,"Hello, Please forward this message to a product specialist.",OTHER
5491,"Hello, How do I merge duplicate entries",HOW_TO_SUPPORT
5985,"Greetings, I want to leave general feedback about my experience. Please respond soon",OTHER
3161,The login page keeps redirecting me back to the sign in screen. Thanks in advance.,ACCOUNT_ACCESS
765,Would you consider adding a Google Drive connection to your product?,FEATURE_REQUEST
6668,How did your company start? I am curious. Please respond soon.,OTHER
9517,"Hi there, I would like to know who I should contact regarding a collaboration. Regards.",OTHER
672,after i reset my password the new one is not accepted. please advise.,ACCOUNT_ACCESS
2065,Do you support cusotmers based in France,OTHER
494,"Hey, I am not able to log in from my MacBook but it works on my computer.",ACCOUNT_ACCESS
2559,I cannot log in after resetting my password. Thanks a lot.,ACCOUNT_ACCESS
3204,"Hi, I forgot the email I used to register and cannot get into my account. Please advise.",ACCOUNT_ACCESS
4454,"Hello support, Wehre is your company located? Thank you.",OTHER
4223,I got charged in the wrong currency for my annual plan. Thanks in advance.,BILLING_PAYMENT
6068,"Good morning, Which page lets me manage my workspace name?",HOW_TO_SUPPORT
8805,"Hi there, Test message, please ignore. Thank you.",OTHER
8461,I cannot log in after changing my email address. Please respond soon.,ACCOUNT_ACCESS
645,"Hello team, Could you add custom filters to the search page?",FEATURE_REQUEST
9376,"I am new here, how do I delete a workspace? Thanks.",HOW_TO_SUPPORT
9403,How can I link my account to Slack?,HOW_TO_SUPPORT
1040,Please credit my account for the payment error for my annual plan.,BILLING_PAYMENT
8337,"I am a student working on a school project about your product, who can I talk to? Please help.",OTHER
6916,"I want to switch to annual billing to get the discount, how is the payment handled? Any help would be appreciated.",BILLING_PAYMENT
9140,Everything works on my computer but the search page crashes on my Linux machine. Please advise.,TECHNICAL_ISSUE
216,"Hello support, Please credit my account for the payment error yesterday. Any help would be appreciated.",BILLING_PAYMENT
9863,"Hello, Please let us export tables to Word",FEATURE_REQUEST
1547,"Thank you for your help, everythnig is fine now.",OTHER
8629,"Hi team, Suggestion: allow users to mark items as favorites.",FEATURE_REQUEST
9509,"Hello, Could you tell me how to pin a dashboard as my home page",HOW_TO_SUPPORT
3592,I paid for the Starter plan but my account still shows the free tier. Thank you.,BILLING_PAYMENT
7061,"Hello, I am a student working on a school project about your product, who can I talk to?",OTHER
5541,"Hi team, The site is down for me, I only see a 502 bad gateway. Please help",TECHNICAL_ISSUE
552,How did your company start? I am curious. Please help.,OTHER
3603,The page never finishes loading and only shows a timeuot error.,TECHNICAL_ISSUE
1341,"Good afternoon, I would like instructions on how to rename a project. Thanks.",HOW_TO_SUPPORT
4847,"Hi, I want to report something that does not fit any category.",OTHER
9428,"Hello support, Cuold someone give me an overview of what your company does? Please respond soon",OTHER
3962,"Good morning, It would be great to have offline mode in the inbox. Thanks.",FEATURE_REQUEST
2152,The application crashes when I click publish.,TECHNICAL_ISSUE
3302,"Greetings, Is there a guide that shows how to set up my workspace for the first time?",HOW_TO_SUPPORT
4155,I paid for the Business plan but my account still shows the free tier. Thanks a lot,BILLING_PAYMENT
1969,I would like to know who I should cotnact regarding a collaboration.,OTHER
2146,Could you tell me how to download a report? Please help.,HOW_TO_SUPPORT
1369,"Hello, I have a question about your service.",OTHER
2495,"Hi team, I cannot access my task list because it says I do not have permission.",ACCOUNT_ACCESS
10000,Please forward this message to a manager.,OTHER
2543,"Hello team, Not sure how to create a custom report, can you point me to the right help article?",HOW_TO_SUPPORT
9684,"hello support, i forgot the email i used to register and cannot get into my account.",ACCOUNT_ACCESS
9351,The inbox becomes blank when I upload a PDF. Regards.,TECHNICAL_ISSUE
9899,How can I find my activity history? Thanks in advance.,HOW_TO_SUPPORT
5702,I need a receipt for my payment for March for tax purposes. Please advise,BILLING_PAYMENT
9966,Any documentation on how to pin a dashboard as my home page?,HOW_TO_SUPPORT
4399,"Hi there, The website does not work properly in Chrome, but it is fine in another browser. Thanks a lot.",TECHNICAL_ISSUE
4748,"Hi, The login page keeps redirecting me back to the sign in screen.",ACCOUNT_ACCESS
6960,There is an unknown charge of GBP 45 from your company on my bank statement.,BILLING_PAYMENT
4303,Wihch page lets me manage my display name?,HOW_TO_SUPPORT
6698,"Good afternoon, How did your comapny start? I am curious.",OTHER
3551,"Hello team, I cannot recover my account because the security questions are not working.",ACCOUNT_ACCESS
539,It would be helpful if the workspace supported custom filters.,FEATURE_REQUEST
9427,My PayPal payment failed but the money left my account. Thanks.,BILLING_PAYMENT
2702,Can you build a favorites list into the notifications panel? Many users would benefit.,FEATURE_REQUEST
3955,Do you have a tutorial on how to add a comment to a task? Thank you.,HOW_TO_SUPPORT
4909,"Hi there, My team would love to have drag and drop. Is it on the roadmap? Thanks a lot.",FEATURE_REQUEST
9400,Do you have a tutorial on how to remove a user from my team?,HOW_TO_SUPPORT
5753,Which menu do I use to pin a dashboard as my home page?,HOW_TO_SUPPORT
4290,I do not have access to my old email address and need to recover my account. Thanks in advance.,ACCOUNT_ACCESS
4425,"Dear support team, Please reset my account access, I cannot get past the login screen.",ACCOUNT_ACCESS
4716,My account has been deactivated and I do not know why.,ACCOUNT_ACCESS
4437,"Good morning, The login code takes forever to arrive and then it has expired.",ACCOUNT_ACCESS
2740,"Hello, The app crashes every time I try to sync. Let me know what to do.",TECHNICAL_ISSUE
7697,"Hey, My payment was successful but my subcsription is still inactive.",BILLING_PAYMENT
2244,I have a general inquiry that does not fit any of the topics. Regards.,OTHER
5738,"Dear support team, The exported spreadsheet is corrupted and cannot be opened.",TECHNICAL_ISSUE
8087,"Hello support, There is an unknown charge of $9.99 from your company on my bank statement",BILLING_PAYMENT
5581,Can you send me an invoice for the $24.99 payment? Please respond soon.,BILLING_PAYMENT
1241,"Greetings, Not sure how to change my time zone, can you point me to the right help article?",HOW_TO_SUPPORT
6425,"Good afternoon, The inbox becomes blank when I upload a Word document.",TECHNICAL_ISSUE
7618,Feature request: the ability to use the product without an internet connection. Please respond soon.,FEATURE_REQUEST
404,"Greetings, Someone changed my password and I no longer have access to my account.",ACCOUNT_ACCESS
6494,"Hello, I am stuck in a loop where the site asks me to verify my email again and again",ACCOUNT_ACCESS
9482,I was charged $24.99 on the first of the month but I expected a different amount. Please help.,BILLING_PAYMENT
1108,Any documentation on how to update my profile picture? Thanks a lot.,HOW_TO_SUPPORT
1005,"Hello team, I am getting a something went wrong message whenever I open the dashboard.",TECHNICAL_ISSUE
4675,It would improve my workflow if I could add comments to reports. Any help would be appreciated.,FEATURE_REQUEST
4190,Please consider adding a way to sort the list by multiple columns.,FEATURE_REQUEST
8530,My colleague left the company and I need access to the admin account. Please help.,ACCOUNT_ACCESS
3916,"Greetings, Can I pay by bank transfer instead of card? My card keeps getting declined. Let me know what to do",BILLING_PAYMENT
4708,"Greetings, My payment was successful but my subscription is still inactive. Please help.",BILLING_PAYMENT
2467,"Hi, The verification step keeps failing when I try to sign in, an hour ago.",ACCOUNT_ACCESS
8824,"Hi there, Do you have a tutorial on how to archive old projects?",HOW_TO_SUPPORT
2630,"Hello, I am not able to log in from my iPhone but it works on my computer.",ACCOUNT_ACCESS
7979,Everything works on my computer but the project board crashes on my tablet. Please respond soon.,TECHNICAL_ISSUE
414,Can someone explain how to use the team page,HOW_TO_SUPPORT
9694,"Hey, I wish the notifications panel had auto save.",FEATURE_REQUEST
2123,"Hi there, Do you support customers based in France?",OTHER
7909,Please send an invoice for my latest Pro subscription payment. Thanks.,BILLING_PAYMENT
5930,"Dear support team, I was billed $249 twice for the same subscription. Any help would be appreciated.",BILLING_PAYMENT
4195,Where do I go in the settings page to change my privacy settings? Thanks in advance.,HOW_TO_SUPPORT
2367,"Hello team, I would like to know who I should contact regarding a collaboration",OTHER
1494,How do I change my time zone?,HOW_TO_SUPPORT
3755,"Hello team, How can I connect my calendar?",HOW_TO_SUPPORT
9334,"Dear support team, The app crashes every time I try to export.",TECHNICAL_ISSUE
9809,"Hi there, I am new here, how do I change my time zone? Regards.",HOW_TO_SUPPORT
2575,"Good morning, The payment page rejects my card and I cannot renew my Business plan.",BILLING_PAYMENT
4914,Is your service available in Nigeria? Any help would be appreciated.,OTHER
7950,I am getting a error 500 whenever I open the team page. Please advise.,TECHNICAL_ISSUE
1807,Do you support customers based in Singapore? Please help.,OTHER
2913,The project board does not display anything after the latest update. Thanks.,TECHNICAL_ISSUE
5942,My username is not recognized on the login page. Please advise.,ACCOUNT_ACCESS
5120,How did your company start? I am curious. Let me know what to do.,OTHER
7888,I would like to speak with a sales represetnative about enterprise options,OTHER
8640,"Hello support, My account has been frozen and I do not know why.",ACCOUNT_ACCESS
8119,Charts on the profile page do not load.,TECHNICAL_ISSUE
1011,I cannot log in for the past few days.,ACCOUNT_ACCESS
9205,please consider adding a way to schedule reports in advance.,FEATURE_REQUEST
7936,The print button does nothing on the mobile app. Please respond soon,TECHNICAL_ISSUE
9059,What are the steps to change the date format? Thanks.,HOW_TO_SUPPORT
8331,Buttons on the task list do not respond when I click them.,TECHNICAL_ISSUE
3550,The app crashes eevry time I try to delete.,TECHNICAL_ISSUE
5217,Is three a guide that shows how to set my working hours?,HOW_TO_SUPPORT
3794,I am unable to sign in to my account for a week.,ACCOUNT_ACCESS
921,"Hello, Everything on the search page is loading extremely slowly since Monday.",TECHNICAL_ISSUE
2525,Can you explain how to tarnsfer ownership of a workspace? Thank you.,HOW_TO_SUPPORT
4722,"Hey, I need help but I am not sure which option applies. Please respond soon.",OTHER
1632,"Hello support, My username is not recognized on the login page. Any help would be appreciated.",ACCOUNT_ACCESS
6488,"Hello, It would improve my workflow if I could schedule reports in advance.",FEATURE_REQUEST
637,"Hi team, There is an unknown charge of $249 from your company on my bank statement.",BILLING_PAYMENT
1068,"Hi, My payment was successful but my subscription is still inactive. Any help would be appreciated.",BILLING_PAYMENT
737,"Dear support team, My card was chagred three times for March. Let me know what to do.",BILLING_PAYMENT
9240,"Hello team, I am not sure who to ask about this.",OTHER
3610,How did your company start? I am curious. Thanks a lot.,OTHER
7266,"Dear support team, I changed my email adrdess and now I cannot access my account",ACCOUNT_ACCESS
5398,"Hello, Do you have a tutorial on how to change my time zone?",HOW_TO_SUPPORT
7114,I am trying to upload a company logo but I cannot find the option. Where is it?,HOW_TO_SUPPORT
2936,"Good afternoon, My payment was successful but my subscription is still inactive.",BILLING_PAYMENT
3878,"Greetings, I do not have access to my old email address and need to recover my account. Regards.",ACCOUNT_ACCESS
8330,"I got a new phone and my authenticator app no longer works, so I cannot log in. Any help would be appreciated.",ACCOUNT_ACCESS
3472,"Hey, The inbox is very slow and keeps freezing on my Linux machine. Thanks in advance.",TECHNICAL_ISSUE
5339,"hi, i see a spinning loader that neevr finishes on the project board.",TECHNICAL_ISSUE
4165,"Hello team, Add drag and drop please, it is msising from the inbox. Please respond soon.",FEATURE_REQUEST
5723,Please show me how to set up a recurring report. Thank you,HOW_TO_SUPPORT
8642,"Hi there, My bank shows a pending charge of GBP 45 that I do not recognize.",BILLING_PAYMENT
1418,Can I pay by bank transfer instead of card? My card keeps getting declined. Thanks.,BILLING_PAYMENT
3726,Charts on the billing page do not load. Thanks a lot,TECHNICAL_ISSUE
3967,Which menu do I use to pin a dashboard as my home page? Thanks.,HOW_TO_SUPPORT
6734,My account has been disabled and I do not know why. Thanks a lot.,ACCOUNT_ACCESS
1718,"Good morning, Someone changed my password and I no longer have access to my account",ACCOUNT_ACCESS
6190,I downgraded to the Team plan but I was still billed the higher price. Thank you.,BILLING_PAYMENT
8732,Is there a gudie that shows how to set up my workspace for the first time?,HOW_TO_SUPPORT
8420,After I reset my password the new one is not accepted. Thank you.,ACCOUNT_ACCESS
5258,everything works on my computer but the dashboard crashes on my tablet. please help.,TECHNICAL_ISSUE
7718,"Dear support team, Please reset my account access, I cannot get past the login screen. Any help would be appreciated.",ACCOUNT_ACCESS
9876,Is your service available in the United Kingdom?,OTHER
6313,"Hello support, My invitation link to join the team does not let me sign in.",ACCOUNT_ACCESS
160,Text is cut off and overlapping on the reports page on my Android phone. Thanks in advance.,TECHNICAL_ISSUE
4912,The dashboard numbers are wrong and do not macth the raw data. Any help would be appreciated.,TECHNICAL_ISSUE
7620,I would like to get in touch with a manager. Please advise.,OTHER
1800,I am unable to sign in to my account for two days. Any help would be appreciated.,ACCOUNT_ACCESS
9505,Is it posisble to set my working hours? I cannot find where.,HOW_TO_SUPPORT
1325,"Hello, How do I remove a user from my team?",HOW_TO_SUPPORT
9223,buttons on the billing page do not respond when i click them. please respond soon.,TECHNICAL_ISSUE
4890,I do not have access to my old email address and need to recover my account.,ACCOUNT_ACCESS
4786,"Hello, The API returns a server error when I call the endpoint.",TECHNICAL_ISSUE
4953,"Add bulk actions please, it is missing from the search page.",FEATURE_REQUEST
6322,"Hi, I am writing to ask about internship opportunities. Regards.",OTHER
6939,"Hey, Why was I billed $14 when my plan should be cheaper?",BILLING_PAYMENT
8649,"Greetings, The analytics page does not display anything after the latest update. Any help would be appreciated.",TECHNICAL_ISSUE
2004,Is it possible to turn on email alerts? I cannot find where. Please help.,HOW_TO_SUPPORT
5605,"I am getting a message that my account is temporarily locked, please help me get in. Thanks a lot.",ACCOUNT_ACCESS
5939,The coupon code did not apply at checkout and I was charged the full price.,BILLING_PAYMENT
9363,any documentation on how to delete a workspace?,HOW_TO_SUPPORT
7268,"hello support, my creidt card was declined but my bank says there is no problem.",BILLING_PAYMENT
6372,Please credit my account for the payment error last month. Please help.,BILLING_PAYMENT
8596,"Good morning, Please add bulk actions to the inbox. Thanks",FEATURE_REQUEST
5949,I am unable to sign in to my account since last night. Thanks in advance.,ACCOUNT_ACCESS
6875,My account is blocked and I cannot reach my data.,ACCOUNT_ACCESS
7557,I would like instructions on how to make a teammate an admin. Thanks a lot.,HOW_TO_SUPPORT
4881,The billing page is very slow and keeps freezing on my Windows laptop.,TECHNICAL_ISSUE
4491,I need to talk to someone but I do not know what to select. Please advise,OTHER
1774,"Greetings, Could you tell me how to share a dashboard with a client?",HOW_TO_SUPPORT
3993,I am locekd out after too many failed login attempts.,ACCOUNT_ACCESS
453,I was billed $9.99 twice for the same subscription. Thanks.,BILLING_PAYMENT
8685,I upgraded my plan but the charge shows the wrong amount. Thanks.,BILLING_PAYMENT
1505,"just started using the product, need to know how to add a comment to a task.",HOW_TO_SUPPORT
1020,Please credit my account for the payment error last month.,BILLING_PAYMENT
3628,Any plans to support Snihala in the interface?,FEATURE_REQUEST
30,Is there a guide that shows how to make a teammate an admin?,HOW_TO_SUPPORT
2731,"Hello team, The integration keeps disconnecting and shows an error each time.",TECHNICAL_ISSUE
4981,Feature request: the ability to pin important items to the top.,FEATURE_REQUEST
1570,I was charged $19 for June but I expected a different amount.,BILLING_PAYMENT
2614,I was billed $49 twice for the same subscription.,BILLING_PAYMENT
3459,"hi, i never received the magic link, i already checked my spam folder.",ACCOUNT_ACCESS
7100,Suggestion: allow users to assign tasks to multiple people.,FEATURE_REQUEST
933,"Hey, Why is my account frozen? I cannot reach my data. Any help would be appreciated.",ACCOUNT_ACCESS
9179,Would it be possible to set reminders on tasks? That would save us a lot of time.,FEATURE_REQUEST
3127,"Hi there, I want a refund because I was billed after cancelling.",BILLING_PAYMENT
9130,"Hello, Video preveiws will not play in the inbox.",TECHNICAL_ISSUE
2036,"Hello team, My account has been deactivated and I do not know why.",ACCOUNT_ACCESS
3106,"Hi, Do you have a tutorial on how to merge duplicate entries?",HOW_TO_SUPPORT
884,The autosave is broken and my work was lost an hour ago. Thanks.,TECHNICAL_ISSUE
1374,My bank shows a pending charge of $19 that I do not recognize.,BILLING_PAYMENT
5148,It would be helpful if the workspace supported drag and drop.,FEATURE_REQUEST
7311,Images are not displaying correctly on the workpsace in Brave.,TECHNICAL_ISSUE
6711,Please add support for exporting to Excel and also templates.,FEATURE_REQUEST
3748,"Good morning, Do you have a partnership program",OTHER
8212,I would love to see an integration with Outlook.,FEATURE_REQUEST
942,Do you have a partnesrhip program?,OTHER
9833,"Not sure how to turn on eamil alerts, can you point me to the right help article? Thank you.",HOW_TO_SUPPORT
8586,"Hello support, Thank you for your help, everything is fine now.",OTHER
1871,"Hello support, Do you have a partnership program? Thank you.",OTHER
7977,Is there someone I can meet in preson to talk about your product? Please advise.,OTHER
7231,everything on the billing page is loading extremely slowly since the latest update.,TECHNICAL_ISSUE
3847,"Dear support team, There is a mistake in my latest invoice, the total does not match the plan price. Let me know what to do.",BILLING_PAYMENT
4599,I would like the option to tag items with labels in a future release. Thank you.,FEATURE_REQUEST
3219,Product idea: let us filter by date range.,FEATURE_REQUEST
7682,"my changes are not saved, the mobile app reverts to the old values.",TECHNICAL_ISSUE
5443,It would be great to have drag and drop in the inbox.,FEATURE_REQUEST
8446,Can you walk me thorugh how to upload a company logo?,HOW_TO_SUPPORT
5281,I cannot log in after resetting my password. Thanks.,ACCOUNT_ACCESS
6456,Do you support customers bsaed in Brazil?,OTHER
9666,"good afternoon, please add custom themes to the profile page.",FEATURE_REQUEST
2852,"Please get back to me when you can, I have a few questions.",OTHER
458,"Good morning, Please send daily progress reports to my inbox automatically, it would help a lot.",FEATURE_REQUEST
1932,"Hello, Can you send me some information about what you offer? Any help would be appreciated.",OTHER
3138,"Hello support, The publish btuton does nothing on the reports page.",TECHNICAL_ISSUE
6834,it would improve my workflow if i could tag items with labels. please help.,FEATURE_REQUEST
8041,"Hello support, What is the easiest way to set up a recurring report?",HOW_TO_SUPPORT
5948,"My subscription renewed automatically and I did not want that, please refund me. Let me know what to do.",BILLING_PAYMENT
9576,Do you support cutsomers based in Canada?,OTHER
9123,It would be great to have a calendar view in the workspace.,FEATURE_REQUEST
1307,"Good afternoon, What are your business hours? Thanks a lot.",OTHER
676,"Hi team, Do you support customers based in India?",OTHER
6941,I would like to get in touch with sales. Please respond soon.,OTHER
9035,"Good afternoon, Is there someone I can meet in person to talk about your product?",OTHER
2312,"Good afternoon, The autosave is broken and my work was lost for a week.",TECHNICAL_ISSUE
3622,I changed my email address and now I cannot access my account. Please advise.,ACCOUNT_ACCESS
5042,"Greetings, I am new here, how do I find my activity history? Let me know what to do.",HOW_TO_SUPPORT
8684,"Greetings, I am getting a blank white screen whenever I open the dashboard.",TECHNICAL_ISSUE
2735,Can you send me some information about what you offer? Thanks a lot.,OTHER
1658,"Greetings, I forgot my password and the reset link says it has expired",ACCOUNT_ACCESS
6287,i was removed from the workspace by mistake and cannot get back in. regards.,ACCOUNT_ACCESS
1321,"Hi there, I am trying to create a template but I cannot find the option. Where is it",HOW_TO_SUPPORT
8122,"Hello team, I changed my phone number and now I cannot get the login code.",ACCOUNT_ACCESS
247,"Good morning, The password I created during sign up is not accepted at login.",ACCOUNT_ACCESS
2861,I am unable to sign in to my account since this morning. Thanks.,ACCOUNT_ACCESS
4402,"Hi, I upgraded my plan but the charge shows the wrong amount.",BILLING_PAYMENT
9828,"Hi there, Please reset my account access, I cannot get past the login screen.",ACCOUNT_ACCESS
6042,"Greetings, Do you offer any evetns or webinars?",OTHER
6923,"I am getting a message that my account is temporarily locked, please help me get in. Please help.",ACCOUNT_ACCESS
1001,"Hey, How do I use the settings page to create a custom report?",HOW_TO_SUPPORT
3276,"Hey, Please let us export invoices to PDF.",FEATURE_REQUEST
8222,"Hello support, My PayPal payment failed but the money left my account.",BILLING_PAYMENT
7571,I am getting a blank white screen whenever I open the admin console.,TECHNICAL_ISSUE
291,"Hi team, Please refund my last payment, I did not use the service at all.",BILLING_PAYMENT
3457,"Greetings, The verification step keeps failing when I try to sign in, an hour ago. Regards.",ACCOUNT_ACCESS
2898,Is your service availalbe in Brazil?,OTHER
2029,It would be helpful if the notifications panel supported keyboard shortcuts.,FEATURE_REQUEST
7676,"Hello, Please let us export analytics data to PowerPoint.",FEATURE_REQUEST
8203,"hello team, where is your company located? thanks.",OTHER
4736,i wish the settings page had templates.,FEATURE_REQUEST
658,"Hi there, Please credit my account for the payment error for March. Thanks.",BILLING_PAYMENT
2524,I cannot sign in with my Gogole account anymore.,ACCOUNT_ACCESS
9571,Any plans to support French in the interface? Regards.,FEATURE_REQUEST
6278,My card was charged twice for June.,BILLING_PAYMENT
963,The exported spreadsheet is corurpted and cannot be opened.,TECHNICAL_ISSUE
1335,My invtiation link to join the team does not let me sign in.,ACCOUNT_ACCESS
8371,I wish the admin console had an undo button. Thanks in advance.,FEATURE_REQUEST
1000,"Good morning, The sync between my devices has stopped working.",TECHNICAL_ISSUE
1843,Which menu do I use to merge duplicate entries?,HOW_TO_SUPPORT
1097,"Hi, After I reset my password the new one is not accepted.",ACCOUNT_ACCESS
6146,Can you explain how to delete a workspace? Please advise.,HOW_TO_SUPPORT
7594,"Hello, The application crashes when I click sync.",TECHNICAL_ISSUE
1822,Everything on the notifications panel is loading extremely slowly since last night.,TECHNICAL_ISSUE
8585,"Dear support team, Which page lets me manage my export options?",HOW_TO_SUPPORT
1488,"Hey, Could someone give me an overview of what your company does? Please help.",OTHER
8508,"Hello support, I think I sent this to the wrong place, who is the right contact? Please respond soon.",OTHER
9251,"Hey, The mobile app is very slow and keeps freezing on my Android phone. Thanks a lot.",TECHNICAL_ISSUE
9424,i am trying to connect my calendar but i cannot find the option. where is it? thanks in advance.,HOW_TO_SUPPORT
8018,"Good afternoon, Charts on the dashboard do not load.",TECHNICAL_ISSUE
9356,Which menu do I use to link my account to Slack?,HOW_TO_SUPPORT
3879,"Hey, Do you support customers based in Germany?",OTHER
6564,"Hello, The workspace does not display anything after the latest update. Please help.",TECHNICAL_ISSUE
2053,"Greetings, I would love to see an integration with Microsoft Teams.",FEATURE_REQUEST
2562,"Greetings, Is it possible to create a custom report? I cannot find where.",HOW_TO_SUPPORT
272,Do you offer any events or webinars? Regards.,OTHER
8257,Images are not displaying correctly on the calendar in Edge. Any help would be appreciated.,TECHNICAL_ISSUE
3654,"Dear support team, Images are not displaying correctly on the profile page in Edge.",TECHNICAL_ISSUE
3976,The password I created druing sign up is not accepted at login.,ACCOUNT_ACCESS
1135,"Hello support, I would like instructions on how to create a new project.",HOW_TO_SUPPORT
4777,Can you walk me through how to download a report?,HOW_TO_SUPPORT
965,The login page keeps redirecting me back to the sign in screen. Let me know what to do.,ACCOUNT_ACCESS
7566,"Hi, My bank shows a pending charge of EUR 39 that I do not recognize.",BILLING_PAYMENT
507,"Good morning, I wish the billing page had auto save.",FEATURE_REQUEST
5896,What is the easiest way to turn on email alerts? Please help.,HOW_TO_SUPPORT
7989,I see a spinning loader that never finishes on the settings page.,TECHNICAL_ISSUE
6607,My bank shows a pending charge of $29 that I do not recognize. Thank you.,BILLING_PAYMENT
4921,How do I use the task list to use filters on the dashboard?,HOW_TO_SUPPORT
7117,Why was I billed $49 when my plan should be cheaper,BILLING_PAYMENT
4097,There is an unknown charge of GBP 45 from your company on my bank statement. Please help,BILLING_PAYMENT
2541,i was charged $49 this month but i expected a different amount.,BILLING_PAYMENT
9845,"Hi team, My cahnges are not saved, the inbox reverts to the old values. Thanks.",TECHNICAL_ISSUE
8669,I cannot log in on my Linux machine. Thanks a lot.,ACCOUNT_ACCESS
5162,I was bliled $249 twice for the same subscription.,BILLING_PAYMENT
4321,"Hello team, The mobile app closes immediately after opening on my Android phone.",TECHNICAL_ISSUE
1684,A pop up with a error 404 appears eevry time I try to sync. Please help,TECHNICAL_ISSUE
6794,"Hey, I am not sure who to ask about this. Please respond soon",OTHER
64,"Hi there, Please forward this message to customer success.",OTHER
3985,"Hey, I would like a refund for the GBP 45 charge yesterday.",BILLING_PAYMENT
1949,can you explain how to set my working hours? let me know what to do.,HOW_TO_SUPPORT
4512,The notifications panel does not display anything after the latest update. Thank you,TECHNICAL_ISSUE
6534,The team page becomes blank when I upload a ZIP file.,TECHNICAL_ISSUE
6406,"Good morning, I have some questions about your company before I proceed.",OTHER
493,"Greetings, The application crashes when I click upload.",TECHNICAL_ISSUE
1073,I would like instructions on how to restore a deleted file.,HOW_TO_SUPPORT
8704,"I am new here, how do I change the date format?",HOW_TO_SUPPORT
6179,"Hey, Could you tell me how to share a dasbhoard with a client?",HOW_TO_SUPPORT
3207,"I am new here, how do I archive old projects?",HOW_TO_SUPPORT
1513,"I have been overcharged on the first of the month, please look into my billing. Let me know what to do.",BILLING_PAYMENT
7013,The page never finishes loading and only shows a blank white screen. Thank you.,TECHNICAL_ISSUE
4094,"Dear support team, Can someone explain how to use the settings page? Thanks in advance.",HOW_TO_SUPPORT
688,"The site is down for me, I only see a error code 403",TECHNICAL_ISSUE
3319,"Good morning, Suggestion: allow users to assign tasks to multiple people",FEATURE_REQUEST
5243,"Hello team, I think I sent this to the wrong place, who is the right contact?",OTHER
4418,My account is locked and I cannot reach my data.,ACCOUNT_ACCESS
1844,"Good morning, I am unable to sign in to my account since this morning.",ACCOUNT_ACCESS
1061,"Hello team, I got a new phone and my authenticator app no longer works, so I cannot log in.",ACCOUNT_ACCESS
7146,"Hello support, My colleague left the company and I need access to the admin account.",ACCOUNT_ACCESS
7015,"Greetings, I need help but I am not sure which option applies. Any help would be appreciated.",OTHER
4175,"I have been overcharged for March, please look into my billing.",BILLING_PAYMENT
4489,The app freezes when I try to submit a large PDF.,TECHNICAL_ISSUE
9927,I was charged $9.99 for a plan I never upgraded to.,BILLING_PAYMENT
5979,Please add support for exporting to CSV and also custom filters.,FEATURE_REQUEST
2864,My card was charged three times on the first of the month. Please help.,BILLING_PAYMENT
4696,"Hi team, It would be nice to have passkey support.",FEATURE_REQUEST
6560,It would be great to have an undo button in the team page.,FEATURE_REQUEST
1576,The page shows an unexpected error 404 when I save my profile.,TECHNICAL_ISSUE
9440,"Hi team, Which page lets me manage my privacy settings?",HOW_TO_SUPPORT
6622,I have a question about your service. Thanks a lot.,OTHER
9315,I cannot log in on my Android phone. Let me know what to do.,ACCOUNT_ACCESS
5268,"Hello, I wish the settings page had drag and drop.",FEATURE_REQUEST
7845,"Greetings, Buttons on the settings page do not respond when I click them.",TECHNICAL_ISSUE
6517,I would like to get in touch with customer success. Let me know what to do.,OTHER
5970,"Hi there, Test message, please ignore. Please advise",OTHER
6627,The one-time passcode never arrives in my inbox.,ACCOUNT_ACCESS
3080,My card was charged three times for my annual plan. Thanks a lot.,BILLING_PAYMENT
9979,"Hi, Can you explain how to turn on email alerts? Please help.",HOW_TO_SUPPORT
4502,"Dear support team, I was charged $19 this week but I expected a different amount.",BILLING_PAYMENT
4784,It would be helpful if the project board supported offline mode.,FEATURE_REQUEST
1603,"Hi team, Where do I go in the task list to change my workspace name? Regards.",HOW_TO_SUPPORT
761,it would be great to have auto save in the profile page.,FEATURE_REQUEST
9742,"I got a new phone and my authenticator app no longer works, so I cannot log in. Thanks.",ACCOUNT_ACCESS
5242,"Hello support, Can I pay by bank transfer instead of card? My card keeps getting declined. Regards.",BILLING_PAYMENT
2941,I get a server error when I try to upload on the admin console. Regards.,TECHNICAL_ISSUE
1136,The autosave is broken and my work was lost since Monday. Thanks in advance.,TECHNICAL_ISSUE
9122,"Not sure how to restore a deleted file, can you point me to the right help article?",HOW_TO_SUPPORT
7084,My card was charged twice this quarter. Please help.,BILLING_PAYMENT
5135,"Hello team, I would like to get in touch with the partnerships team",OTHER
2046,I changed my phone number and now I cannot get the login code. Thank you.,ACCOUNT_ACCESS
1698,My card was charged twice for June. Please respond soon.,BILLING_PAYMENT
24,I need help but I am not sure which option applies.,OTHER
5198,"Good afternoon, I want a refund because I was billed after cancelling",BILLING_PAYMENT
772,I cannot log in since last night.,ACCOUNT_ACCESS
9324,"Greetings, I keep getting an invalid password message even though I am typing it correctly.",ACCOUNT_ACCESS
3330,"Hi, I am not able to log in from my Linux machine but it works on my computer.",ACCOUNT_ACCESS
5351,Please consider adding a way to add custom fields to every project,FEATURE_REQUEST
3528,"Greetings, I need to update the billing address on my invoice.",BILLING_PAYMENT
5921,"Hi team, I cannot log in on my Windows laptop.",ACCOUNT_ACCESS
1540,Everything on the dashboard is loading extremely slowly since yesterday. Any help would be appreciated.,TECHNICAL_ISSUE
3534,I cannot log in since last night. Thanks in advance.,ACCOUNT_ACCESS
264,Which menu do I use to upload a company logo?,HOW_TO_SUPPORT
23,I would like more information before I create an account.,OTHER
8654,"I never received the confirmation email, I already checked my spam folder.",ACCOUNT_ACCESS
2837,Please forward this message to sales. Thanks a lot.,OTHER
3397,Please add drag and drop to the search page.,FEATURE_REQUEST
4895,What are the steps to update my profile picture?,HOW_TO_SUPPORT
6664,"the site is down for me, i only see a error 500.",TECHNICAL_ISSUE
6642,Can you tell me more about your privacy policy? Any help would be appreciated.,OTHER
3477,"Hey, I am getting a message that my account is temporarily locked, please help me get in.",ACCOUNT_ACCESS
6682,How do I use the porject board to add a comment to a task? Please advise.,HOW_TO_SUPPORT
6975,the system says the spreadsheet format is not supported even though it is valid.,TECHNICAL_ISSUE
5606,"Good afternoon, I am unable to sign in to my account since yesterday.",ACCOUNT_ACCESS
6675,"Hi there, Text is cut off and overlapping on the analytics page on my MacBook. Thanks a lot.",TECHNICAL_ISSUE
4715,Video previews will not play in the search page. Regards.,TECHNICAL_ISSUE
8405,The billing page becomes blank when I upload a CSV file.,TECHNICAL_ISSUE
6252,"Hello, The login page keeps redirecting me back to the sign in screen. Thank you.",ACCOUNT_ACCESS
4312,"Good afternoon, Is there a guide that shows how to share a dashboard with a client?",HOW_TO_SUPPORT
7168,I forgot the emial I used to register and cannot get into my account.,ACCOUNT_ACCESS
6573,"Hey, I need to update the billing address on my invoice. Please respond soon.",BILLING_PAYMENT
2216,How can I add a new team member?,HOW_TO_SUPPORT
2681,"Hello support, The sync between my devices has stopped working.",TECHNICAL_ISSUE
5432,"Hello support, The security code never arrives in my inbox.",ACCOUNT_ACCESS
5818,I cannot log in on my tablet.,ACCOUNT_ACCESS
8238,Would you consider adding a Microsoft Teams connection to your product? Please help.,FEATURE_REQUEST
5934,"Hello support, Can someone contact me about an issue?",OTHER
3833,I am locked out after too many faield login attempts. Please help.,ACCOUNT_ACCESS
6626,"Hello, I have a question about your service. Thank you.",OTHER
4861,Why did the price of my monthly plan go up? Any help would be appreciated.,BILLING_PAYMENT
1100,"Hi, I was billed GBP 45 twice for the same subscription. Please advise",BILLING_PAYMENT
1117,The settings page shows a timeout error since last night. Thanks a lot.,TECHNICAL_ISSUE
9050,"I am getting a message that my account is temporarily locked, plaese help me get in. Regards.",ACCOUNT_ACCESS
58,I cannot access my admin console because it says I do not have permission.,ACCOUNT_ACCESS
2403,The integration keeps disconnecting and shows an error each time.,TECHNICAL_ISSUE
7818,Everything works on my computer but the settings page crashes on my iPad. Thanks.,TECHNICAL_ISSUE
2107,I need help but I am not sure which option applies. Regards.,OTHER
3546,"Hi, Would you consider adding a Jira connection to your product? Please help.",FEATURE_REQUEST
7408,"Hi, There is an unknown charge of EUR 39 from your comapny on my bank statement.",BILLING_PAYMENT
7215,I was charged $49 for a plan I never upgraded to. Regards.,BILLING_PAYMENT
1390,"Good morning, The app freezes when I try to share a large video file.",TECHNICAL_ISSUE
4546,It would be helpful if the notifications panel supported offline mode.,FEATURE_REQUEST
1958,"Good afternoon, I need a receipt for my payment for March for tax purposes.",BILLING_PAYMENT
8929,"Good afternoon, The refresh button does nothing on the team page.",TECHNICAL_ISSUE
6860,"Hi team, Thank you for your help, everything is fine now. Any help would be appreciated.",OTHER
816,Can you walk me through how to rename a project,HOW_TO_SUPPORT
6033,"hello, i cannot log in after changing my email address.",ACCOUNT_ACCESS
8258,"Hi team, Do you have any security certifications?",OTHER
9367,The analytics page shows a error code 403 for a week.,TECHNICAL_ISSUE
314,"Hello, Can I know more about your service befroe deciding?",OTHER
4163,"Greetings, Charts on the profile page do not load.",TECHNICAL_ISSUE
7113,Do you offer any events or webinars?,OTHER
2103,"Hello team, Do you have a partnership program?",OTHER
526,Why did the price of my Pro plan go up? Regards.,BILLING_PAYMENT
7419,"Hey, I need a corrected invoice with our new company address. Let me know what to do.",BILLING_PAYMENT
6904,Could you add an option to export activity logs as Word? Thanks,FEATURE_REQUEST
725,"Hello, I cannot log in an hour ago.",ACCOUNT_ACCESS
6530,The project board is very slow and keeps freezing on my Windows laptop.,TECHNICAL_ISSUE
3631,"Test message, please ignore. Thanks in advance.",OTHER
246,"Greetings, I cannot log into my account, it says the email address is not registered but I have used it before. Please respond soon.",ACCOUNT_ACCESS
1037,How can I change the language of the interface?,HOW_TO_SUPPORT
6926,"Hello, The task list shows a something went wrong message an hour ago.",TECHNICAL_ISSUE
1147,"Hi, Can I know more about your sevrice before deciding?",OTHER
7824,My session logs me out immediately atfer I sign in.,ACCOUNT_ACCESS
9010,The autosave is broken and my work was lost since this morning. Let me know what to do.,TECHNICAL_ISSUE
9901,The system says the Word document format is not supported even thuogh it is valid.,TECHNICAL_ISSUE
3420,Can you walk me through how to add a comment to a task?,HOW_TO_SUPPORT
6891,"Hello, The page keeps refreshing by itself and I lose what I typed",TECHNICAL_ISSUE
5855,"Hi there, Do you have any security certifications?",OTHER
8979,"Hello support, Can you walk me through how to import contacts from a CSV file",HOW_TO_SUPPORT
7988,The system says the JPEG photo format is not supported even though it is valid. Thanks.,TECHNICAL_ISSUE
5329,"Hey, Uploading a JPEG photo gets stuck at 50 percent and never finishes. Thanks a lot.",TECHNICAL_ISSUE
2599,product idea: let us assign tasks to multiple people.,FEATURE_REQUEST
982,"Good morning, My changes are not saved, the task list reverts to the old values.",TECHNICAL_ISSUE
530,Login fails on Edge with an authentication failed message.,ACCOUNT_ACCESS
7468,"Hi there, Video previews will not play in the profile page.",TECHNICAL_ISSUE
7152,"my chanegs are not saved, the calendar reverts to the old values.",TECHNICAL_ISSUE
3367,"Hi there, I cannot log in after turning on two-factor authentication.",ACCOUNT_ACCESS
2951,I was charged for extra seats that I did not add. Thank you.,BILLING_PAYMENT
1156,"hi, thanks for the great support last week! please help.",OTHER
8413,I represent a media outlet and want to reach out to the press team. Please advise.,OTHER
2639,"Please send weekly team updates to my inbox automatically, it would help a lot.",FEATURE_REQUEST
3212,Please add custom themes to the search page.,FEATURE_REQUEST
4139,"Hi there, Search returns no results even for items that I know exist.",TECHNICAL_ISSUE
3624,"Good morning, I was charged for extra seats that I did not add. Any help would be appreciated",BILLING_PAYMENT
7943,Could you please implement biometric login in a coming update?,FEATURE_REQUEST
204,"Hello team, Is your service available in Brazil?",OTHER
5593,"Greetings, How do I use the mobile app to set up a recurring report?",HOW_TO_SUPPORT
5478,"I am a student working on a school projcet about your product, who can I talk to? Please respond soon.",OTHER
2077,It would be useful to receive daily performance summaries by email. Any help would be appreciated.,FEATURE_REQUEST
6222,I would like to get in touch with the right department. Regards.,OTHER
2045,"Just started using the product, need to know how to change my notification settings.",HOW_TO_SUPPORT
8333,Can you reocmmend which team I should contact for my request?,OTHER
7244,Why did the price of my Premium plan go up?,BILLING_PAYMENT
6579,"Greetings, What are the steps to change my display name?",HOW_TO_SUPPORT
2632,"Not sure how to change my time zone, can you point me to the right help article?",HOW_TO_SUPPORT
3895,Where can I change my team permissions? Any help would be appreciated.,HOW_TO_SUPPORT
2253,"Hello support, Are you currently hiring?",OTHER
7746,"Hey, I am getting a error code 403 whenever I open the notifications panel.",TECHNICAL_ISSUE
2623,"Hello support, Please get back to me when you can, I have a few questions.",OTHER
5763,Sign in with single sign-on fails and sohws an unauthorized message.,ACCOUNT_ACCESS
9003,It would be helpful if the team page supported an undo button. Thanks.,FEATURE_REQUEST
1683,"The invoice shows the wrong company name, please correct it. Let me know what to do.",BILLING_PAYMENT
4639,Why is my account locked? I have a deadline today.,ACCOUNT_ACCESS
9776,I would like instructions on how to change my display name.,HOW_TO_SUPPORT
2772,Can you send me an invoice for the $59.99 payment? Thank you.,BILLING_PAYMENT
6733,The password I created during sign up is not accepted at login. Please advise.,ACCOUNT_ACCESS
1857,There is a bug where the reports page shows duplicate entries after I refresh.,TECHNICAL_ISSUE
7832,The save button does nothing on the inbox. Any help would be appreciated.,TECHNICAL_ISSUE
6842,i do not have access to my old email address and need to recover my account. any help would be appreciated.,ACCOUNT_ACCESS
8387,Could you please impleemnt login alerts by email in a coming update,FEATURE_REQUEST
9226,Which menu do I use to cretae a template?,HOW_TO_SUPPORT
5184,Is it possible to archive old projects? I cannot find where,HOW_TO_SUPPORT
1203,"I have been overcharged this quarter, please look into my billing. Thanks in advance.",BILLING_PAYMENT
6543,"Hey, I would like more information before I create an account",OTHER
2324,"Good morning, The autosave is broken and my work was lost for a week.",TECHNICAL_ISSUE
1174,Can you send me some information about what you offer? Let me know what to do.,OTHER
7721,"Hi there, Any plans to support Korean in the interface?",FEATURE_REQUEST
7798,Text is cut off and overlapping on the settings page on my Windows laptop.,TECHNICAL_ISSUE
739,How can I find my activity history?,HOW_TO_SUPPORT
2878,"Hi, Where can I find the privacy settings?",HOW_TO_SUPPORT
6119,Someone changed my password and I no longer have access to my account. Let me know what to do,ACCOUNT_ACCESS
6770,Which page lets me manage my default dashboard?,HOW_TO_SUPPORT
1182,"Hi there, Could someone give me an overview of what your company does? Thanks in advance.",OTHER
1467,Can you build offline mode into the admin console? Many users would benefit,FEATURE_REQUEST
7998,"Good afternoon, I am getting a message that my account is temporarily locked, please help me get in.",ACCOUNT_ACCESS
5585,"Hello team, The login page keeps redirecting me back to the sign in screen. Please respond soon.",ACCOUNT_ACCESS
3948,"Dear support team, I am unable to sign in to my account since the latest update. Thanks.",ACCOUNT_ACCESS
3708,There is an unknown charge of $29 from your company on my bank statement.,BILLING_PAYMENT
4577,Please show me how to export my data.,HOW_TO_SUPPORT
3190,"hi there, please consider adding a way to use the product without an internet connection.",FEATURE_REQUEST
2894,"hi, i get an access denied message when i try to open my workspace.",ACCOUNT_ACCESS
6752,"Hi, Just started using the product, need to know how to delete a workspace.",HOW_TO_SUPPORT
2934,"Hi there, I cancelled my subscription weeks ago and you still took money from my account.",BILLING_PAYMENT
1313,Please forward this message to a manager. Any help would be appreciated.,OTHER
2183,"Good morning, Just started using the product, need to know how to rename a project.",HOW_TO_SUPPORT
46,There is a bug where the settings page shows duplicate entries after I delete.,TECHNICAL_ISSUE
8451,"Dear support team, Where can I find the workspace name?",HOW_TO_SUPPORT
1648,"Good morning, I would like instructions on how to use filters on the dashboard.",HOW_TO_SUPPORT
5969,Do you have any secuirty certifications?,OTHER
7698,"Hi team, The inbox does not display anything after the latest update.",TECHNICAL_ISSUE
4369,"Hello, I get an access denied message when I try to open my workspace.",ACCOUNT_ACCESS
4505,"Payment status says pending for days, and my subscription is still not active. Regards.",BILLING_PAYMENT
297,"Hello team, Why did the price of my Enterprise plan go up?",BILLING_PAYMENT
3559,I would like a refund for the EUR 39 charge for my annual plan.,BILLING_PAYMENT
1115,"hello support, what is the easiest way to export my data? thanks a lot.",HOW_TO_SUPPORT
735,"dear support team, please add hnidi language support.",FEATURE_REQUEST
6972,"Hello, Data I entered yesterday disappeared from the notifications panel.",TECHNICAL_ISSUE
7487,"Hello, My account has been deactivated and I do not know why.",ACCOUNT_ACCESS
8421,Can you help me regain access to my account? I cannot reach my data. Let me know what to do.,ACCOUNT_ACCESS
1025,Can you help me regain access to my account? I need it restored as soon as possible. Regards.,ACCOUNT_ACCESS
2505,"Hello, Can you walk me through how to set up my workspace for the first time? Thanks in advance.",HOW_TO_SUPPORT
4215,I changed my email address and now I cannot access my account. Thanks.,ACCOUNT_ACCESS
7002,"Good morning, I got charged in the wrong currency for my annual plan.",BILLING_PAYMENT
8180,Would you consider adding a Asana connection to your product?,FEATURE_REQUEST
6938,Where do I go in the team page to change my default dashboard? Please advise.,HOW_TO_SUPPORT
5633,"Good afternoon, I think I sent this to the wrong place, who is the right contact?",OTHER
9255,An option for a search bar would make the product much better.,FEATURE_REQUEST
1905,"Hi there, Do you have a partnership program? Please respond soon.",OTHER
6417,"hi, please unlock my account, i entered the wrong password several times. thanks.",ACCOUNT_ACCESS
1297,"Hey, The confirmation email never arrives in my inbox.",ACCOUNT_ACCESS
2135,The download btuton does nothing on the team page.,TECHNICAL_ISSUE
6095,a pop up with a error 500 appears every time i try to delete. any help would be appreciated.,TECHNICAL_ISSUE
8284,Can you tell me more about your privacy policy? Let me know what to do.,OTHER
6186,I would like the option to assign tasks to multiple people in a future release. Regards.,FEATURE_REQUEST
6796,"Hey, Can you help me regain access to my account? I need access urgently.",ACCOUNT_ACCESS
6987,Any documentation on how to duplicate a project?,HOW_TO_SUPPORT
7337,"hi, my colleague left the company and i need access to the admin account.",ACCOUNT_ACCESS
4783,"Hi team, Could someone give me an oevrview of what your company does?",OTHER
3148,"Good morning, I am unable to sign in to my account since last night.",ACCOUNT_ACCESS
8028,"Good afternoon, I cannot log in for the past few days.",ACCOUNT_ACCESS
7838,Where can I change my default dashboard? Thank you.,HOW_TO_SUPPORT
352,I would love to see an integration with Asana. Thank you.,FEATURE_REQUEST
1102,How did your company start? I am curious. Thank you.,OTHER
9621,I was charged after my free trial ended without any reminder. Thanks a lot.,BILLING_PAYMENT
1282,"Greetings, Please reset my account access, I cannot get past the lgoin screen.",ACCOUNT_ACCESS
1244,Please add German language support.,FEATURE_REQUEST
7729,Could you add an option to export tables as Excel? Thank you.,FEATURE_REQUEST
8801,"Good morning, I have a question about your service. Thanks a lot.",OTHER
3403,"We really need templates on the admin console, please consider it. Any help would be appreciated.",FEATURE_REQUEST
3427,"Hey, The login page keeps redirecting me back to the sign in screen",ACCOUNT_ACCESS
8698,"Add bulk actions please, it is missing from the admin console.",FEATURE_REQUEST
6602,"Hi there, Everything on the reports page is loading extremely slowly an hour ago. Regards.",TECHNICAL_ISSUE
3509,"Greetings, Product idea: let us schedule reports in advance. Please help.",FEATURE_REQUEST
9167,"Hello, Everything on the settings page is loading extremely slowly for the past few days.",TECHNICAL_ISSUE
1937,"Hi, The integration keeps disconnecting and shows an error each time.",TECHNICAL_ISSUE
9243,Can you build a kanban view into the project board? Many users would benefit.,FEATURE_REQUEST
7527,"good morning, where can i find the export options?",HOW_TO_SUPPORT
3404,The save button does nothing on the analytics page,TECHNICAL_ISSUE
9784,"Dear support team, Please add Japanese language support.",FEATURE_REQUEST
9534,"Hey, Where can I find the time zone settings?",HOW_TO_SUPPORT
9645,The admin console shows a error 404 since the latest update.,TECHNICAL_ISSUE
5404,The SMS code never arrives in my inbox.,ACCOUNT_ACCESS
2192,The page keeps refreshing by itself and I lose what I typed.,TECHNICAL_ISSUE
9563,The billing page shows a server error for a week,TECHNICAL_ISSUE
8986,"Hello support, The password I created during sign up is not accepted at login. Regards.",ACCOUNT_ACCESS
8162,I was charged $19 on the first of the month but I expected a different amount.,BILLING_PAYMENT
7295,The app freezes when I try to import a large ZIP file.,TECHNICAL_ISSUE
9984,"Hi team, Where can I find the workspace name?",HOW_TO_SUPPORT
3392,"I want to switch to annual billing to get the discount, how is the payment handled?",BILLING_PAYMENT
9646,Afetr I reset my password the new one is not accepted.,ACCOUNT_ACCESS
5182,"Greetings, I need to change the credit card used for my subscription payments. Thanks a lot.",BILLING_PAYMENT
8998,"Dear support team, My credit card was declined but my bank says there is no problem.",BILLING_PAYMENT
956,it would be great to have drag and drop in the project board.,FEATURE_REQUEST
4309,"Good afternoon, Text is cut off and overlapping on the ibnox on my Android phone.",TECHNICAL_ISSUE
4636,My team wolud love to have drag and drop. Is it on the roadmap?,FEATURE_REQUEST
9961,"Hello, I was billed $19 twice for the same subscription",BILLING_PAYMENT
6756,"Hello support, I got charged in the wrong currency for my annual plan.",BILLING_PAYMENT
8447,"Not sure how to create a template, can you point me to the right help article?",HOW_TO_SUPPORT
5038,"I am new here, how do I set up my workspace for the first time?",HOW_TO_SUPPORT
4845,Can I know more abuot your service before deciding?,OTHER
1709,"Hi there, I am trying to transfer ownership of a workspace but I cannot find the option. Where is it?",HOW_TO_SUPPORT
5850,"Hey, I cannot log in after turning on two-factor authentication.",ACCOUNT_ACCESS
4164,"Dear support team, Test message, please ignore. Thanks in advance.",OTHER
5729,What are the steps to pin a dashboard as my home page?,HOW_TO_SUPPORT
3784,How do I use the billing page to import contacts from a CSV file?,HOW_TO_SUPPORT
1701,"Hi team, My changes are not saved, the project board reverts to the old values. Any help would be appreciated.",TECHNICAL_ISSUE
5080,Are you planning to release custom themes in the future,FEATURE_REQUEST
5102,The login code never arrives in my inbox. Thanks,ACCOUNT_ACCESS
261,"Hi there, The VAT number is missing from my invoice. Please respond soon.",BILLING_PAYMENT
932,"good afternoon, can i get a call back from someone on your team?",OTHER
944,"Hello support, The payment page rejects my card and I cannot renew my Premium plan.",BILLING_PAYMENT
6453,Buttons on the settings page do not respond when I click them. Thanks in advance.,TECHNICAL_ISSUE
354,"Hi team, Sign in with single sign-on fails and shows an unauthorized message. Regards.",ACCOUNT_ACCESS
5675,Are you planning to release a kanban view in the future? Please respond soon.,FEATURE_REQUEST
2631,"Hello team, The VAT number is missing from my invoice.",BILLING_PAYMENT
4179,The payment page rejects my card and I cannot renew my Basic plan. Thank you.,BILLING_PAYMENT
6282,"Not sure how to archive old projects, can you point me to the right help article?",HOW_TO_SUPPORT
2155,"Hi, I got charged in the wrong currency for my Premium plan.",BILLING_PAYMENT
6261,"Hi there, It would be great to have keyboard shortcuts in the team page. Let me know what to do.",FEATURE_REQUEST
6736,Can you help me regain access to my account? I cannot reach my data. Thanks.,ACCOUNT_ACCESS
5525,"Hi, Please add saved views to the inbox.",FEATURE_REQUEST
6010,"Greetings, Do you have a partnership program?",OTHER
2169,The page never finishes loading and only shows a blank white screen. Please help.,TECHNICAL_ISSUE
2844,Please let us export reports to CSV.,FEATURE_REQUEST
4587,"Hello support, I saw your ad and want to learn more.",OTHER
8351,"Dear support team, I am not sure who to ask about this. Please advise.",OTHER
6729,I would like instructions on how to remove a user from my team.,HOW_TO_SUPPORT
2425,I wish the analytics page had dark mode.,FEATURE_REQUEST
9173,Where do I go in the admin console to change my integration settings?,HOW_TO_SUPPORT
2469,"Dear support team, I would like to speak with a sales representative about enterprise options.",OTHER
4603,I was chraged for extra seats that I did not add.,BILLING_PAYMENT
9829,It would be nice to have two-factor authentication.,FEATURE_REQUEST
9783,Where do I go in the project board to change my export options?,HOW_TO_SUPPORT
7762,Buttons on the calendar do not respond when I click them.,TECHNICAL_ISSUE
3507,I was charged EUR 15 this month but I expected a different amount.,BILLING_PAYMENT
2299,How do I use the notifications panel to invite a member to my workspace?,HOW_TO_SUPPORT
1928,My card was charged twice this month. Thanks a lot.,BILLING_PAYMENT
8904,"Greetings, Where can I change my notification settings?",HOW_TO_SUPPORT
1222,it wuold be great to have keyboard shortcuts in the task list. thanks a lot.,FEATURE_REQUEST
3511,Uploading a video file gets stuck at 50 percent and never finishes.,TECHNICAL_ISSUE
3791,"Hi there, Which page lets me manage my export options?",HOW_TO_SUPPORT
9777,"The site is down for me, I only see a blank white screen.",TECHNICAL_ISSUE
1730,Are you planning to release dark mode in the future? Thanks.,FEATURE_REQUEST
9121,Why did the price of my Starter plan go up? Thanks a lot.,BILLING_PAYMENT
9404,How do I use the search page to set up a recurring report?,HOW_TO_SUPPORT
2409,Search returns no results even for items that I know exist. Thanks a lot.,TECHNICAL_ISSUE
4050,Feature request: the ability to set custom roles for team members.,FEATURE_REQUEST
6408,Please add a search bar to the dashboard.,FEATURE_REQUEST
2916,"Dear support team, I was charged $9.99 for a plan I never upgraded to. Please advise.",BILLING_PAYMENT
306,An option for drag and drop would make the product much better.,FEATURE_REQUEST
8114,"Dear support team, I have a general inquiry that does not fit any of the topics. Please help",OTHER
6924,Can you walk me through how to set up a recruring report,HOW_TO_SUPPORT
7373,It would be useful to receive quarterly performance summaries by email.,FEATURE_REQUEST
3158,"Hi team, Where can I find the team permissions?",HOW_TO_SUPPORT
7855,The application crashes when I click delete. Please help.,TECHNICAL_ISSUE
5406,"Hey, File uploads stay stuck at zero percent.",TECHNICAL_ISSUE
6256,"I think I sent this to the wrong place, who is the right contact? Thanks a lot.",OTHER
6791,I would like to speak with a sales representative about enterprise options. Please respond soon.,OTHER
7992,I cannot recover my account bceause the security questions are not working. Please help.,ACCOUNT_ACCESS
8440,"Hello support, Hello, is anyone there? Thanks a lot",OTHER
7599,"Greetings, I need to change the credit card used for my subscription payments.",BILLING_PAYMENT
1764,"Hey, Could someone give me an overview of what your company does? Thanks a lot.",OTHER
1477,"Good afternoon, The verification step keeps failing when I try to sign in, since the latest update. Thanks.",ACCOUNT_ACCESS
3371,"Please add a Microsoft Teams integration, our whole team uses it. Any help would be appreciated.",FEATURE_REQUEST
2332,Where can I find the report templates?,HOW_TO_SUPPORT
1343,Thanks for the great support last week!,OTHER
4872,Why did the price of my Bsuiness plan go up? Thank you.,BILLING_PAYMENT
5457,"Hello team, Do you support customers based in Kenya?",OTHER
7690,"Greetings, Suggestion: allow users to assign tasks to multiple people.",FEATURE_REQUEST
7806,"Hey, I downgraded to the Team plan but I was still billed the higher price. Let me know what to do.",BILLING_PAYMENT
1292,"Dear support team, The system says the PDF format is not supported even though it is valid.",TECHNICAL_ISSUE
9545,"Hi there, I cannot access my analytics page because it says I do not have permission.",ACCOUNT_ACCESS
8382,"Hey, Which page lets me manage my report templates? Thank you.",HOW_TO_SUPPORT
7639,The receipt email for my payment never arrived. Let me know what to do.,BILLING_PAYMENT
8229,My account is disabled and I need to get in right now.,ACCOUNT_ACCESS
3987,I would like to know who I should contact regarding a collaboration. Regards.,OTHER
4825,"The verification step keeps failing when I try to sign in, since last night",ACCOUNT_ACCESS
4156,Could you add a search bar to the reports page?,FEATURE_REQUEST
169,I see a spininng loader that never finishes on the settings page.,TECHNICAL_ISSUE
495,"Hello support, Where can I find the saved filters? Regards.",HOW_TO_SUPPORT
2176,"Hello, Do you support customers based in Kenya?",OTHER
3886,"hi there, is there someone i can meet in person to talk about your product? regards.",OTHER
4047,"Hi team, I never received the one-time passcode, I already checked my spam folder. Please advise.",ACCOUNT_ACCESS
5192,"Greetings, Are you currently hiring? Please respond soon.",OTHER
6117,Why was I billed $29 when my plan should be cheaper? Thanks.,BILLING_PAYMENT
6887,"Greetings, I cannot log in after the latest update.",ACCOUNT_ACCESS
5689,"Good afternoon, Why is my account deactivated? I have a deadline today.",ACCOUNT_ACCESS
7387,Can someone explain how to use the analytics page? Let me know what to do,HOW_TO_SUPPORT
3281,"Not sure how to turn on email alerts, can you point me to the rihgt help article?",HOW_TO_SUPPORT
687,Please add support for exporting to PDF and also a mobile widget.,FEATURE_REQUEST
5956,Could you tell me how to delete a workspace? Thanks a lot.,HOW_TO_SUPPORT
5234,"Good morning, The dashboard numbers are wrong and do not match the raw data. Thanks",TECHNICAL_ISSUE
8047,"Greetings, After I reset my password the new one is not accepted.",ACCOUNT_ACCESS
8509,The app freezes when I try to sync a large ZIP file.,TECHNICAL_ISSUE
4689,It would be helpful if the admin console supported auto save.,FEATURE_REQUEST
9413,"Hi there, I have a question about your service.",OTHER
9462,"Hello, Would you consider adding a Trello connection to your product?",FEATURE_REQUEST
7722,"Greetings, Can you explain how to change my notification settings? Thanks in advance.",HOW_TO_SUPPORT
1384,My colleague left the company and I need access to the amdin account.,ACCOUNT_ACCESS
5419,How do I use the billing page to set my working hours?,HOW_TO_SUPPORT
516,Can you build a favorites list into the reports page? Many users would benefit.,FEATURE_REQUEST
3003,Could you add an undo button to the dashboard?,FEATURE_REQUEST
3059,Where can I find the saved filters,HOW_TO_SUPPORT
9022,"Hello support, Please add Korean language support. Thank you",FEATURE_REQUEST
1075,"Hello support, Which page lets me manage my email preferences? Thank you.",HOW_TO_SUPPORT
2607,I wish the analytics page had a favorites list.,FEATURE_REQUEST
6843,"Good afternoon, Can I pay by bank transfer instead of card? My card keeps getting declined.",BILLING_PAYMENT
3263,any documentation on how to import contacts from a csv file? please help.,HOW_TO_SUPPORT
8853,The calendar becomes blank when I upload a PDF. Thanks in advance.,TECHNICAL_ISSUE
3738,"hi, unable to sign in on edge, it just keeps reloading the login page.",ACCOUNT_ACCESS
5757,Can you explain how to set up a recurring report? Thanks a lot.,HOW_TO_SUPPORT
1912,"Dear support team, I cancelled my subscription weeks ago and you still took money from my account. Regards.",BILLING_PAYMENT
5225,It would be great to have version history in the reports page.,FEATURE_REQUEST
8652,I want to leave general feedback about my experience. Regards.,OTHER
9605,Do you have any security certifications? Regards.,OTHER
66,Which menu do I use to use filters on the dashboard?,HOW_TO_SUPPORT
8023,Wolud you consider adding a Outlook connection to your product?,FEATURE_REQUEST
8320,It would be great to have saved views in the admin console.,FEATURE_REQUEST
4938,"Good afternoon, I am trying to restore a deleted file but I cannot find the option. Where is it? Thanks.",HOW_TO_SUPPORT
4324,"Greetings, I was charged $14 for a plan I never upgraded to.",BILLING_PAYMENT
3196,Please consider adding a way to filter by date range,FEATURE_REQUEST
4057,"Hello support, Please add Korean language support.",FEATURE_REQUEST
1814,"Hey, I want to leave general feedback about my experience.",OTHER
8074,"Hello team, Account recovery is not working, the security code is not being sent. Thanks in advance",ACCOUNT_ACCESS
8503,"Unable to sign in on Opera, it just keeps reloading the login page. Any help would be appreciated.",ACCOUNT_ACCESS
6346,There is a bug where the project board shows duplicate entries after I submit.,TECHNICAL_ISSUE
8505,it would be useful to receive biweekly progress reports by email.,FEATURE_REQUEST
6565,I am trying to prnit a report but I cannot find the option. Where is it? Thanks a lot.,HOW_TO_SUPPORT
5330,"Good afternoon, I would like more information before I create an account. Any help would be appreciated.",OTHER
8938,It would be helpful if the team page supported templates,FEATURE_REQUEST
1146,"Greetings, Please get back to me when you can, I have a few questions.",OTHER
7448,"Hello support, The invoice shows the wrong company name, please correct it.",BILLING_PAYMENT
7830,"Good afternoon, I was charged after my free trial ended without any reminder. Thanks.",BILLING_PAYMENT
2452,Please let us export analytics data to CSV.,FEATURE_REQUEST
7145,Whcih page lets me manage my language settings,HOW_TO_SUPPORT
4394,"Hi there, Is there a guide that shows how to pin a dashboard as my home page?",HOW_TO_SUPPORT
4756,Tahnks for the great support last week!,OTHER
4745,"Unable to sign in on Firefox, it just keeps reloading the login page. Thanks.",ACCOUNT_ACCESS
4360,Could you add an option to export reports as Google Sheets? Please advise.,FEATURE_REQUEST
5475,"Dear support team, Please add support for exporting to JSON and also custom themes.",FEATURE_REQUEST
794,I am unable to sign in to my account since last night.,ACCOUNT_ACCESS
4118,"Hi there, I am getting a error 500 whenever I open the admin console.",TECHNICAL_ISSUE
5026,What is the easiest way to invite a member to my workspace?,HOW_TO_SUPPORT
9436,"Hi team, Can I get a call back from someone on your team? Thanks a lot.",OTHER
9190,"The website does not work properly in Safari, but it is fine in another browser. Please advise.",TECHNICAL_ISSUE
186,Please add Hindi language support. Regards.,FEATURE_REQUEST
3683,Why did the price of my Premuim plan go up? Thanks a lot.,BILLING_PAYMENT
6691,The app crashes every time I try to export. Please help.,TECHNICAL_ISSUE
5755,"Hi, Could you add a search bar to the settings page?",FEATURE_REQUEST
2355,My account has been frozen and I do not know why. Let me know what to do,ACCOUNT_ACCESS
4005,How do I use the profile page to upload a company logo? Let me know what to do.,HOW_TO_SUPPORT
7765,Can you help me regain access to my account? I have a deadline today. Any help would be appreciated.,ACCOUNT_ACCESS
5009,Feature request: a search bar,FEATURE_REQUEST
3188,Please add version history to the project board,FEATURE_REQUEST
3354,"Hey, I need a receipt for my payment for March for tax purposes. Please respond soon.",BILLING_PAYMENT
8615,"Hi team, Can you walk me through how to archive old projects?",HOW_TO_SUPPORT
8478,Which menu do I use to create a new project?,HOW_TO_SUPPORT
5710,"Hello support, Why was I billed GBP 12 when my plan should be cheaper?",BILLING_PAYMENT
3111,What is the easiest way to update my proifle picture?,HOW_TO_SUPPORT
8386,"Hi, My bank shows a pending charge of $120 that I do not recognize.",BILLING_PAYMENT
6160,"Hello support, My account is locked and I cannot do my work.",ACCOUNT_ACCESS
5350,"Good afternoon, The exported CSV file is corrupted and cannot be opened. Please help.",TECHNICAL_ISSUE
9883,"Good afternoon, I am writing to ask about internship opportunities. Thanks.",OTHER
4583,"hello team, suggestion: allow users to add custom fileds to every project.",FEATURE_REQUEST
1235,I cannot log in after changing my email address. Any help would be appreciated.,ACCOUNT_ACCESS
2829,"I cannot log into my account, it says the email address is not registered but I have used it before. Thanks.",ACCOUNT_ACCESS
7822,Could you add an option to export analytics data as XML? Please respond soon.,FEATURE_REQUEST
2438,"Hi team, Could you add saved views to the project board?",FEATURE_REQUEST
7636,Is there a guide that shows how to pin a dashboard as my home page?,HOW_TO_SUPPORT
6808,Can you explain how to change the date format?,HOW_TO_SUPPORT
5490,"Hello, is anyone there? Please advise.",OTHER
5468,My card was charged three times for my annual plan. Thanks.,BILLING_PAYMENT
1635,"Greetings, I was removed from the workspace by mistake and cannot get back in.",ACCOUNT_ACCESS
5372,"Hi team, My changes are not saved, the mobile app reverts to the old values",TECHNICAL_ISSUE
7944,Images are not displaying correctly on the profile page in Edge.,TECHNICAL_ISSUE
8970,"Hello support, I think I sent this to the wrong place, who is the right contact?",OTHER
1228,do you support customers based in brazil? thanks.,OTHER
586,"Hi there, I would love to see an integration with Google Drive. Please help.",FEATURE_REQUEST
301,"Hey, Just started using the product, need to know how to turn on emial alerts.",HOW_TO_SUPPORT
1659,"Hey, I am locked out after too many failed login attempts.",ACCOUNT_ACCESS
766,The verification email never arrives in my inbox. Thanks a lot.,ACCOUNT_ACCESS
5647,I saw your ad and want to learn more. Regards.,OTHER
8614,"Greetings, Which page lets me manage my integration settings?",HOW_TO_SUPPORT
8005,"I am new here, how do I invite a member to my workspace",HOW_TO_SUPPORT
3283,Notifications are not being delivered to my phone. Please help.,TECHNICAL_ISSUE
9422,"Hello team, Suggestion: allow users to add comments to reports",FEATURE_REQUEST
1420,I would like a refund for the $24.99 charge this quarter.,BILLING_PAYMENT
8686,My invitation link to join the team does not let me sign in. Please help.,ACCOUNT_ACCESS
1833,"Hello support, The activation email never arrives in my inbox.",ACCOUNT_ACCESS
6353,"Hello, Please add single sign-on for account security.",FEATURE_REQUEST
6269,Where can I find the privacy settings? Please respond soon,HOW_TO_SUPPORT
1168,Can you send me an invoice for the $49 payment?,BILLING_PAYMENT
1412,"Greetings, The system says the Word document format is not supported even though it is valid.",TECHNICAL_ISSUE
8715,I am not able to log in from my Windows laptop but it works on my computer. Thanks.,ACCOUNT_ACCESS
7668,"Hello team, The application crashes when I click download.",TECHNICAL_ISSUE
3079,"Hello team, Video previews will not play in the dashboard.",TECHNICAL_ISSUE
6944,Scheduled reports are not running at the set time. Thank you.,TECHNICAL_ISSUE
5371,which menu do i use to add a new team member? any help would be appreciated.,HOW_TO_SUPPORT
4568,Suggestion: allow users to see who viewed a shared report.,FEATURE_REQUEST
8100,"Hi, Are you planning to release a mobile widget in the future?",FEATURE_REQUEST
6255,I would like to know who I should contact regadring a collaboration. Please respond soon.,OTHER
17,How do I invite another member to my workspace?,HOW_TO_SUPPORT
1086,"Good morning, There is an unknown charge of $249 from your company on my bank statement.",BILLING_PAYMENT
2009,The password I created during sign up is not accepted at login. Thanks in advance.,ACCOUNT_ACCESS
3576,Please let us export invoices to Excel.,FEATURE_REQUEST
3971,Please forward this message to sales. Thanks.,OTHER
7260,"Hi team, Why did the price of my annual plan go up?",BILLING_PAYMENT
4224,My card was charged twcie this quarter.,BILLING_PAYMENT
6459,"We really need a calendar view on the settings page, please consider it.",FEATURE_REQUEST
6062,Video previews will not play in the workspace. Regards.,TECHNICAL_ISSUE
475,I would like a refund for the $59.99 charge for my annual plan,BILLING_PAYMENT
9865,"Account recovery is not working, the confirmation email is not being sent. Thanks a lot.",ACCOUNT_ACCESS
3186,"Hi there, I keep getting an invalid password message even though I am typing it correctly.",ACCOUNT_ACCESS
6201,Why was I billed $49 when my plan should be cheaper? Please respond soon.,BILLING_PAYMENT
5884,Uploading a PNG image gets stuck at 1 percent and never finishes.,TECHNICAL_ISSUE
4250,The magic link never arrives in my inbox. Let me know what to do.,ACCOUNT_ACCESS
5023,I was charged GBP 12 for a plan I never upgraded to.,BILLING_PAYMENT
3635,"Hello, Thank you for your help, everything is fine now. Let me know what to do",OTHER
3052,"Hey, Would it be possible to tag items with labels? That would save us a lot of time.",FEATURE_REQUEST
7257,Please consider adding a way to tag items with labels,FEATURE_REQUEST
571,I need to talk to someone but I do not know what to select. Please respond soon.,OTHER
7628,there is an unknown charge of $59.99 from your company on my bank statement. thank you.,BILLING_PAYMENT
7893,"Good afternoon, I need help but I am not sure which option applies. Thanks in advance.",OTHER
8696,The page shows an unexpected generic error message when I save my profile.,TECHNICAL_ISSUE
148,"Hey, Thanks for the great support last week! Regards.",OTHER
8695,The page keeps refreshing by itself and I lose what I typed. Thanks a lot.,TECHNICAL_ISSUE
5462,"Hi there, Login fails on Brave with an authentication failed message.",ACCOUNT_ACCESS
8639,Where can I find the email preferences? Thanks in advance.,HOW_TO_SUPPORT
7007,"My changes are not saved, the search page reverts to the old values.",TECHNICAL_ISSUE
5250,"Good afternoon, Why did the price of my annual plan go up? Any help would be appreciated.",BILLING_PAYMENT
5588,It would improve my workflow if I could schedule reports in advance. Please advise.,FEATURE_REQUEST
7397,The team page becomes blank when I upload a Excel file.,TECHNICAL_ISSUE
9907,I would like to get in touch with sales.,OTHER
3337,"hi, it would be useful to receive weekly team updates by email.",FEATURE_REQUEST
2241,"Hey, After I reset my password the new one is not accepted.",ACCOUNT_ACCESS
9298,Images are not displaying correctly on the dashboard in Edge.,TECHNICAL_ISSUE
5006,The app freezes when I try to submit a large PNG image.,TECHNICAL_ISSUE
6259,"Hi team, The VAT number is missing from my invoice.",BILLING_PAYMENT
4180,Where do I go in the calendar to change my notification settings?,HOW_TO_SUPPORT
9329,Images are not displaying correctly on the calendar in Firefox. Let me know what to do.,TECHNICAL_ISSUE
3235,My card was chagred three times for March.,BILLING_PAYMENT
4559,"dear support team, i cannot recover my account because the security questions are not working. please help.",ACCOUNT_ACCESS
4970,My team would love to have offline mode. Is it on the roadmap?,FEATURE_REQUEST
623,Would it be possible to add comments to reports? That would save us a lot of time. Let me know what to do.,FEATURE_REQUEST
7127,I cannot recover my account because the security questions are not working. Please help.,ACCOUNT_ACCESS
3329,"Greetings, I am not sure who to ask about this. Any help would be appreciated",OTHER
3571,"Greetings, Images are not displaying correctly on the calendar in Brave.",TECHNICAL_ISSUE
227,Could you add an option to export invoices as XML? Any help would be appreciated.,FEATURE_REQUEST
8982,Suggestion: allow users to pin important items to the top.,FEATURE_REQUEST
2531,"Hi, Why was I billed GBP 45 when my plan should be cheaper?",BILLING_PAYMENT
6174,"Hi, I forgot the email I used to register and cannot get into my account. Regards",ACCOUNT_ACCESS
5587,"Hello support, I would like to speak with a sales representative about enterprise options",OTHER
1777,I am not able to log in from my Windows laptop but it works on my computer. Regards,ACCOUNT_ACCESS
9002,Is there a guide that shows how to use filters on the dashboard? Please advise.,HOW_TO_SUPPORT
9773,Suggestion: allow users to add comments to reports.,FEATURE_REQUEST
1294,"Hello, How can I change my notification settings",HOW_TO_SUPPORT
3173,What is the easiest way to duplicate a project?,HOW_TO_SUPPORT
1028,Can someone explain how to use the team page? Thanks.,HOW_TO_SUPPORT
1515,"Greetings, Why was I billed $249 when my plan should be cheaper?",BILLING_PAYMENT
9195,"Good morning, Which page lets me manage my language settings?",HOW_TO_SUPPORT
7205,"Greetings, I paid for the monthly plan but my account still shows the free tier",BILLING_PAYMENT
5368,"Pelase get back to me when you can, I have a few questions. Regards.",OTHER
3642,"I want to switch to annual bliling to get the discount, how is the payment handled?",BILLING_PAYMENT
839,"Good afternoon, Please forward this message to the legal department",OTHER
9118,The settings page shows a timeout error an hour ago.,TECHNICAL_ISSUE
7149,Login fails on Chrome with an authentication failed message.,ACCOUNT_ACCESS
7860,"hi team, could someone give me an overview of what your company does? regards.",OTHER
3999,"Hi, I am stuck in a loop where the site asks me to verify my email aagin and again",ACCOUNT_ACCESS
6412,"Hello, is anynoe there? Thanks in advance.",OTHER
1191,"Hello support, Is there a guide that shows how to rename a project? Thanks in advance.",HOW_TO_SUPPORT
7000,"Hi team, I would like to know who I should contact regarding a collaboration. Thanks in advance.",OTHER
3888,"Greetings, Can you tell me more about your privacy policy?",OTHER
9222,i am getting a something went wrong message whenever i open the analytics page.,TECHNICAL_ISSUE
9528,"Hi, Would it be possible to set custom roles for team members? That would save us a lot of time. Thanks in advance.",FEATURE_REQUEST
3816,Can you explain how to download a report? Please respond soon.,HOW_TO_SUPPORT
7516,The search page shows a error 404 since this morning.,TECHNICAL_ISSUE
700,"Dear support team, My renewal payment failed and now my subscription shows as past due.",BILLING_PAYMENT
5812,Plaese add offline mode to the reports page.,FEATURE_REQUEST
1867,Please send an invoice for my latest Enterprise subscription payment.,BILLING_PAYMENT
1196,"Hello support, How do I transfer ownership of a workspace?",HOW_TO_SUPPORT
6437,"Hello support, Please refund my last payment, I did not use the service at all. Please help.",BILLING_PAYMENT
9499,Data I entered yesterday disappeared from the task list. Any help would be appreciated.,TECHNICAL_ISSUE
5699,How do I use the admin console to assign a task to a colleague? Please advise.,HOW_TO_SUPPORT
4987,"Hi, Please show me how to change my password from the settings page.",HOW_TO_SUPPORT
177,How do I use the admin console to create a new project?,HOW_TO_SUPPORT
2560,Everything on the search page is loading extremely slowly for the past few days.,TECHNICAL_ISSUE
7578,Video previews will not play in the reports page.,TECHNICAL_ISSUE
5951,I wish the dashboard had a kanban view.,FEATURE_REQUEST
7375,Could you add an option to export contact lists as PowerPoint?,FEATURE_REQUEST
997,"Hello team, How do I use the project board to find my activity history?",HOW_TO_SUPPORT
2975,"I am new here, how do I restore a deleted file?",HOW_TO_SUPPORT
2238,Would it be possible to restore deleted items from a trash folder? That would save us a lot of time.,FEATURE_REQUEST
2762,How do I add a comment to a task?,HOW_TO_SUPPORT
7744,"Dear support team, My team would love to have keyboard shortcuts. Is it on the roadmap?",FEATURE_REQUEST
2930,The payment went through but I did not get a confirmation and my account is not upgraded. Thanks.,BILLING_PAYMENT
1516,where do i go in the search page to change my email preferences?,HOW_TO_SUPPORT
7852,"Hi there, The app freezes when I try to print a large ZIP file.",TECHNICAL_ISSUE
6398,"Hey, My payment was successful but my subscription is still inactive. Thanks in advance.",BILLING_PAYMENT
9930,"Hey, The team page shows a error 404 since this morning.",TECHNICAL_ISSUE
7745,"Please add a Asana integration, our whole team uses it.",FEATURE_REQUEST
8036,"hi team, the download link gives a generic error message instead of the file.",TECHNICAL_ISSUE
9023,"Greetings, Please add biometric login for account security.",FEATURE_REQUEST
2010,I have a general inquiry that does not fit any of the topics. Thanks a lot.,OTHER
1468,The exported CSV file is corrupted and cannot be opened.,TECHNICAL_ISSUE
1704,I want to report something that does not fit any category. Any help would be appreciated.,OTHER
7010,"Dear support team, Not sure how to set up my workspace for the first time, can you point me to the right help article?",HOW_TO_SUPPORT
3350,Are you planning to release custom themes in the future? Please respond soon,FEATURE_REQUEST
9983,"I am new here, how do I set up a recurring report",HOW_TO_SUPPORT
4813,I downgraded to the Business plan but I was still billed the higher price. Thank you.,BILLING_PAYMENT
9246,I was charged $99 last month but I expected a different amount.,BILLING_PAYMENT
7328,Why is my account deactivated? I need it restored as soon as possible. Let me know what to do.,ACCOUNT_ACCESS
6400,"Good afternoon, My session logs me out immediately after I sign in.",ACCOUNT_ACCESS
6685,I need to updtae the billing address on my invoice.,BILLING_PAYMENT
6658,Can you walk me through how to create a custom report?,HOW_TO_SUPPORT
1434,"Good morning, I cancelled my subscription weeks ago and you still took money from my account.",BILLING_PAYMENT
5876,"Greetings, Please add dark mode to the dashboard.",FEATURE_REQUEST
5020,"Hi there, Please refund my last payment, I did not use the service at all. Any help would be appreciated.",BILLING_PAYMENT
7307,"Hi team, Everything works on my computer but the project board crashes on my MacBook.",TECHNICAL_ISSUE
8486,The team page shows a erorr 404 for two days.,TECHNICAL_ISSUE
6295,I get a something went wrong message when I try to save on the calendar.,TECHNICAL_ISSUE
5146,Is it possible to change my password from the settings page? I cannot find where. Thanks in advance.,HOW_TO_SUPPORT
4151,I need to update the billing address on my invoice. Any help would be appreciated.,BILLING_PAYMENT
7982,"Hello, I cannot log in after the latest update.",ACCOUNT_ACCESS
6104,"Hi there, Is it possible to set my working hours? I cannot find where.",HOW_TO_SUPPORT
5688,What are your busienss hours?,OTHER
3520,I would like to get in touch with a manager.,OTHER
3547,I lost my phone and cannot receive the verification code to sign in. Let me know what to do.,ACCOUNT_ACCESS
858,Why did the price of my Team plan go up? Please respond soon.,BILLING_PAYMENT
6333,Uploading a CSV file gets stuck at 99 percnet and never finishes.,TECHNICAL_ISSUE
940,"Good morning, I am new here, how do I invite a member to my workspace?",HOW_TO_SUPPORT
85,"We really need a mobile widget on the workspace, please consider it. Thanks a lot.",FEATURE_REQUEST
9184,"I think I sent this to the wrong place, who is the right contact? Let me know what to do.",OTHER
7222,"Hello, Just started using the product, need to know how to create a template.",HOW_TO_SUPPORT
6655,I would like a refund for the $59.99 charge for June. Regards.,BILLING_PAYMENT
1273,"Unalbe to sign in on Opera, it just keeps reloading the login page",ACCOUNT_ACCESS
8123,I was billed $29 twice for the same subscription.,BILLING_PAYMENT
7320,"Hi, Please add support for exporting to PDF and also keyboard shortcuts. Please help.",FEATURE_REQUEST
8643,I was charged for extra seats that I did not add. Please respond soon.,BILLING_PAYMENT
5732,"Hello team, I cannot log in since last night.",ACCOUNT_ACCESS
1600,"Dear support team, I am getting a something went wrong message whenever I open the notifications panel. Please advise",TECHNICAL_ISSUE
4702,"Hey, The verification step keeps failing when I try to sign in, since last night.",ACCOUNT_ACCESS
9288,"Greetings, Please add dark mode to the dashboard. Thanks.",FEATURE_REQUEST
2989,"Good morning, I was charged $29 this month but I expected a different amount.",BILLING_PAYMENT
2659,I would like to get in touch with the legal department. Thank you.,OTHER
613,I was charged GBP 12 this week but I expected a different amount. Any help would be appreciated.,BILLING_PAYMENT
9601,"Greetings, The VAT number is missing from my invoice.",BILLING_PAYMENT
9402,"Hi, The reset link does nothing when I click it. Please help.",ACCOUNT_ACCESS
4434,The profile page becomes blank when I upload a JPEG photo.,TECHNICAL_ISSUE
931,Data I entered yesterday disappeared from the admin console. Please help.,TECHNICAL_ISSUE
3658,"Hi there, Do you support customers based in Canada? Thank you.",OTHER
8682,Please add support for exporting to PowerPoint and also version history.,FEATURE_REQUEST
9238,"Dear support team, I was charged after my free trial ended without any reminder.",BILLING_PAYMENT
1902,faeture request: the ability to add comments to reports.,FEATURE_REQUEST
8394,My card was charged twice this quarter. Any help would be appreciated.,BILLING_PAYMENT
2725,"Hello, Is your service available in Kenya?",OTHER
1195,after i reset my password the new one is not accepted. thanks a lot.,ACCOUNT_ACCESS
4076,"Greetings, I see a spinning loader that never finishes on the mobile app.",TECHNICAL_ISSUE
3688,The integration keeps disconnecting and shows an error each time. Regards.,TECHNICAL_ISSUE
356,I get a error 404 when I try to print on the admin console.,TECHNICAL_ISSUE
2748,"Please add a HubSpot integration, our whole team uses it.",FEATURE_REQUEST
7018,What is the esaiest way to restore a deleted file,HOW_TO_SUPPORT
5089,i would like a refund for the $59.99 charge for june.,BILLING_PAYMENT
4652,"Hi team, There is a mistake in my latest invoice, the total does not match the plan price.",BILLING_PAYMENT
2613,"Hi, I am getting a message that my account is temporarily locked, please help me get in.",ACCOUNT_ACCESS
9558,"Good morning, I have a general inquiry that does not fit any of the topics. Regards.",OTHER
8587,Notifications are not being delivered to my phone. Regards.,TECHNICAL_ISSUE
1845,"Hello, I was charged $14 on the first of the month but I expected a different amount.",BILLING_PAYMENT
6218,"Hello team, Feature request: the ability to set reminders on tasks. Thanks in advance.",FEATURE_REQUEST
2499,I cannot access my team page because it says I do not have permission. Thanks a lot.,ACCOUNT_ACCESS
621,Which menu do I use to find my activity history?,HOW_TO_SUPPORT
2392,"Good morning, The site is down for me, I only see a genreic error message",TECHNICAL_ISSUE
6635,"Good morning, My accuont has been locked and I do not know why.",ACCOUNT_ACCESS
4069,i would love to see an integration with google calendar.,FEATURE_REQUEST
9788,"Good morning, I never received the SMS code, I already checked my spam folder.",ACCOUNT_ACCESS
5049,Feature request: a mobile widget,FEATURE_REQUEST
4614,How do I add a new team member? Thank you.,HOW_TO_SUPPORT
4206,"Hey, I have a question about your service.",OTHER
6416,The download link gives a generic error message instead of the file. Thanks a lot.,TECHNICAL_ISSUE
8974,"Greetings, I downgraded to the Premium plan but I was still billed the higher price.",BILLING_PAYMENT
4956,"Hi, The verification step keeps failing when I try to sign in, since last night.",ACCOUNT_ACCESS
4588,"Good afternoon, The payment page rejects my card and I cannot renew my Pro plan.",BILLING_PAYMENT
9284,The login code neevr arrives in my inbox. Please help.,ACCOUNT_ACCESS
6665,Video previews will not play in the profile page. Any help would be appreciated.,TECHNICAL_ISSUE
8252,The verification email never arrives in my inbox. Regards.,ACCOUNT_ACCESS
8334,Where do I go in the calendar to change my workspace name,HOW_TO_SUPPORT
724,Scheduled reports are not running at the set time. Please advise.,TECHNICAL_ISSUE
9696,"Hello team, Please add a Slack integration, our whole team uses it. Let me know what to do.",FEATURE_REQUEST
3493,Can you recommned which team I should contact for my request? Any help would be appreciated.,OTHER
8626,The security code takes forever to arrive and then it has expired. Please help.,ACCOUNT_ACCESS
7642,"Good morning, I would like instructions on how to pin a dashboard as my home page.",HOW_TO_SUPPORT
198,I downgraded to the Starter plan but I was still billed the higher price.,BILLING_PAYMENT
8611,"Hello, The discount promised to me is not reflected on my bill.",BILLING_PAYMENT
2742,Please show me how to upload a company logo.,HOW_TO_SUPPORT
824,"Good afternoon, File uploads stay stuck at zero percent. Regards",TECHNICAL_ISSUE
3966,"Good afternoon, Can you help me regain access to my account? I cannot reach my data.",ACCOUNT_ACCESS
7301,It would be useful to receive biweekly performance summaries by email.,FEATURE_REQUEST
9887,"I have been overcharged last month, please look into my billing. Let me know what to do.",BILLING_PAYMENT
2408,"Hi there, Which menu do I use to change my password from the settings page",HOW_TO_SUPPORT
5480,What are the steps to set up my workspace for the first time?,HOW_TO_SUPPORT
4422,My username is not recognized on the login page. Please help.,ACCOUNT_ACCESS
778,"Good morning, Thank you for your help, everything is fine now. Thank you.",OTHER
5037,What are the steps to invite a member to my workspace? Any help would be appreciated.,HOW_TO_SUPPORT
7294,It would be great to have a calendar view in the mobile app.,FEATURE_REQUEST
8160,"hi, could you tell me how to upload a company logo? please help.",HOW_TO_SUPPORT
6520,Can you help me regain access to my account? I need to get in right now.,ACCOUNT_ACCESS
6692,I get a something went wrong message when I try to import on the notifications panel.,TECHNICAL_ISSUE
3508,Feature request: drag and drop.,FEATURE_REQUEST
3935,I need a receipt for my payment for March for tax purposes.,BILLING_PAYMENT
8143,Where do I go in the search page to change my export options? Regards.,HOW_TO_SUPPORT
1003,"Hello, I am not sure who to ask about this.",OTHER
3412,"Greetings, The coupon code did not apply at checkout and I was charged the full price.",BILLING_PAYMENT
7761,"hi team, i would like to speak with a sales representative about enterprise options. thanks a lot.",OTHER
133,"Please send daily usage summaries to my inbox automatically, it would help a lot. Please help.",FEATURE_REQUEST
5748,It would be great to have a compact layout in the workspace,FEATURE_REQUEST
1563,images are not displaying correctly on the billing page in edge.,TECHNICAL_ISSUE
1977,I have some questions about your cmopany before I proceed.,OTHER
4516,I need to change the credit card used for my subscription payments. Let me know what to do.,BILLING_PAYMENT
1771,"We really need bulk actions on the dashboard, please cnosider it.",FEATURE_REQUEST
2764,Login fails on Firefox with an authentication failed message. Thanks in advance.,ACCOUNT_ACCESS
5835,"Dear support team, Where do I go in the reports page to change my saved filters? Thanks.",HOW_TO_SUPPORT
8219,I was charged $49 for a plan I never upgraded to.,BILLING_PAYMENT
8414,"Good morning, How did your company start? I am curious. Let me know what to do.",OTHER
1742,I have a question about your service. Let me know what to do.,OTHER
4307,Which page lets me manage my saved filters?,HOW_TO_SUPPORT
5750,"Greetings, Text is cut off and overlapping on the profile page on my MacBook. Thanks in advance.",TECHNICAL_ISSUE
5025,Can you send me an invoice for the $9.99 payment?,BILLING_PAYMENT
6861,It would be great to have a calendar view in the calendar.,FEATURE_REQUEST
652,"Hello, I got charged in the wrong currency for my Enterprise plan. Please respond soon.",BILLING_PAYMENT
5488,The calendar becomes blank when I upload a Word document.,TECHNICAL_ISSUE
4099,Please add Italian language support.,FEATURE_REQUEST
9880,"Thnak you for your help, everything is fine now.",OTHER
8878,I cannot log in on my Linux machine. Any help would be appreciated.,ACCOUNT_ACCESS
8221,It would improve my workflow if I could pin important items to the top.,FEATURE_REQUEST
5413,"Hi, I lost my phone and cannot receive the verification code to sign in.",ACCOUNT_ACCESS
253,"My changes are not saved, the task list reverts to the old values.",TECHNICAL_ISSUE
1850,"Hello team, My account was hacked and I cannot log in anymore.",ACCOUNT_ACCESS
9007,"Just started using the product, need to know how to share a dashboard with a client.",HOW_TO_SUPPORT
7109,I upgraded my plan but the charge shows the wrong amount. Any help would be appreciated.,BILLING_PAYMENT
2855,Why is my account blocked? I need access urgently.,ACCOUNT_ACCESS
1697,"Dear support team, The mobile app does not display anything after the latest update",TECHNICAL_ISSUE
4626,I have some questions about your copmany before I proceed.,OTHER
5767,"Greetings, The sync between my devices has stopped working. Thanks a lot",TECHNICAL_ISSUE
9750,Please forward this message to customer success. Let me know what to do.,OTHER
3182,"Hi there, The discount promised to me is not reflected on my bill. Thank you.",BILLING_PAYMENT
1125,The payment went through but I did not get a confirmation and my account is not upgraded. Thanks in advance.,BILLING_PAYMENT
5174,"Hello team, Why was I billed EUR 15 when my plan should be cheaper?",BILLING_PAYMENT
3434,"Greetings, Please add single sign-on for account security.",FEATURE_REQUEST
3565,An opiton for dark mode would make the product much better. Regards.,FEATURE_REQUEST
6090,"Hi, Please add an undo butotn to the dashboard",FEATURE_REQUEST
6776,I am unable to sign in to my account since this morning. Thanks in advance.,ACCOUNT_ACCESS
20,Can you explain how to download a report?,HOW_TO_SUPPORT
4002,The app crashes every time I try to refresh.,TECHNICAL_ISSUE
1897,Please show me how to set up a recurring report,HOW_TO_SUPPORT
1391,Any plans to support Spanish in the interface? Thanks in advance.,FEATURE_REQUEST
779,Please consider adidng a way to sort the list by multiple columns. Any help would be appreciated.,FEATURE_REQUEST
9152,It would improve my workflow if I could filter by date range.,FEATURE_REQUEST
2981,"hello support, my account is disabled and i need access urgently.",ACCOUNT_ACCESS
7156,Which page lets me manage my default dashboard? Please respond soon.,HOW_TO_SUPPORT
5862,"I am new here, how do I find my activity history? Let me know what to do.",HOW_TO_SUPPORT
6976,Which page lets me manage my email preferences? Please respond soon.,HOW_TO_SUPPORT
4933,Can someone explain how to use the calendar? Thanks in advance.,HOW_TO_SUPPORT
3501,"Add keyboard shortcuts please, it is missing from the search page. Please help.",FEATURE_REQUEST
6629,Please show me how to change my notification settings. Any help would be appreciated.,HOW_TO_SUPPORT
4539,"Good morning, I need a corrected invoice with our new company address. Let me know what to do.",BILLING_PAYMENT
2498,"greetings, can you send me some inforamtion about what you offer? thank you.",OTHER
4040,"Hello support, Please credit my account for the payment error for March.",BILLING_PAYMENT
6893,I was charged $249 for a plan I never upgraded to. Thanks a lot.,BILLING_PAYMENT
228,Everything on the dashboard is loading extremely slowly since last night. Please help.,TECHNICAL_ISSUE
6614,"I have been overcharged this month, please look into my billing. Please respond soon.",BILLING_PAYMENT
6151,I lost my phone and cannot receive the verification code to sign in. Regards.,ACCOUNT_ACCESS
7710,my paypal payment failed but the money left my account. thanks in advance.,BILLING_PAYMENT
4207,What is the easiest way to create a new project?,HOW_TO_SUPPORT
1654,"Hi team, I need to update the billing address on my invoice.",BILLING_PAYMENT
9527,"Hi team, Please send an invoice for my latest Enterprise subscription payment.",BILLING_PAYMENT
5705,The team page does not display anything after the latest update. Any help would be appreciated.,TECHNICAL_ISSUE
4842,"Hi, Not sure how to link my account to Slack, can you point me to the right help article?",HOW_TO_SUPPORT
1354,How do I use the admin console to transfer ownership of a workspace?,HOW_TO_SUPPORT
5627,I cannot recover my account because the security questions are not working. Thanks in advance.,ACCOUNT_ACCESS
339,Can I know more about your service before deciding? Thanks.,OTHER
3058,Can you send me an invoice for the $149 payment? Please respond soon.,BILLING_PAYMENT
7963,Can you walk me through how to find my activity history? Please respond soon.,HOW_TO_SUPPORT
1841,Could you please implement an option to log out all devices in a coming update? Thanks a lot.,FEATURE_REQUEST
77,How do I print a report?,HOW_TO_SUPPORT
3506,Where can I change my language settings? Please help.,HOW_TO_SUPPORT
2568,Could you tell me how to change my password from the settings page? Thanks,HOW_TO_SUPPORT
5433,Please add Hindi language support. Please advise.,FEATURE_REQUEST
5005,"Hello support, Please get back to me when you can, I have a few questions. Thank you",OTHER
8996,"Hi team, Can you tell me more about your privacy policy? Any help would be appreciated.",OTHER
7036,"I think I sent this to the wrong place, who is the right contact? Please help.",OTHER
8493,"Dear support team, Please consider adding a way to assign tasks to multiple people.",FEATURE_REQUEST
3037,Please show me how to set my working hours. Please advise.,HOW_TO_SUPPORT
9535,"Good afternoon, I saw your ad and want to learn more. Thanks in advance.",OTHER
3846,where can i find the display name?,HOW_TO_SUPPORT
9881,"Dear support team, I am new here, how do I set up a recurring report?",HOW_TO_SUPPORT
3932,"Hello team, I want to leave general feedback about my experience.",OTHER
6483,Is there someone I can meet in person to talk about your product?,OTHER
5248,I see a spinning loader that never finishes on the notifications panel. Thanks.,TECHNICAL_ISSUE
7184,please add biometric login for account security.,FEATURE_REQUEST
9613,I was charged $19 this week but I expected a different amount.,BILLING_PAYMENT
2682,The payment page rejects my card and I cannot renew my monthly plan. Thanks.,BILLING_PAYMENT
4383,"Not sure how to download a report, can you point me to the right help article? Please advise",HOW_TO_SUPPORT
4610,i am writing to ask about internship opportunities. regards.,OTHER
6683,"payment status says pending for days, and my subscription is still not active. thanks in advance.",BILLING_PAYMENT
7758,"Hello support, The app crashes every time I try to refresh.",TECHNICAL_ISSUE
3254,"Good afternoon, What are the steps to create a custom report?",HOW_TO_SUPPORT
1575,"Hi, Images are not displaying correctly on the mobile app in Opera.",TECHNICAL_ISSUE
3088,"hi there, where do i go in the inbox to change my email preferences?",HOW_TO_SUPPORT
3311,Could you tell me how to add a comment to a task?,HOW_TO_SUPPORT
2160,"Hi there, I have some questions about your company before I proceed",OTHER
8307,"Hey, Do you have a partnership program?",OTHER
7403,Do you have any seucrity certifications?,OTHER
6307,The app crashes every time I try to publish.,TECHNICAL_ISSUE
4459,"Hi team, I would like to know who I should contact regarding a collaboration. Thank you.",OTHER
9310,"Good afternoon, File uploads stay stuck at zero percent. Thanks a lot.",TECHNICAL_ISSUE
5507,Why is my account blocked? I need it restored as soon as possible.,ACCOUNT_ACCESS
139,suggestion: allow users to attach several files at once.,FEATURE_REQUEST
6625,how do i use the task list to add a new team member?,HOW_TO_SUPPORT
9487,"Hey, The exported Word document is corrupted and cannot be opened.",TECHNICAL_ISSUE
6545,"Hi team, Do you have any security certifications? Thanks.",OTHER
63,"Good afternoon, Please add a Slack integration, our whole team uses it.",FEATURE_REQUEST
487,"Hello support, Is there a guide that shows how to use filters on the dashboard",HOW_TO_SUPPORT
4254,"Hi, Unalbe to sign in on Firefox, it just keeps reloading the login page.",ACCOUNT_ACCESS
8272,"Good afternoon, The verifiaction step keeps failing when I try to sign in, since the latest update.",ACCOUNT_ACCESS
2634,"Good morning, How can I delete a workspace?",HOW_TO_SUPPORT
3100,"Hi team, Please add dark mode to the dashboard.",FEATURE_REQUEST
9125,I keep getting an invalid password message even though I am typing it correctly. Please respond soon.,ACCOUNT_ACCESS
2622,"Dear support team, Data I entered yesterday disappeaerd from the billing page",TECHNICAL_ISSUE
7793,"Greetings, Can you recommend which team I should contact for my request?",OTHER
2476,"Hi there, Please show me how to download a report. Thanks in advance.",HOW_TO_SUPPORT
4918,Can you build saved views into the analytics page? Many users would benefit.,FEATURE_REQUEST
3808,"Good morning, I paid for the Basic plan but my account still shows the free tier.",BILLING_PAYMENT
2371,"Account recovery is not working, the activation email is not being sent. Thanks in advance.",ACCOUNT_ACCESS
4605,"Hello support, Suggestion: allow users to filter by date range.",FEATURE_REQUEST
4669,"I am getting a message that my acconut is temporarily locked, please help me get in.",ACCOUNT_ACCESS
9111,Thanks for the great spuport last week!,OTHER
8563,"My changes are not saved, the admin console reverts to the old values.",TECHNICAL_ISSUE
259,"Hello team, Do you support customers based in South Africa?",OTHER
1983,I see a spinning loader that never finishes on the notifications panel. Please help,TECHNICAL_ISSUE
61,The billing page becomes blank when I upload a PNG image.,TECHNICAL_ISSUE
2285,"Good afternoon, Please let us export charts to XML.",FEATURE_REQUEST
4557,"Good afternoon, Are you currently hiring? Thanks.",OTHER
8879,"Hey, Is your service avialable in France?",OTHER
4393,"good afternoon, i was billed $19 twice for the same subscription.",BILLING_PAYMENT
4821,"Dear support team, Where do I go in the billnig page to change my language settings?",HOW_TO_SUPPORT
2640,Please forward this messgae to the careers team. Please advise,OTHER
5911,Is it possible to export my data? I cannot find where. Any help would be appreciated.,HOW_TO_SUPPORT
1057,My PayPal payment failed but the money left my account.,BILLING_PAYMENT
5651,The search page is very slow and keeps freezing on my iPad. Thanks in advance.,TECHNICAL_ISSUE
8800,"Please send monthly team updates to my inbox automatically, it would help a lot.",FEATURE_REQUEST
2254,There is an unknown charge of $19 from your company on my bank statement.,BILLING_PAYMENT
2939,Where can I change my notification settings? Any help would be appreciated.,HOW_TO_SUPPORT
2418,I see a spinning loader that never finishes on the profile page.,TECHNICAL_ISSUE
8887,What are the steps to add a new team member?,HOW_TO_SUPPORT
8552,Please let us export contact lists to Word. Thank you.,FEATURE_REQUEST
462,What is the easiset way to duplicate a project? Thanks in advance.,HOW_TO_SUPPORT
842,Please send an invoice for my latest Business subscription payment.,BILLING_PAYMENT
1456,Why did the price of my Team plan go up? Please help.,BILLING_PAYMENT
7166,Can you explain how to download a report? Please advise.,HOW_TO_SUPPORT
1609,I forgot the email I used to register and cannot get into my account.,ACCOUNT_ACCESS
1849,"Good afternoon, I cannot sign in with my Google account anymore",ACCOUNT_ACCESS
9798,Buttons on the analytics page do not respond when I click them.,TECHNICAL_ISSUE
2164,any plans to support portuguese in the interface?,FEATURE_REQUEST
876,I want to leave general feedback abuot my experience.,OTHER
2701,"Hi team, Where is your company located? Please respond soon.",OTHER
625,"Hi team, My card was charged three times this month",BILLING_PAYMENT
437,"Good afternoon, The invoice shows the wrong company name, please correct it.",BILLING_PAYMENT
12,The page shows an unexpected server error when I save my profile.,TECHNICAL_ISSUE
717,Images are not displaying correctly on the task list in Opera. Thanks.,TECHNICAL_ISSUE
9263,Uploading a video file gets stuck at 99 percent and never finishes.,TECHNICAL_ISSUE
7768,"Hello, Can you explain how to connect my calendar?",HOW_TO_SUPPORT
7637,"I never received the magic link, I already checked my spam folder. Thanks.",ACCOUNT_ACCESS
3384,"we really need drag and drop on the search page, please consider it.",FEATURE_REQUEST
4466,"Hi, Do you have a partenrship program? Please advise.",OTHER
1365,"Hello team, Just started using the product, need to know how to merge duplicate entries. Thanks in advance.",HOW_TO_SUPPORT
138,"Greetings, My payment keeps failing at checkout even though my card is valid.",BILLING_PAYMENT
2890,"Hi, How do I restore a deleetd file?",HOW_TO_SUPPORT
2417,Everything on the team page is loading extremely slowly since Monday,TECHNICAL_ISSUE
7279,"Dear support team, My subscription renewed automatically and I did not want that, please refund me",BILLING_PAYMENT
3785,"Good afternoon, The verification step keeps failing when I try to sign in, for a week.",ACCOUNT_ACCESS
6584,"Hi team, Which page lets me manage my workspace name?",HOW_TO_SUPPORT
9438,There is an unknown charge of $49 from your company on my bank statement. Thank you.,BILLING_PAYMENT
6840,Sign in with single sign-on fails and shows an unauthorized message.,ACCOUNT_ACCESS
5543,The calendar shows a timeout error an hour ago.,TECHNICAL_ISSUE
9594,I changed my email address and now I cannot access my account. Thanks a lot.,ACCOUNT_ACCESS
4449,my account is blocked and i cannot do my work. thanks a lot.,ACCOUNT_ACCESS
4382,The notifications panel does not display anything after the latest update.,TECHNICAL_ISSUE
5775,I am trying to create a template but I cannot find the option. Where is it? Regards.,HOW_TO_SUPPORT
3291,"Hello team, Any documentation on how to create a new project?",HOW_TO_SUPPORT
9282,"Hi team, The verification step keeps failing when I try to sign in, since this morning. Any help would be appreciated",ACCOUNT_ACCESS
1715,"Hey, The one-time passcode takes forever to arrive and then it has expired. Thanks in advance.",ACCOUNT_ACCESS
4484,"Hello support, I would like the option to set custom roles for team members in a future release.",FEATURE_REQUEST
1765,"Hi, I would like to speak with a sales representative about enterprise options.",OTHER
9624,"Good morning, Is your service available in Brazil?",OTHER
9840,Can someone explain how to use the mobile app?,HOW_TO_SUPPORT
4964,I would like the option to set reminders on tasks in a future release. Let me know what to do.,FEATURE_REQUEST
9609,Is your service available in Brazil?,OTHER
1245,Can someone explain how to use the inbox? Thanks in advance.,HOW_TO_SUPPORT
1128,Where can I find the default dashboard?,HOW_TO_SUPPORT
3351,"Good morning, Is there a guide that shows how to change my display name?",HOW_TO_SUPPORT
5334,I would like to get in touch with the partnerships team.,OTHER
8899,"Hey, I am not able to log in from my tablet but it works on my computer.",ACCOUNT_ACCESS
4801,"Dear support team, I have some questions about your company before I proceed.",OTHER
3734,"Dear support team, The sync between my devices has stopped working",TECHNICAL_ISSUE
4509,I cannot log in on my work computer.,ACCOUNT_ACCESS
5289,I would like to get in touch with the right department. Please advise.,OTHER
3414,"Hey, I have some questions about your company before I proceed.",OTHER
2348,"Hey, Could someone give me an overview of what your company does?",OTHER
9138,"Greetings, I cannot recover my account because the security questions are not working.",ACCOUNT_ACCESS
2165,"Please refund my last payment, I did not use the service at all. Thanks in advance",BILLING_PAYMENT
5414,How do I use the analytics page to transfer ownership of a workspace?,HOW_TO_SUPPORT
2828,"Hi there, Why did the price of my annual plan go up? Regards.",BILLING_PAYMENT
4695,"Hello team, I am a student working on a school project about your product, who can I talk to?",OTHER
8014,"Not sure how to archive old projects, can you point me to the right help article? Regards.",HOW_TO_SUPPORT
9079,"Hello team, I would like insrtuctions on how to download a report.",HOW_TO_SUPPORT
3609,it would improve my workflow if i cuold filter by date range.,FEATURE_REQUEST
726,"Hello team, The password I created during sign up is not accepted at login.",ACCOUNT_ACCESS
8380,Where do I go in the mobile app to chagne my email preferences? Thanks a lot.,HOW_TO_SUPPORT
5054,Please consider adding a way to mark items as favorites,FEATURE_REQUEST
2485,"Hello, I changed my email address and now I cannot access my account.",ACCOUNT_ACCESS
6318,I need to talk to someone but I do not know what to select.,OTHER
368,It would be useful to receive biweekly progress reports by email. Please respond soon.,FEATURE_REQUEST
9415,"hi, can you tell me more about your privacy policy? please help.",OTHER
6824,"Dear support team, Where can I change my integration settings?",HOW_TO_SUPPORT
2416,"Hi there, Please add support for exporting to XML and also version history.",FEATURE_REQUEST
8776,Why did the price of my Basic plan go up?,BILLING_PAYMENT
1899,I lost my phone and cannot receive the verifciation code to sign in.,ACCOUNT_ACCESS
6382,I want to leave geenral feedback about my experience.,OTHER
5060,I would like instructions on how to change my notification settings.,HOW_TO_SUPPORT
9854,"Dear support team, Video previews will not play in the dashboard.",TECHNICAL_ISSUE
5918,I was charged for extra seats that I did not add. Regards.,BILLING_PAYMENT
4387,"Good morning, I see a spinning loader that never finishes on the analytics page.",TECHNICAL_ISSUE
769,"Good afternoon, The app crashes every time I try to refresh. Thanks a lot.",TECHNICAL_ISSUE
3921,"Greetings, Video previews will not play in the project board",TECHNICAL_ISSUE
5548,"Hey, Please credit my account for the payment error for my annual plan.",BILLING_PAYMENT
825,Could you tell me how to change my notification settings?,HOW_TO_SUPPORT
5335,"Hi team, Everything works on my computer but the notifications panel crashes on my iPad. Thanks.",TECHNICAL_ISSUE
1894,"Hi there, I cannot log into my account, it says the email address is not registered but I have used it before.",ACCOUNT_ACCESS
3016,Any documentation on how to assign a task to a colleague? Please advise.,HOW_TO_SUPPORT
3607,Please consider adding a way to set custom rloes for team members.,FEATURE_REQUEST
7736,"Hello, Uploading a Excel file gets stuck at 10 percent and never finishes.",TECHNICAL_ISSUE
9885,My account was hacked and I cannot log in anymore. Thank you.,ACCOUNT_ACCESS
9350,I wish the dashboard had a mobile widget.,FEATURE_REQUEST
3116,Do you support customers based in Japan?,OTHER
7296,"Good afternoon, I was charged after my free trial ended without any reminder.",BILLING_PAYMENT
2465,"Good morning, Is there a guide that shows how to rename a project? Please help.",HOW_TO_SUPPORT
6469,"Good morning, Please unlock my account, I entered the wrong password several times. Please advise.",ACCOUNT_ACCESS
9848,"hi there, please forward this message to sales.",OTHER
3485,"Hey, I upgraded my plan but the charge shows the wrong amount.",BILLING_PAYMENT
2512,"Hello, The payment page rejects my card and I cannot renew my Pro plan. Any help would be appreciated.",BILLING_PAYMENT
9958,Please forward this message to your press team.,OTHER
6309,"Hi team, Do you support customers based in Japan?",OTHER
9857,Please forward this message to the legal department.,OTHER
5347,I cannot log in after resetting my password. Please respond soon.,ACCOUNT_ACCESS
2532,Could you please implement passkey support in a coming update? Let me know what to do.,FEATURE_REQUEST
7026,I would like the option to add comments to reports in a future release.,FEATURE_REQUEST
8470,Can I pay by bank transfer instead of card? My card keeps getting declined. Regards.,BILLING_PAYMENT
1255,Is your service available in Kenya? Thanks in advance.,OTHER
3889,The sync button does nothing on the notifications panel.,TECHNICAL_ISSUE
7725,"dear support team, i wish the notifications panel had a search bar. thanks in advance.",FEATURE_REQUEST
9124,"i am a stduent working on a school project about your product, who can i talk to?",OTHER
4666,"Hello support, Product idea: let us duplicate an entire project. Please advise",FEATURE_REQUEST
1560,Can you walk me through how to pin a dashboard as my home page?,HOW_TO_SUPPORT
6699,"Hi there, Which page lets me manage my default dashboard?",HOW_TO_SUPPORT
5000,"Dear support team, The upload button does nothing on the search page.",TECHNICAL_ISSUE
7216,"Hello team, I am getting a blank white screen whenever I open the team page.",TECHNICAL_ISSUE
1414,"Greetings, I was charged $49 last month but I expected a different amount.",BILLING_PAYMENT
4782,"Hello support, What are the steps to connect my calendar?",HOW_TO_SUPPORT
1941,"Hi team, My colleague left the company and I need access to the admin account. Please advise.",ACCOUNT_ACCESS
8661,"Good morning, Is your service available in Nigeria?",OTHER
1144,Text is cut off and overlapping on the mobile app on my MacBook.,TECHNICAL_ISSUE
9198,Can you send me some information abuot what you offer?,OTHER
4286,"Greetings, It would be great to have keyboard shortcuts in the settings page. Let me know what to do.",FEATURE_REQUEST
7433,"Hi, I do not have access to my old email address and need to recover my account. Thank you.",ACCOUNT_ACCESS
6002,I want to leave general feedback about my experience. Any help would be appreciated.,OTHER
1409,"Hello, Please unlock my account, I entered the wrong password several times. Let me know what to do.",ACCOUNT_ACCESS
4429,"Hello support, Why is my account locked? I cannot do my work.",ACCOUNT_ACCESS
6231,"Hello team, What are the steps to pin a dashboard as my home page?",HOW_TO_SUPPORT
3189,The password reset email never arrives in my inbox. Thanks in advance.,ACCOUNT_ACCESS
1367,Could you add custom themes to the search page?,FEATURE_REQUEST
8647,"Dear support team, I cannot log in on my iPad",ACCOUNT_ACCESS
3958,Can someone explain how to use the analytics page?,HOW_TO_SUPPORT
6798,My payment was successful but my subscription is still inactive. Please help.,BILLING_PAYMENT
2769,I am stuck in a loop where the site asks me to verfiy my email again and again.,ACCOUNT_ACCESS
6234,"Hello, Where can I find the team permissions?",HOW_TO_SUPPORT
9421,"Good morning, I have a general inquiry that does not fit any of the topics. Please help.",OTHER
509,"Hi there, A pop up with a timeout error appears every time I try to share.",TECHNICAL_ISSUE
5385,"Dear support team, My session logs me out immediately after I sign in.",ACCOUNT_ACCESS
2393,Can you build a mobile widget into the billing page? Many users would benefit,FEATURE_REQUEST
5634,I got charged in the wrong currency for my Team plan.,BILLING_PAYMENT
609,"Hello team, The login code takes forever to arrive and then it has expired.",ACCOUNT_ACCESS
5661,"Good morning, Thnak you for your help, everything is fine now.",OTHER
3931,"Hello, Search returns no results even for items that I know exist.",TECHNICAL_ISSUE
4009,Please forward this message to the partnerships team. Any help would be appreciated.,OTHER
8671,"Hey, Which menu do I use to set up my workspace for the first time?",HOW_TO_SUPPORT
5421,Is your serivce available in Australia?,OTHER
4554,"Greetings, Payment status says pending for days, and my subscription is still not active. Thanks.",BILLING_PAYMENT
7635,"Hi team, I would like to get in touch with sales.",OTHER
9117,Can you explain how to link my account to Slack?,HOW_TO_SUPPORT
3922,"hi there, i have been overcharged this month, please look into my billing.",BILLING_PAYMENT
3896,I want to report something that does not fit any category. Regards.,OTHER
5715,The export button does nothing on the proflie page,TECHNICAL_ISSUE
7431,"Hello support, I got a new phone and my authenticator app no longer works, so I cannot log in. Thanks in advance.",ACCOUNT_ACCESS
8265,I was charged EUR 39 this week but I expected a different amount.,BILLING_PAYMENT
7568,Are you currently hiring? Any help would be appreciated.,OTHER
5287,"My subscription renewed automatically and I did not want that, please refund me. Thanks.",BILLING_PAYMENT
1149,I wish the calendar had a compact layout.,FEATURE_REQUEST
3523,"Good morning, The payment went through but I did not get a confirmation and my account is not upgraded.",BILLING_PAYMENT
1027,I would like to know who I should contact regarding a collaboration. Let me know what to do.,OTHER
5787,"Hi there, Is there someone I can meet in person to talk about your product?",OTHER
614,I need to talk to someone but I do not know what to select. Thank you.,OTHER
7185,Where do I go in the settings page to change my workspace name? Please help.,HOW_TO_SUPPORT
9389,Where do I go in the task list to change my notification settings?,HOW_TO_SUPPORT
2792,Where can I change my saved filters? Let me know what to do.,HOW_TO_SUPPORT
2821,"Good afternoon, Hello, is anyone there?",OTHER
4045,The login code never arrives in my inbox. Please help.,ACCOUNT_ACCESS
1154,"Hi there, I was charged after my free trial ended without any reminder.",BILLING_PAYMENT
8678,"Good afternoon, Unable to sign in on Chrome, it just keeps reloading the login page. Thanks a lot.",ACCOUNT_ACCESS
2028,Images are not displaying correctly on the mobile app in Edge. Any help would be appreciated,TECHNICAL_ISSUE
4642,I would like to know who I sohuld contact regarding a collaboration.,OTHER
5952,What are your bsuiness hours?,OTHER
9469,I am trying to download a report but I cannot find the option. Where is it?,HOW_TO_SUPPORT
1987,"Hello support, I am stuck in a loop where the site asks me to verify my email again and again. Thanks a lot.",ACCOUNT_ACCESS
7479,"Good afternoon, How did your company start? I am curious.",OTHER
6015,"Hey, How do I use the profile page to add a comment to a task",HOW_TO_SUPPORT
2909,"Hi team, Please send an invoice for my latest Premium subscription payment.",BILLING_PAYMENT
7359,"Dear support team, I would love to see an integration with HubSpot.",FEATURE_REQUEST
9868,"Add keyboard shortcuts please, it is missing from the inbox",FEATURE_REQUEST
8922,After I reset my password the new one is not accepted. Any help would be appreciated.,ACCOUNT_ACCESS
5154,Can someone contact me about an issue? Thank you.,OTHER
8743,"Hey, Can you recommend which team I should contact for my request?",OTHER
5506,"Greetings, Notifications are not being delivered to my phone.",TECHNICAL_ISSUE
6869,Are you planning to release a kanban view in the future,FEATURE_REQUEST
3601,The sync button does nothing on the project board.,TECHNICAL_ISSUE
252,"Good afternoon, Are you planning to release a favorites list in the future?",FEATURE_REQUEST
6086,"Add a favorites list please, it is missing from the dashboard. Please respond soon",FEATURE_REQUEST
7927,"hello support, the autosave is broken and my work was lost since this morning. thank you.",TECHNICAL_ISSUE
6250,"Hello team, Is there someone I can meet in person to talk about your product?",OTHER
5181,Would it be possible to mark items as favorites? That would save us a lot of time.,FEATURE_REQUEST
9077,Please let us export invoices to PowerPoint.,FEATURE_REQUEST
